Analysis & Synthesis report for cnn_vibration_monior_10M08
Thu Aug  7 14:35:22 2025
Quartus Prime Version 23.1std.1 Build 993 05/14/2024 SC Lite Edition


---------------------
; Table of Contents ;
---------------------
  1. Legal Notice
  2. Analysis & Synthesis Summary
  3. Analysis & Synthesis Settings
  4. Parallel Compilation
  5. Analysis & Synthesis Source Files Read
  6. Analysis & Synthesis Resource Usage Summary
  7. Analysis & Synthesis Resource Utilization by Entity
  8. Analysis & Synthesis RAM Summary
  9. Analysis & Synthesis DSP Block Usage Summary
 10. Analysis & Synthesis IP Cores Summary
 11. State Machine - |cnn_vibration_monitor_10M08|adc:u0|adc_modular_adc_0:modular_adc_0|altera_modular_adc_control:control_internal|altera_modular_adc_control_fsm:u_control_fsm|ctrl_state
 12. Registers Protected by Synthesis
 13. Registers Removed During Synthesis
 14. Removed Registers Triggering Further Register Optimizations
 15. General Register Statistics
 16. Inverted Register Statistics
 17. Multiplexer Restructuring Statistics (Restructuring Performed)
 18. Source assignments for m08_cnn1d:cnn1d|conv1d_layer:conv1d_layer|sp_ram:conv1d_weights|altsyncram:altsyncram_component|altsyncram_mck1:auto_generated
 19. Source assignments for m08_cnn1d:cnn1d|conv1d_layer:conv1d_layer|sp_ram:conv1d_biases|altsyncram:altsyncram_component|altsyncram_57k1:auto_generated
 20. Source assignments for m08_cnn1d:cnn1d|conv1d_layer:conv1d_layer|conv1d:CONVOLUTION_1D[0].conv1d|mult_reduce:multiply_reduce|mult:multiplier|lpm_mult:lpm_mult_component|mult_4ms:auto_generated
 21. Source assignments for m08_cnn1d:cnn1d|conv1d_layer:conv1d_layer|conv1d:CONVOLUTION_1D[1].conv1d|mult_reduce:multiply_reduce|mult:multiplier|lpm_mult:lpm_mult_component|mult_4ms:auto_generated
 22. Source assignments for m08_cnn1d:cnn1d|nrn_layer:fc_1|sp_ram_clken:in_buf|altsyncram:altsyncram_component|altsyncram_i0g1:auto_generated
 23. Source assignments for m08_cnn1d:cnn1d|nrn_layer:fc_1|sp_ram_clken:nrn_ram|altsyncram:altsyncram_component|altsyncram_q3l1:auto_generated
 24. Source assignments for m08_cnn1d:cnn1d|nrn_layer:fc_1|mult_reduce:mult_reduce|mult:multiplier|lpm_mult:lpm_mult_component|mult_4ms:auto_generated
 25. Source assignments for m08_cnn1d:cnn1d|nrn_layer:fc_2|sp_ram_clken:in_buf|altsyncram:altsyncram_component|altsyncram_i0g1:auto_generated
 26. Source assignments for m08_cnn1d:cnn1d|nrn_layer:fc_2|sp_ram_clken:nrn_ram|altsyncram:altsyncram_component|altsyncram_p3l1:auto_generated
 27. Source assignments for m08_cnn1d:cnn1d|nrn_layer:fc_2|mult_reduce:mult_reduce|mult:multiplier|lpm_mult:lpm_mult_component|mult_4ms:auto_generated
 28. Source assignments for adc:u0|adc_altpll_0:altpll_0
 29. Source assignments for adc:u0|adc_altpll_0:altpll_0|adc_altpll_0_stdsync_sv6:stdsync2|adc_altpll_0_dffpipe_l2c:dffpipe3
 30. Source assignments for adc:u0|adc_modular_adc_0:modular_adc_0|altera_modular_adc_control:control_internal|altera_modular_adc_control_fsm:u_control_fsm|altera_std_synchronizer:u_clk_dft_synchronizer
 31. Source assignments for adc:u0|adc_modular_adc_0:modular_adc_0|altera_modular_adc_control:control_internal|altera_modular_adc_control_fsm:u_control_fsm|altera_std_synchronizer:u_eoc_synchronizer
 32. Source assignments for adc:u0|adc_modular_adc_0:modular_adc_0|altera_modular_adc_control:control_internal|altera_modular_adc_control_fsm:u_control_fsm|altera_modular_adc_control_avrg_fifo:ts_avrg_fifo|scfifo:scfifo_component|scfifo_do61:auto_generated|a_dpfifo_3k41:dpfifo|altsyncram_rmn1:FIFOram
 33. Source assignments for adc:u0|altera_reset_controller:rst_controller|altera_reset_synchronizer:alt_rst_sync_uq1
 34. Source assignments for adc:u0|altera_reset_controller:rst_controller|altera_reset_synchronizer:alt_rst_req_sync_uq1
 35. Parameter Settings for User Entity Instance: m10_adc2axi:adc2axi
 36. Parameter Settings for User Entity Instance: m10_adc2axi:adc2axi|s2p:s2p
 37. Parameter Settings for User Entity Instance: m08_cnn1d:cnn1d
 38. Parameter Settings for User Entity Instance: m08_cnn1d:cnn1d|subsample:subsample_ch1
 39. Parameter Settings for User Entity Instance: m08_cnn1d:cnn1d|subsample:subsample_ch3
 40. Parameter Settings for User Entity Instance: m08_cnn1d:cnn1d|conv1d_layer:conv1d_layer
 41. Parameter Settings for User Entity Instance: m08_cnn1d:cnn1d|conv1d_layer:conv1d_layer|sp_ram:conv1d_weights
 42. Parameter Settings for User Entity Instance: m08_cnn1d:cnn1d|conv1d_layer:conv1d_layer|sp_ram:conv1d_weights|altsyncram:altsyncram_component
 43. Parameter Settings for User Entity Instance: m08_cnn1d:cnn1d|conv1d_layer:conv1d_layer|sp_ram:conv1d_biases
 44. Parameter Settings for User Entity Instance: m08_cnn1d:cnn1d|conv1d_layer:conv1d_layer|sp_ram:conv1d_biases|altsyncram:altsyncram_component
 45. Parameter Settings for User Entity Instance: m08_cnn1d:cnn1d|conv1d_layer:conv1d_layer|conv1d:CONVOLUTION_1D[0].conv1d
 46. Parameter Settings for User Entity Instance: m08_cnn1d:cnn1d|conv1d_layer:conv1d_layer|conv1d:CONVOLUTION_1D[0].conv1d|p2s:parallel_to_serial
 47. Parameter Settings for User Entity Instance: m08_cnn1d:cnn1d|conv1d_layer:conv1d_layer|conv1d:CONVOLUTION_1D[0].conv1d|mult_reduce:multiply_reduce
 48. Parameter Settings for User Entity Instance: m08_cnn1d:cnn1d|conv1d_layer:conv1d_layer|conv1d:CONVOLUTION_1D[0].conv1d|mult_reduce:multiply_reduce|mult:multiplier
 49. Parameter Settings for User Entity Instance: m08_cnn1d:cnn1d|conv1d_layer:conv1d_layer|conv1d:CONVOLUTION_1D[0].conv1d|mult_reduce:multiply_reduce|mult:multiplier|lpm_mult:lpm_mult_component
 50. Parameter Settings for User Entity Instance: m08_cnn1d:cnn1d|conv1d_layer:conv1d_layer|conv1d:CONVOLUTION_1D[1].conv1d
 51. Parameter Settings for User Entity Instance: m08_cnn1d:cnn1d|conv1d_layer:conv1d_layer|conv1d:CONVOLUTION_1D[1].conv1d|p2s:parallel_to_serial
 52. Parameter Settings for User Entity Instance: m08_cnn1d:cnn1d|conv1d_layer:conv1d_layer|conv1d:CONVOLUTION_1D[1].conv1d|mult_reduce:multiply_reduce
 53. Parameter Settings for User Entity Instance: m08_cnn1d:cnn1d|conv1d_layer:conv1d_layer|conv1d:CONVOLUTION_1D[1].conv1d|mult_reduce:multiply_reduce|mult:multiplier
 54. Parameter Settings for User Entity Instance: m08_cnn1d:cnn1d|conv1d_layer:conv1d_layer|conv1d:CONVOLUTION_1D[1].conv1d|mult_reduce:multiply_reduce|mult:multiplier|lpm_mult:lpm_mult_component
 55. Parameter Settings for User Entity Instance: m08_cnn1d:cnn1d|activation_layer:relu_layer
 56. Parameter Settings for User Entity Instance: m08_cnn1d:cnn1d|activation_layer:relu_layer|relu:RELU[0].relu
 57. Parameter Settings for User Entity Instance: m08_cnn1d:cnn1d|activation_layer:relu_layer|relu:RELU[1].relu
 58. Parameter Settings for User Entity Instance: m08_cnn1d:cnn1d|gavgpool_layer:gavgpool_layer
 59. Parameter Settings for User Entity Instance: m08_cnn1d:cnn1d|gavgpool_layer:gavgpool_layer|gavgpool:GLOBAL_AVERAGE_POOLING[0].gavgpool
 60. Parameter Settings for User Entity Instance: m08_cnn1d:cnn1d|gavgpool_layer:gavgpool_layer|gavgpool:GLOBAL_AVERAGE_POOLING[0].gavgpool|accum:accumulator
 61. Parameter Settings for User Entity Instance: m08_cnn1d:cnn1d|gavgpool_layer:gavgpool_layer|gavgpool:GLOBAL_AVERAGE_POOLING[1].gavgpool
 62. Parameter Settings for User Entity Instance: m08_cnn1d:cnn1d|gavgpool_layer:gavgpool_layer|gavgpool:GLOBAL_AVERAGE_POOLING[1].gavgpool|accum:accumulator
 63. Parameter Settings for User Entity Instance: m08_cnn1d:cnn1d|p2s:p2s
 64. Parameter Settings for User Entity Instance: m08_cnn1d:cnn1d|nrn_layer:fc_1
 65. Parameter Settings for User Entity Instance: m08_cnn1d:cnn1d|nrn_layer:fc_1|sp_ram_clken:in_buf
 66. Parameter Settings for User Entity Instance: m08_cnn1d:cnn1d|nrn_layer:fc_1|sp_ram_clken:in_buf|altsyncram:altsyncram_component
 67. Parameter Settings for User Entity Instance: m08_cnn1d:cnn1d|nrn_layer:fc_1|sp_ram_clken:nrn_ram
 68. Parameter Settings for User Entity Instance: m08_cnn1d:cnn1d|nrn_layer:fc_1|sp_ram_clken:nrn_ram|altsyncram:altsyncram_component
 69. Parameter Settings for User Entity Instance: m08_cnn1d:cnn1d|nrn_layer:fc_1|mult_reduce:mult_reduce
 70. Parameter Settings for User Entity Instance: m08_cnn1d:cnn1d|nrn_layer:fc_1|mult_reduce:mult_reduce|mult:multiplier
 71. Parameter Settings for User Entity Instance: m08_cnn1d:cnn1d|nrn_layer:fc_1|mult_reduce:mult_reduce|mult:multiplier|lpm_mult:lpm_mult_component
 72. Parameter Settings for User Entity Instance: m08_cnn1d:cnn1d|nrn_layer:fc_1|relu:relu
 73. Parameter Settings for User Entity Instance: m08_cnn1d:cnn1d|nrn_layer:fc_2
 74. Parameter Settings for User Entity Instance: m08_cnn1d:cnn1d|nrn_layer:fc_2|sp_ram_clken:in_buf
 75. Parameter Settings for User Entity Instance: m08_cnn1d:cnn1d|nrn_layer:fc_2|sp_ram_clken:in_buf|altsyncram:altsyncram_component
 76. Parameter Settings for User Entity Instance: m08_cnn1d:cnn1d|nrn_layer:fc_2|sp_ram_clken:nrn_ram
 77. Parameter Settings for User Entity Instance: m08_cnn1d:cnn1d|nrn_layer:fc_2|sp_ram_clken:nrn_ram|altsyncram:altsyncram_component
 78. Parameter Settings for User Entity Instance: m08_cnn1d:cnn1d|nrn_layer:fc_2|mult_reduce:mult_reduce
 79. Parameter Settings for User Entity Instance: m08_cnn1d:cnn1d|nrn_layer:fc_2|mult_reduce:mult_reduce|mult:multiplier
 80. Parameter Settings for User Entity Instance: m08_cnn1d:cnn1d|nrn_layer:fc_2|mult_reduce:mult_reduce|mult:multiplier|lpm_mult:lpm_mult_component
 81. Parameter Settings for User Entity Instance: m08_cnn1d:cnn1d|nrn_layer:fc_2|relu:relu
 82. Parameter Settings for User Entity Instance: m08_cnn1d:cnn1d|s2p:s2p
 83. Parameter Settings for User Entity Instance: adc:u0|adc_modular_adc_0:modular_adc_0|altera_modular_adc_control:control_internal
 84. Parameter Settings for User Entity Instance: adc:u0|adc_modular_adc_0:modular_adc_0|altera_modular_adc_control:control_internal|altera_modular_adc_control_fsm:u_control_fsm
 85. Parameter Settings for User Entity Instance: adc:u0|adc_modular_adc_0:modular_adc_0|altera_modular_adc_control:control_internal|altera_modular_adc_control_fsm:u_control_fsm|altera_std_synchronizer:u_clk_dft_synchronizer
 86. Parameter Settings for User Entity Instance: adc:u0|adc_modular_adc_0:modular_adc_0|altera_modular_adc_control:control_internal|altera_modular_adc_control_fsm:u_control_fsm|altera_std_synchronizer:u_eoc_synchronizer
 87. Parameter Settings for User Entity Instance: adc:u0|adc_modular_adc_0:modular_adc_0|altera_modular_adc_control:control_internal|altera_modular_adc_control_fsm:u_control_fsm|altera_modular_adc_control_avrg_fifo:ts_avrg_fifo|scfifo:scfifo_component
 88. Parameter Settings for User Entity Instance: adc:u0|adc_modular_adc_0:modular_adc_0|altera_modular_adc_control:control_internal|fiftyfivenm_adcblock_top_wrapper:adc_inst
 89. Parameter Settings for User Entity Instance: adc:u0|adc_modular_adc_0:modular_adc_0|altera_modular_adc_control:control_internal|fiftyfivenm_adcblock_top_wrapper:adc_inst|chsel_code_converter_sw_to_hw:decoder
 90. Parameter Settings for User Entity Instance: adc:u0|adc_modular_adc_0:modular_adc_0|altera_modular_adc_control:control_internal|fiftyfivenm_adcblock_top_wrapper:adc_inst|fiftyfivenm_adcblock_primitive_wrapper:adcblock_instance
 91. Parameter Settings for User Entity Instance: adc:u0|altera_reset_controller:rst_controller
 92. Parameter Settings for User Entity Instance: adc:u0|altera_reset_controller:rst_controller|altera_reset_synchronizer:alt_rst_sync_uq1
 93. Parameter Settings for User Entity Instance: adc:u0|altera_reset_controller:rst_controller|altera_reset_synchronizer:alt_rst_req_sync_uq1
 94. altsyncram Parameter Settings by Entity Instance
 95. lpm_mult Parameter Settings by Entity Instance
 96. scfifo Parameter Settings by Entity Instance
 97. Port Connectivity Checks: "adc:u0|altera_reset_controller:rst_controller|altera_reset_synchronizer:alt_rst_req_sync_uq1"
 98. Port Connectivity Checks: "adc:u0|altera_reset_controller:rst_controller"
 99. Port Connectivity Checks: "adc:u0|adc_modular_adc_0:modular_adc_0|altera_modular_adc_control:control_internal|altera_modular_adc_control_fsm:u_control_fsm|altera_modular_adc_control_avrg_fifo:ts_avrg_fifo"
100. Port Connectivity Checks: "adc:u0|adc_modular_adc_0:modular_adc_0|altera_modular_adc_control:control_internal"
101. Port Connectivity Checks: "adc:u0|adc_altpll_0:altpll_0|adc_altpll_0_altpll_6b92:sd1"
102. Port Connectivity Checks: "adc:u0|adc_altpll_0:altpll_0"
103. Port Connectivity Checks: "adc:u0"
104. Port Connectivity Checks: "m08_cnn1d:cnn1d|nrn_layer:fc_2|mult_reduce:mult_reduce"
105. Port Connectivity Checks: "m08_cnn1d:cnn1d|nrn_layer:fc_2|sp_ram_clken:nrn_ram"
106. Port Connectivity Checks: "m08_cnn1d:cnn1d|nrn_layer:fc_1|mult_reduce:mult_reduce"
107. Port Connectivity Checks: "m08_cnn1d:cnn1d|nrn_layer:fc_1|sp_ram_clken:nrn_ram"
108. Port Connectivity Checks: "m08_cnn1d:cnn1d|gavgpool_layer:gavgpool_layer|gavgpool:GLOBAL_AVERAGE_POOLING[0].gavgpool|accum:accumulator"
109. Port Connectivity Checks: "m08_cnn1d:cnn1d|conv1d_layer:conv1d_layer|conv1d:CONVOLUTION_1D[0].conv1d|mult_reduce:multiply_reduce"
110. Port Connectivity Checks: "m08_cnn1d:cnn1d|conv1d_layer:conv1d_layer|sp_ram:conv1d_biases"
111. Port Connectivity Checks: "m08_cnn1d:cnn1d|conv1d_layer:conv1d_layer|sp_ram:conv1d_weights"
112. Port Connectivity Checks: "m08_cnn1d:cnn1d|conv1d_layer:conv1d_layer"
113. Port Connectivity Checks: "m08_cnn1d:cnn1d"
114. Port Connectivity Checks: "m10_adc2axi:adc2axi|s2p:s2p"
115. Post-Synthesis Netlist Statistics for Top Partition
116. Elapsed Time Per Partition
117. Analysis & Synthesis Messages
118. Analysis & Synthesis Suppressed Messages



----------------
; Legal Notice ;
----------------
Copyright (C) 2024  Intel Corporation. All rights reserved.
Your use of Intel Corporation's design tools, logic functions 
and other software and tools, and any partner logic 
functions, and any output files from any of the foregoing 
(including device programming or simulation files), and any 
associated documentation or information are expressly subject 
to the terms and conditions of the Intel Program License 
Subscription Agreement, the Intel Quartus Prime License Agreement,
the Intel FPGA IP License Agreement, or other applicable license
agreement, including, without limitation, that your use is for
the sole purpose of programming logic devices manufactured by
Intel and sold by Intel or its authorized distributors.  Please
refer to the applicable agreement for further details, at
https://fpgasoftware.intel.com/eula.



+-------------------------------------------------------------------------------------+
; Analysis & Synthesis Summary                                                        ;
+------------------------------------+------------------------------------------------+
; Analysis & Synthesis Status        ; Successful - Thu Aug  7 14:35:22 2025          ;
; Quartus Prime Version              ; 23.1std.1 Build 993 05/14/2024 SC Lite Edition ;
; Revision Name                      ; cnn_vibration_monior_10M08                     ;
; Top-level Entity Name              ; cnn_vibration_monitor_10M08                    ;
; Family                             ; MAX 10                                         ;
; Total logic elements               ; 2,228                                          ;
;     Total combinational functions  ; 1,161                                          ;
;     Dedicated logic registers      ; 1,758                                          ;
; Total registers                    ; 1758                                           ;
; Total pins                         ; 12                                             ;
; Total virtual pins                 ; 0                                              ;
; Total memory bits                  ; 3,600                                          ;
; Embedded Multiplier 9-bit elements ; 24                                             ;
; Total PLLs                         ; 1                                              ;
; UFM blocks                         ; 0                                              ;
; ADC blocks                         ; 1                                              ;
+------------------------------------+------------------------------------------------+


+-----------------------------------------------------------------------------------------------------------------------------+
; Analysis & Synthesis Settings                                                                                               ;
+------------------------------------------------------------------+-----------------------------+----------------------------+
; Option                                                           ; Setting                     ; Default Value              ;
+------------------------------------------------------------------+-----------------------------+----------------------------+
; Device                                                           ; 10M08SAE144I7G              ;                            ;
; Top-level entity name                                            ; cnn_vibration_monitor_10M08 ; cnn_vibration_monior_10M08 ;
; Family name                                                      ; MAX 10                      ; Cyclone V                  ;
; Power Optimization During Synthesis                              ; Extra effort                ; Normal compilation         ;
; Use smart compilation                                            ; Off                         ; Off                        ;
; Enable parallel Assembler and Timing Analyzer during compilation ; On                          ; On                         ;
; Enable compact report table                                      ; Off                         ; Off                        ;
; Restructure Multiplexers                                         ; Auto                        ; Auto                       ;
; Create Debugging Nodes for IP Cores                              ; Off                         ; Off                        ;
; Preserve fewer node names                                        ; On                          ; On                         ;
; Intel FPGA IP Evaluation Mode                                    ; Enable                      ; Enable                     ;
; Verilog Version                                                  ; Verilog_2001                ; Verilog_2001               ;
; VHDL Version                                                     ; VHDL_1993                   ; VHDL_1993                  ;
; State Machine Processing                                         ; Auto                        ; Auto                       ;
; Safe State Machine                                               ; Off                         ; Off                        ;
; Extract Verilog State Machines                                   ; On                          ; On                         ;
; Extract VHDL State Machines                                      ; On                          ; On                         ;
; Ignore Verilog initial constructs                                ; Off                         ; Off                        ;
; Iteration limit for constant Verilog loops                       ; 5000                        ; 5000                       ;
; Iteration limit for non-constant Verilog loops                   ; 250                         ; 250                        ;
; Add Pass-Through Logic to Inferred RAMs                          ; On                          ; On                         ;
; Infer RAMs from Raw Logic                                        ; On                          ; On                         ;
; Parallel Synthesis                                               ; On                          ; On                         ;
; DSP Block Balancing                                              ; Auto                        ; Auto                       ;
; NOT Gate Push-Back                                               ; On                          ; On                         ;
; Power-Up Don't Care                                              ; On                          ; On                         ;
; Remove Redundant Logic Cells                                     ; Off                         ; Off                        ;
; Remove Duplicate Registers                                       ; On                          ; On                         ;
; Ignore CARRY Buffers                                             ; Off                         ; Off                        ;
; Ignore CASCADE Buffers                                           ; Off                         ; Off                        ;
; Ignore GLOBAL Buffers                                            ; Off                         ; Off                        ;
; Ignore ROW GLOBAL Buffers                                        ; Off                         ; Off                        ;
; Ignore LCELL Buffers                                             ; Off                         ; Off                        ;
; Ignore SOFT Buffers                                              ; On                          ; On                         ;
; Limit AHDL Integers to 32 Bits                                   ; Off                         ; Off                        ;
; Optimization Technique                                           ; Balanced                    ; Balanced                   ;
; Carry Chain Length                                               ; 70                          ; 70                         ;
; Auto Carry Chains                                                ; On                          ; On                         ;
; Auto Open-Drain Pins                                             ; On                          ; On                         ;
; Perform WYSIWYG Primitive Resynthesis                            ; Off                         ; Off                        ;
; Auto ROM Replacement                                             ; On                          ; On                         ;
; Auto RAM Replacement                                             ; On                          ; On                         ;
; Auto DSP Block Replacement                                       ; On                          ; On                         ;
; Auto Shift Register Replacement                                  ; Auto                        ; Auto                       ;
; Allow Shift Register Merging across Hierarchies                  ; Auto                        ; Auto                       ;
; Auto Clock Enable Replacement                                    ; On                          ; On                         ;
; Strict RAM Replacement                                           ; Off                         ; Off                        ;
; Allow Synchronous Control Signals                                ; On                          ; On                         ;
; Force Use of Synchronous Clear Signals                           ; Off                         ; Off                        ;
; Auto RAM Block Balancing                                         ; On                          ; On                         ;
; Auto RAM to Logic Cell Conversion                                ; Off                         ; Off                        ;
; Auto Resource Sharing                                            ; Off                         ; Off                        ;
; Allow Any RAM Size For Recognition                               ; Off                         ; Off                        ;
; Allow Any ROM Size For Recognition                               ; Off                         ; Off                        ;
; Allow Any Shift Register Size For Recognition                    ; Off                         ; Off                        ;
; Use LogicLock Constraints during Resource Balancing              ; On                          ; On                         ;
; Ignore translate_off and synthesis_off directives                ; Off                         ; Off                        ;
; Timing-Driven Synthesis                                          ; On                          ; On                         ;
; Report Parameter Settings                                        ; On                          ; On                         ;
; Report Source Assignments                                        ; On                          ; On                         ;
; Report Connectivity Checks                                       ; On                          ; On                         ;
; Ignore Maximum Fan-Out Assignments                               ; Off                         ; Off                        ;
; Synchronization Register Chain Length                            ; 2                           ; 2                          ;
; HDL message level                                                ; Level2                      ; Level2                     ;
; Suppress Register Optimization Related Messages                  ; Off                         ; Off                        ;
; Number of Removed Registers Reported in Synthesis Report         ; 5000                        ; 5000                       ;
; Number of Swept Nodes Reported in Synthesis Report               ; 5000                        ; 5000                       ;
; Number of Inverted Registers Reported in Synthesis Report        ; 100                         ; 100                        ;
; Clock MUX Protection                                             ; On                          ; On                         ;
; Auto Gated Clock Conversion                                      ; Off                         ; Off                        ;
; Block Design Naming                                              ; Auto                        ; Auto                       ;
; SDC constraint protection                                        ; Off                         ; Off                        ;
; Synthesis Effort                                                 ; Auto                        ; Auto                       ;
; Shift Register Replacement - Allow Asynchronous Clear Signal     ; On                          ; On                         ;
; Pre-Mapping Resynthesis Optimization                             ; Off                         ; Off                        ;
; Analysis & Synthesis Message Level                               ; Medium                      ; Medium                     ;
; Disable Register Merging Across Hierarchies                      ; Auto                        ; Auto                       ;
; Resource Aware Inference For Block RAM                           ; On                          ; On                         ;
+------------------------------------------------------------------+-----------------------------+----------------------------+


+------------------------------------------+
; Parallel Compilation                     ;
+----------------------------+-------------+
; Processors                 ; Number      ;
+----------------------------+-------------+
; Number detected on machine ; 24          ;
; Maximum allowed            ; 8           ;
;                            ;             ;
; Average used               ; 1.00        ;
; Maximum used               ; 8           ;
;                            ;             ;
; Usage by Processor         ; % Time Used ;
;     Processor 1            ; 100.0%      ;
;     Processor 2            ;   0.0%      ;
;     Processor 3            ;   0.0%      ;
;     Processor 4            ;   0.0%      ;
;     Processor 5            ;   0.0%      ;
;     Processor 6            ;   0.0%      ;
;     Processor 7            ;   0.0%      ;
;     Processor 8            ;   0.0%      ;
+----------------------------+-------------+


+--------------------------------------------------------------------------------------------------------------------------------------------------------------------------------------------------------------------------------------------------------------------------------------------------------------------------------------------------+
; Analysis & Synthesis Source Files Read                                                                                                                                                                                                                                                                                                           ;
+--------------------------------------------------------------------------------------------------------------------------------------+-----------------+----------------------------------------+--------------------------------------------------------------------------------------------------------------------------------------+---------+
; File Name with User-Entered Path                                                                                                     ; Used in Netlist ; File Type                              ; File Name with Absolute Path                                                                                                         ; Library ;
+--------------------------------------------------------------------------------------------------------------------------------------+-----------------+----------------------------------------+--------------------------------------------------------------------------------------------------------------------------------------+---------+
; ../../ip/sp_ram_clken.v                                                                                                              ; yes             ; User Wizard-Generated File             ; E:/UoB/VibeAI/1dcnn/ip/sp_ram_clken.v                                                                                                ;         ;
; ../../src/s2p.sv                                                                                                                     ; yes             ; User SystemVerilog HDL File            ; E:/UoB/VibeAI/1dcnn/src/s2p.sv                                                                                                       ;         ;
; ../../src/nrn_layer.sv                                                                                                               ; yes             ; User SystemVerilog HDL File            ; E:/UoB/VibeAI/1dcnn/src/nrn_layer.sv                                                                                                 ;         ;
; ../../src/m10_adc2axi.sv                                                                                                             ; yes             ; User SystemVerilog HDL File            ; E:/UoB/VibeAI/1dcnn/src/m10_adc2axi.sv                                                                                               ;         ;
; ../../top/m08_cnn1d.sv                                                                                                               ; yes             ; User SystemVerilog HDL File            ; E:/UoB/VibeAI/1dcnn/top/m08_cnn1d.sv                                                                                                 ;         ;
; ../../src/subsample.sv                                                                                                               ; yes             ; User SystemVerilog HDL File            ; E:/UoB/VibeAI/1dcnn/src/subsample.sv                                                                                                 ;         ;
; ../../src/relu.sv                                                                                                                    ; yes             ; User SystemVerilog HDL File            ; E:/UoB/VibeAI/1dcnn/src/relu.sv                                                                                                      ;         ;
; ../../src/p2s.sv                                                                                                                     ; yes             ; User SystemVerilog HDL File            ; E:/UoB/VibeAI/1dcnn/src/p2s.sv                                                                                                       ;         ;
; ../../src/mult_reduce.sv                                                                                                             ; yes             ; User SystemVerilog HDL File            ; E:/UoB/VibeAI/1dcnn/src/mult_reduce.sv                                                                                               ;         ;
; ../../src/gavgpool_layer.sv                                                                                                          ; yes             ; User SystemVerilog HDL File            ; E:/UoB/VibeAI/1dcnn/src/gavgpool_layer.sv                                                                                            ;         ;
; ../../src/gavgpool.sv                                                                                                                ; yes             ; User SystemVerilog HDL File            ; E:/UoB/VibeAI/1dcnn/src/gavgpool.sv                                                                                                  ;         ;
; ../../src/conv1d_layer.sv                                                                                                            ; yes             ; User SystemVerilog HDL File            ; E:/UoB/VibeAI/1dcnn/src/conv1d_layer.sv                                                                                              ;         ;
; ../../src/conv1d.sv                                                                                                                  ; yes             ; User SystemVerilog HDL File            ; E:/UoB/VibeAI/1dcnn/src/conv1d.sv                                                                                                    ;         ;
; ../../src/activation_layer.sv                                                                                                        ; yes             ; User SystemVerilog HDL File            ; E:/UoB/VibeAI/1dcnn/src/activation_layer.sv                                                                                          ;         ;
; ../../src/accum.sv                                                                                                                   ; yes             ; User SystemVerilog HDL File            ; E:/UoB/VibeAI/1dcnn/src/accum.sv                                                                                                     ;         ;
; ../../pkg/cnn1d_pkg.sv                                                                                                               ; yes             ; User SystemVerilog HDL File            ; E:/UoB/VibeAI/1dcnn/pkg/cnn1d_pkg.sv                                                                                                 ;         ;
; ../../ip/sp_ram.v                                                                                                                    ; yes             ; User Wizard-Generated File             ; E:/UoB/VibeAI/1dcnn/ip/sp_ram.v                                                                                                      ;         ;
; ../../ip/mult.v                                                                                                                      ; yes             ; User Wizard-Generated File             ; E:/UoB/VibeAI/1dcnn/ip/mult.v                                                                                                        ;         ;
; cnn_vibration_monitor_10M08.sv                                                                                                       ; yes             ; User SystemVerilog HDL File            ; E:/UoB/VibeAI/1dcnn/quartus/cnn_vibration_monitor_example_design_10M08/cnn_vibration_monitor_10M08.sv                                ;         ;
; e:/uob/vibeai/1dcnn/quartus/cnn_vibration_monitor_example_design_10m08/db/ip/adc/adc.v                                               ; yes             ; Auto-Found Verilog HDL File            ; e:/uob/vibeai/1dcnn/quartus/cnn_vibration_monitor_example_design_10m08/db/ip/adc/adc.v                                               ; adc     ;
; e:/uob/vibeai/1dcnn/quartus/cnn_vibration_monitor_example_design_10m08/db/ip/adc/submodules/adc_altpll_0.v                           ; yes             ; Auto-Found Verilog HDL File            ; e:/uob/vibeai/1dcnn/quartus/cnn_vibration_monitor_example_design_10m08/db/ip/adc/submodules/adc_altpll_0.v                           ; adc     ;
; e:/uob/vibeai/1dcnn/quartus/cnn_vibration_monitor_example_design_10m08/db/ip/adc/submodules/adc_modular_adc_0.v                      ; yes             ; Auto-Found Verilog HDL File            ; e:/uob/vibeai/1dcnn/quartus/cnn_vibration_monitor_example_design_10m08/db/ip/adc/submodules/adc_modular_adc_0.v                      ; adc     ;
; e:/uob/vibeai/1dcnn/quartus/cnn_vibration_monitor_example_design_10m08/db/ip/adc/submodules/altera_modular_adc_control.v             ; yes             ; Auto-Found Verilog HDL File            ; e:/uob/vibeai/1dcnn/quartus/cnn_vibration_monitor_example_design_10m08/db/ip/adc/submodules/altera_modular_adc_control.v             ; adc     ;
; e:/uob/vibeai/1dcnn/quartus/cnn_vibration_monitor_example_design_10m08/db/ip/adc/submodules/altera_modular_adc_control_avrg_fifo.v   ; yes             ; Auto-Found Verilog HDL File            ; e:/uob/vibeai/1dcnn/quartus/cnn_vibration_monitor_example_design_10m08/db/ip/adc/submodules/altera_modular_adc_control_avrg_fifo.v   ; adc     ;
; e:/uob/vibeai/1dcnn/quartus/cnn_vibration_monitor_example_design_10m08/db/ip/adc/submodules/altera_modular_adc_control_fsm.v         ; yes             ; Auto-Found Verilog HDL File            ; e:/uob/vibeai/1dcnn/quartus/cnn_vibration_monitor_example_design_10m08/db/ip/adc/submodules/altera_modular_adc_control_fsm.v         ; adc     ;
; e:/uob/vibeai/1dcnn/quartus/cnn_vibration_monitor_example_design_10m08/db/ip/adc/submodules/altera_reset_controller.v                ; yes             ; Auto-Found Verilog HDL File            ; e:/uob/vibeai/1dcnn/quartus/cnn_vibration_monitor_example_design_10m08/db/ip/adc/submodules/altera_reset_controller.v                ; adc     ;
; e:/uob/vibeai/1dcnn/quartus/cnn_vibration_monitor_example_design_10m08/db/ip/adc/submodules/altera_reset_synchronizer.v              ; yes             ; Auto-Found Verilog HDL File            ; e:/uob/vibeai/1dcnn/quartus/cnn_vibration_monitor_example_design_10m08/db/ip/adc/submodules/altera_reset_synchronizer.v              ; adc     ;
; e:/uob/vibeai/1dcnn/quartus/cnn_vibration_monitor_example_design_10m08/db/ip/adc/submodules/chsel_code_converter_sw_to_hw.v          ; yes             ; Auto-Found Verilog HDL File            ; e:/uob/vibeai/1dcnn/quartus/cnn_vibration_monitor_example_design_10m08/db/ip/adc/submodules/chsel_code_converter_sw_to_hw.v          ; adc     ;
; e:/uob/vibeai/1dcnn/quartus/cnn_vibration_monitor_example_design_10m08/db/ip/adc/submodules/fiftyfivenm_adcblock_primitive_wrapper.v ; yes             ; Auto-Found Verilog HDL File            ; e:/uob/vibeai/1dcnn/quartus/cnn_vibration_monitor_example_design_10m08/db/ip/adc/submodules/fiftyfivenm_adcblock_primitive_wrapper.v ; adc     ;
; e:/uob/vibeai/1dcnn/quartus/cnn_vibration_monitor_example_design_10m08/db/ip/adc/submodules/fiftyfivenm_adcblock_top_wrapper.v       ; yes             ; Auto-Found Verilog HDL File            ; e:/uob/vibeai/1dcnn/quartus/cnn_vibration_monitor_example_design_10m08/db/ip/adc/submodules/fiftyfivenm_adcblock_top_wrapper.v       ; adc     ;
; altsyncram.tdf                                                                                                                       ; yes             ; Megafunction                           ; e:/intelfpga_lite/23.1std/quartus/libraries/megafunctions/altsyncram.tdf                                                             ;         ;
; stratix_ram_block.inc                                                                                                                ; yes             ; Megafunction                           ; e:/intelfpga_lite/23.1std/quartus/libraries/megafunctions/stratix_ram_block.inc                                                      ;         ;
; lpm_mux.inc                                                                                                                          ; yes             ; Megafunction                           ; e:/intelfpga_lite/23.1std/quartus/libraries/megafunctions/lpm_mux.inc                                                                ;         ;
; lpm_decode.inc                                                                                                                       ; yes             ; Megafunction                           ; e:/intelfpga_lite/23.1std/quartus/libraries/megafunctions/lpm_decode.inc                                                             ;         ;
; aglobal231.inc                                                                                                                       ; yes             ; Megafunction                           ; e:/intelfpga_lite/23.1std/quartus/libraries/megafunctions/aglobal231.inc                                                             ;         ;
; a_rdenreg.inc                                                                                                                        ; yes             ; Megafunction                           ; e:/intelfpga_lite/23.1std/quartus/libraries/megafunctions/a_rdenreg.inc                                                              ;         ;
; altrom.inc                                                                                                                           ; yes             ; Megafunction                           ; e:/intelfpga_lite/23.1std/quartus/libraries/megafunctions/altrom.inc                                                                 ;         ;
; altram.inc                                                                                                                           ; yes             ; Megafunction                           ; e:/intelfpga_lite/23.1std/quartus/libraries/megafunctions/altram.inc                                                                 ;         ;
; altdpram.inc                                                                                                                         ; yes             ; Megafunction                           ; e:/intelfpga_lite/23.1std/quartus/libraries/megafunctions/altdpram.inc                                                               ;         ;
; db/altsyncram_mck1.tdf                                                                                                               ; yes             ; Auto-Generated Megafunction            ; E:/UoB/VibeAI/1dcnn/quartus/cnn_vibration_monitor_example_design_10M08/db/altsyncram_mck1.tdf                                        ;         ;
; /uob/vibeai/1dcnn/test/weights/conv1d_1_weights_12i12f.hex                                                                           ; yes             ; Auto-Found Memory Initialization File  ; /uob/vibeai/1dcnn/test/weights/conv1d_1_weights_12i12f.hex                                                                           ;         ;
; db/altsyncram_57k1.tdf                                                                                                               ; yes             ; Auto-Generated Megafunction            ; E:/UoB/VibeAI/1dcnn/quartus/cnn_vibration_monitor_example_design_10M08/db/altsyncram_57k1.tdf                                        ;         ;
; /uob/vibeai/1dcnn/test/weights/conv1d_1_biases_12i12f.hex                                                                            ; yes             ; Auto-Found Memory Initialization File  ; /uob/vibeai/1dcnn/test/weights/conv1d_1_biases_12i12f.hex                                                                            ;         ;
; lpm_mult.tdf                                                                                                                         ; yes             ; Megafunction                           ; e:/intelfpga_lite/23.1std/quartus/libraries/megafunctions/lpm_mult.tdf                                                               ;         ;
; lpm_add_sub.inc                                                                                                                      ; yes             ; Megafunction                           ; e:/intelfpga_lite/23.1std/quartus/libraries/megafunctions/lpm_add_sub.inc                                                            ;         ;
; multcore.inc                                                                                                                         ; yes             ; Megafunction                           ; e:/intelfpga_lite/23.1std/quartus/libraries/megafunctions/multcore.inc                                                               ;         ;
; bypassff.inc                                                                                                                         ; yes             ; Megafunction                           ; e:/intelfpga_lite/23.1std/quartus/libraries/megafunctions/bypassff.inc                                                               ;         ;
; altshift.inc                                                                                                                         ; yes             ; Megafunction                           ; e:/intelfpga_lite/23.1std/quartus/libraries/megafunctions/altshift.inc                                                               ;         ;
; db/mult_4ms.tdf                                                                                                                      ; yes             ; Auto-Generated Megafunction            ; E:/UoB/VibeAI/1dcnn/quartus/cnn_vibration_monitor_example_design_10M08/db/mult_4ms.tdf                                               ;         ;
; db/altsyncram_i0g1.tdf                                                                                                               ; yes             ; Auto-Generated Megafunction            ; E:/UoB/VibeAI/1dcnn/quartus/cnn_vibration_monitor_example_design_10M08/db/altsyncram_i0g1.tdf                                        ;         ;
; db/altsyncram_q3l1.tdf                                                                                                               ; yes             ; Auto-Generated Megafunction            ; E:/UoB/VibeAI/1dcnn/quartus/cnn_vibration_monitor_example_design_10M08/db/altsyncram_q3l1.tdf                                        ;         ;
; /uob/vibeai/1dcnn/test/weights/fc_parameters_1_12i12f.hex                                                                            ; yes             ; Auto-Found Memory Initialization File  ; /uob/vibeai/1dcnn/test/weights/fc_parameters_1_12i12f.hex                                                                            ;         ;
; db/altsyncram_p3l1.tdf                                                                                                               ; yes             ; Auto-Generated Megafunction            ; E:/UoB/VibeAI/1dcnn/quartus/cnn_vibration_monitor_example_design_10M08/db/altsyncram_p3l1.tdf                                        ;         ;
; /uob/vibeai/1dcnn/test/weights/fc_parameters_2_12i12f.hex                                                                            ; yes             ; Auto-Found Memory Initialization File  ; /uob/vibeai/1dcnn/test/weights/fc_parameters_2_12i12f.hex                                                                            ;         ;
; altera_std_synchronizer.v                                                                                                            ; yes             ; Megafunction                           ; e:/intelfpga_lite/23.1std/quartus/libraries/megafunctions/altera_std_synchronizer.v                                                  ;         ;
; scfifo.tdf                                                                                                                           ; yes             ; Megafunction                           ; e:/intelfpga_lite/23.1std/quartus/libraries/megafunctions/scfifo.tdf                                                                 ;         ;
; a_regfifo.inc                                                                                                                        ; yes             ; Megafunction                           ; e:/intelfpga_lite/23.1std/quartus/libraries/megafunctions/a_regfifo.inc                                                              ;         ;
; a_dpfifo.inc                                                                                                                         ; yes             ; Megafunction                           ; e:/intelfpga_lite/23.1std/quartus/libraries/megafunctions/a_dpfifo.inc                                                               ;         ;
; a_i2fifo.inc                                                                                                                         ; yes             ; Megafunction                           ; e:/intelfpga_lite/23.1std/quartus/libraries/megafunctions/a_i2fifo.inc                                                               ;         ;
; a_fffifo.inc                                                                                                                         ; yes             ; Megafunction                           ; e:/intelfpga_lite/23.1std/quartus/libraries/megafunctions/a_fffifo.inc                                                               ;         ;
; a_f2fifo.inc                                                                                                                         ; yes             ; Megafunction                           ; e:/intelfpga_lite/23.1std/quartus/libraries/megafunctions/a_f2fifo.inc                                                               ;         ;
; db/scfifo_do61.tdf                                                                                                                   ; yes             ; Auto-Generated Megafunction            ; E:/UoB/VibeAI/1dcnn/quartus/cnn_vibration_monitor_example_design_10M08/db/scfifo_do61.tdf                                            ;         ;
; db/a_dpfifo_3k41.tdf                                                                                                                 ; yes             ; Auto-Generated Megafunction            ; E:/UoB/VibeAI/1dcnn/quartus/cnn_vibration_monitor_example_design_10M08/db/a_dpfifo_3k41.tdf                                          ;         ;
; db/a_fefifo_c6e.tdf                                                                                                                  ; yes             ; Auto-Generated Megafunction            ; E:/UoB/VibeAI/1dcnn/quartus/cnn_vibration_monitor_example_design_10M08/db/a_fefifo_c6e.tdf                                           ;         ;
; db/cntr_337.tdf                                                                                                                      ; yes             ; Auto-Generated Megafunction            ; E:/UoB/VibeAI/1dcnn/quartus/cnn_vibration_monitor_example_design_10M08/db/cntr_337.tdf                                               ;         ;
; db/altsyncram_rmn1.tdf                                                                                                               ; yes             ; Auto-Generated Megafunction            ; E:/UoB/VibeAI/1dcnn/quartus/cnn_vibration_monitor_example_design_10M08/db/altsyncram_rmn1.tdf                                        ;         ;
; db/cntr_n2b.tdf                                                                                                                      ; yes             ; Auto-Generated Megafunction            ; E:/UoB/VibeAI/1dcnn/quartus/cnn_vibration_monitor_example_design_10M08/db/cntr_n2b.tdf                                               ;         ;
+--------------------------------------------------------------------------------------------------------------------------------------+-----------------+----------------------------------------+--------------------------------------------------------------------------------------------------------------------------------------+---------+


+--------------------------------------------------------------------------------------------------------------------------+
; Analysis & Synthesis Resource Usage Summary                                                                              ;
+---------------------------------------------+----------------------------------------------------------------------------+
; Resource                                    ; Usage                                                                      ;
+---------------------------------------------+----------------------------------------------------------------------------+
; Estimated Total logic elements              ; 2,228                                                                      ;
;                                             ;                                                                            ;
; Total combinational functions               ; 1161                                                                       ;
; Logic element usage by number of LUT inputs ;                                                                            ;
;     -- 4 input functions                    ; 337                                                                        ;
;     -- 3 input functions                    ; 569                                                                        ;
;     -- <=2 input functions                  ; 255                                                                        ;
;                                             ;                                                                            ;
; Logic elements by mode                      ;                                                                            ;
;     -- normal mode                          ; 630                                                                        ;
;     -- arithmetic mode                      ; 531                                                                        ;
;                                             ;                                                                            ;
; Total registers                             ; 1758                                                                       ;
;     -- Dedicated logic registers            ; 1758                                                                       ;
;     -- I/O registers                        ; 0                                                                          ;
;                                             ;                                                                            ;
; I/O pins                                    ; 12                                                                         ;
; Total memory bits                           ; 3600                                                                       ;
;                                             ;                                                                            ;
; Embedded Multiplier 9-bit elements          ; 24                                                                         ;
;                                             ;                                                                            ;
; Total PLLs                                  ; 1                                                                          ;
;     -- PLLs                                 ; 1                                                                          ;
;                                             ;                                                                            ;
; Maximum fan-out node                        ; adc:u0|adc_altpll_0:altpll_0|adc_altpll_0_altpll_6b92:sd1|wire_pll7_clk[0] ;
; Maximum fan-out                             ; 2039                                                                       ;
; Total fan-out                               ; 11417                                                                      ;
; Average fan-out                             ; 3.54                                                                       ;
+---------------------------------------------+----------------------------------------------------------------------------+


+------------------------------------------------------------------------------------------------------------------------------------------------------------------------------------------------------------------------------------------------------------------------------------------------------------------------------------------------------------------------------------------------------------------------------------------------------------------------------------------------------------------------------------------------------------------------------------------------------------------------------+
; Analysis & Synthesis Resource Utilization by Entity                                                                                                                                                                                                                                                                                                                                                                                                                                                                                                                                                                          ;
+---------------------------------------------------------------------------+---------------------+---------------------------+-------------+------------+--------------+---------+-----------+------+--------------+------------+-------------------------------------------------------------------------------------------------------------------------------------------------------------------------------------------------------------------------------------------------------------------------------------------------------------------------------------+----------------------------------------+--------------+
; Compilation Hierarchy Node                                                ; Combinational ALUTs ; Dedicated Logic Registers ; Memory Bits ; UFM Blocks ; DSP Elements ; DSP 9x9 ; DSP 18x18 ; Pins ; Virtual Pins ; ADC blocks ; Full Hierarchy Name                                                                                                                                                                                                                                                                                                                 ; Entity Name                            ; Library Name ;
+---------------------------------------------------------------------------+---------------------+---------------------------+-------------+------------+--------------+---------+-----------+------+--------------+------------+-------------------------------------------------------------------------------------------------------------------------------------------------------------------------------------------------------------------------------------------------------------------------------------------------------------------------------------+----------------------------------------+--------------+
; |cnn_vibration_monitor_10M08                                              ; 1161 (39)           ; 1758 (32)                 ; 3600        ; 0          ; 24           ; 0       ; 12        ; 12   ; 0            ; 0          ; |cnn_vibration_monitor_10M08                                                                                                                                                                                                                                                                                                        ; cnn_vibration_monitor_10M08            ; work         ;
;    |adc:u0|                                                               ; 206 (0)             ; 108 (0)                   ; 768         ; 0          ; 0            ; 0       ; 0         ; 0    ; 0            ; 0          ; |cnn_vibration_monitor_10M08|adc:u0                                                                                                                                                                                                                                                                                                 ; adc                                    ; adc          ;
;       |adc_altpll_0:altpll_0|                                             ; 0 (0)               ; 0 (0)                     ; 0           ; 0          ; 0            ; 0       ; 0         ; 0    ; 0            ; 0          ; |cnn_vibration_monitor_10M08|adc:u0|adc_altpll_0:altpll_0                                                                                                                                                                                                                                                                           ; adc_altpll_0                           ; adc          ;
;          |adc_altpll_0_altpll_6b92:sd1|                                   ; 0 (0)               ; 0 (0)                     ; 0           ; 0          ; 0            ; 0       ; 0         ; 0    ; 0            ; 0          ; |cnn_vibration_monitor_10M08|adc:u0|adc_altpll_0:altpll_0|adc_altpll_0_altpll_6b92:sd1                                                                                                                                                                                                                                              ; adc_altpll_0_altpll_6b92               ; adc          ;
;       |adc_modular_adc_0:modular_adc_0|                                   ; 206 (0)             ; 108 (0)                   ; 768         ; 0          ; 0            ; 0       ; 0         ; 0    ; 0            ; 0          ; |cnn_vibration_monitor_10M08|adc:u0|adc_modular_adc_0:modular_adc_0                                                                                                                                                                                                                                                                 ; adc_modular_adc_0                      ; adc          ;
;          |altera_modular_adc_control:control_internal|                    ; 206 (0)             ; 108 (0)                   ; 768         ; 0          ; 0            ; 0       ; 0         ; 0    ; 0            ; 0          ; |cnn_vibration_monitor_10M08|adc:u0|adc_modular_adc_0:modular_adc_0|altera_modular_adc_control:control_internal                                                                                                                                                                                                                     ; altera_modular_adc_control             ; adc          ;
;             |altera_modular_adc_control_fsm:u_control_fsm|                ; 194 (157)           ; 108 (84)                  ; 768         ; 0          ; 0            ; 0       ; 0         ; 0    ; 0            ; 0          ; |cnn_vibration_monitor_10M08|adc:u0|adc_modular_adc_0:modular_adc_0|altera_modular_adc_control:control_internal|altera_modular_adc_control_fsm:u_control_fsm                                                                                                                                                                        ; altera_modular_adc_control_fsm         ; adc          ;
;                |altera_modular_adc_control_avrg_fifo:ts_avrg_fifo|        ; 37 (0)              ; 20 (0)                    ; 768         ; 0          ; 0            ; 0       ; 0         ; 0    ; 0            ; 0          ; |cnn_vibration_monitor_10M08|adc:u0|adc_modular_adc_0:modular_adc_0|altera_modular_adc_control:control_internal|altera_modular_adc_control_fsm:u_control_fsm|altera_modular_adc_control_avrg_fifo:ts_avrg_fifo                                                                                                                      ; altera_modular_adc_control_avrg_fifo   ; adc          ;
;                   |scfifo:scfifo_component|                               ; 37 (0)              ; 20 (0)                    ; 768         ; 0          ; 0            ; 0       ; 0         ; 0    ; 0            ; 0          ; |cnn_vibration_monitor_10M08|adc:u0|adc_modular_adc_0:modular_adc_0|altera_modular_adc_control:control_internal|altera_modular_adc_control_fsm:u_control_fsm|altera_modular_adc_control_avrg_fifo:ts_avrg_fifo|scfifo:scfifo_component                                                                                              ; scfifo                                 ; work         ;
;                      |scfifo_do61:auto_generated|                         ; 37 (0)              ; 20 (0)                    ; 768         ; 0          ; 0            ; 0       ; 0         ; 0    ; 0            ; 0          ; |cnn_vibration_monitor_10M08|adc:u0|adc_modular_adc_0:modular_adc_0|altera_modular_adc_control:control_internal|altera_modular_adc_control_fsm:u_control_fsm|altera_modular_adc_control_avrg_fifo:ts_avrg_fifo|scfifo:scfifo_component|scfifo_do61:auto_generated                                                                   ; scfifo_do61                            ; work         ;
;                         |a_dpfifo_3k41:dpfifo|                            ; 37 (9)              ; 20 (0)                    ; 768         ; 0          ; 0            ; 0       ; 0         ; 0    ; 0            ; 0          ; |cnn_vibration_monitor_10M08|adc:u0|adc_modular_adc_0:modular_adc_0|altera_modular_adc_control:control_internal|altera_modular_adc_control_fsm:u_control_fsm|altera_modular_adc_control_avrg_fifo:ts_avrg_fifo|scfifo:scfifo_component|scfifo_do61:auto_generated|a_dpfifo_3k41:dpfifo                                              ; a_dpfifo_3k41                          ; work         ;
;                            |a_fefifo_c6e:fifo_state|                      ; 15 (8)              ; 8 (2)                     ; 0           ; 0          ; 0            ; 0       ; 0         ; 0    ; 0            ; 0          ; |cnn_vibration_monitor_10M08|adc:u0|adc_modular_adc_0:modular_adc_0|altera_modular_adc_control:control_internal|altera_modular_adc_control_fsm:u_control_fsm|altera_modular_adc_control_avrg_fifo:ts_avrg_fifo|scfifo:scfifo_component|scfifo_do61:auto_generated|a_dpfifo_3k41:dpfifo|a_fefifo_c6e:fifo_state                      ; a_fefifo_c6e                           ; work         ;
;                               |cntr_337:count_usedw|                      ; 7 (7)               ; 6 (6)                     ; 0           ; 0          ; 0            ; 0       ; 0         ; 0    ; 0            ; 0          ; |cnn_vibration_monitor_10M08|adc:u0|adc_modular_adc_0:modular_adc_0|altera_modular_adc_control:control_internal|altera_modular_adc_control_fsm:u_control_fsm|altera_modular_adc_control_avrg_fifo:ts_avrg_fifo|scfifo:scfifo_component|scfifo_do61:auto_generated|a_dpfifo_3k41:dpfifo|a_fefifo_c6e:fifo_state|cntr_337:count_usedw ; cntr_337                               ; work         ;
;                            |altsyncram_rmn1:FIFOram|                      ; 0 (0)               ; 0 (0)                     ; 768         ; 0          ; 0            ; 0       ; 0         ; 0    ; 0            ; 0          ; |cnn_vibration_monitor_10M08|adc:u0|adc_modular_adc_0:modular_adc_0|altera_modular_adc_control:control_internal|altera_modular_adc_control_fsm:u_control_fsm|altera_modular_adc_control_avrg_fifo:ts_avrg_fifo|scfifo:scfifo_component|scfifo_do61:auto_generated|a_dpfifo_3k41:dpfifo|altsyncram_rmn1:FIFOram                      ; altsyncram_rmn1                        ; work         ;
;                            |cntr_n2b:rd_ptr_count|                        ; 6 (6)               ; 6 (6)                     ; 0           ; 0          ; 0            ; 0       ; 0         ; 0    ; 0            ; 0          ; |cnn_vibration_monitor_10M08|adc:u0|adc_modular_adc_0:modular_adc_0|altera_modular_adc_control:control_internal|altera_modular_adc_control_fsm:u_control_fsm|altera_modular_adc_control_avrg_fifo:ts_avrg_fifo|scfifo:scfifo_component|scfifo_do61:auto_generated|a_dpfifo_3k41:dpfifo|cntr_n2b:rd_ptr_count                        ; cntr_n2b                               ; work         ;
;                            |cntr_n2b:wr_ptr|                              ; 7 (7)               ; 6 (6)                     ; 0           ; 0          ; 0            ; 0       ; 0         ; 0    ; 0            ; 0          ; |cnn_vibration_monitor_10M08|adc:u0|adc_modular_adc_0:modular_adc_0|altera_modular_adc_control:control_internal|altera_modular_adc_control_fsm:u_control_fsm|altera_modular_adc_control_avrg_fifo:ts_avrg_fifo|scfifo:scfifo_component|scfifo_do61:auto_generated|a_dpfifo_3k41:dpfifo|cntr_n2b:wr_ptr                              ; cntr_n2b                               ; work         ;
;                |altera_std_synchronizer:u_clk_dft_synchronizer|           ; 0 (0)               ; 2 (2)                     ; 0           ; 0          ; 0            ; 0       ; 0         ; 0    ; 0            ; 0          ; |cnn_vibration_monitor_10M08|adc:u0|adc_modular_adc_0:modular_adc_0|altera_modular_adc_control:control_internal|altera_modular_adc_control_fsm:u_control_fsm|altera_std_synchronizer:u_clk_dft_synchronizer                                                                                                                         ; altera_std_synchronizer                ; work         ;
;                |altera_std_synchronizer:u_eoc_synchronizer|               ; 0 (0)               ; 2 (2)                     ; 0           ; 0          ; 0            ; 0       ; 0         ; 0    ; 0            ; 0          ; |cnn_vibration_monitor_10M08|adc:u0|adc_modular_adc_0:modular_adc_0|altera_modular_adc_control:control_internal|altera_modular_adc_control_fsm:u_control_fsm|altera_std_synchronizer:u_eoc_synchronizer                                                                                                                             ; altera_std_synchronizer                ; work         ;
;             |fiftyfivenm_adcblock_top_wrapper:adc_inst|                   ; 12 (0)              ; 0 (0)                     ; 0           ; 0          ; 0            ; 0       ; 0         ; 0    ; 0            ; 0          ; |cnn_vibration_monitor_10M08|adc:u0|adc_modular_adc_0:modular_adc_0|altera_modular_adc_control:control_internal|fiftyfivenm_adcblock_top_wrapper:adc_inst                                                                                                                                                                           ; fiftyfivenm_adcblock_top_wrapper       ; adc          ;
;                |chsel_code_converter_sw_to_hw:decoder|                    ; 12 (12)             ; 0 (0)                     ; 0           ; 0          ; 0            ; 0       ; 0         ; 0    ; 0            ; 0          ; |cnn_vibration_monitor_10M08|adc:u0|adc_modular_adc_0:modular_adc_0|altera_modular_adc_control:control_internal|fiftyfivenm_adcblock_top_wrapper:adc_inst|chsel_code_converter_sw_to_hw:decoder                                                                                                                                     ; chsel_code_converter_sw_to_hw          ; adc          ;
;                |fiftyfivenm_adcblock_primitive_wrapper:adcblock_instance| ; 0 (0)               ; 0 (0)                     ; 0           ; 0          ; 0            ; 0       ; 0         ; 0    ; 0            ; 0          ; |cnn_vibration_monitor_10M08|adc:u0|adc_modular_adc_0:modular_adc_0|altera_modular_adc_control:control_internal|fiftyfivenm_adcblock_top_wrapper:adc_inst|fiftyfivenm_adcblock_primitive_wrapper:adcblock_instance                                                                                                                  ; fiftyfivenm_adcblock_primitive_wrapper ; adc          ;
;    |m08_cnn1d:cnn1d|                                                      ; 902 (37)            ; 1586 (2)                  ; 2832        ; 0          ; 24           ; 0       ; 12        ; 0    ; 0            ; 0          ; |cnn_vibration_monitor_10M08|m08_cnn1d:cnn1d                                                                                                                                                                                                                                                                                        ; m08_cnn1d                              ; work         ;
;       |activation_layer:relu_layer|                                       ; 4 (0)               ; 47 (0)                    ; 0           ; 0          ; 0            ; 0       ; 0         ; 0    ; 0            ; 0          ; |cnn_vibration_monitor_10M08|m08_cnn1d:cnn1d|activation_layer:relu_layer                                                                                                                                                                                                                                                            ; activation_layer                       ; work         ;
;          |relu:RELU[0].relu|                                              ; 3 (3)               ; 24 (24)                   ; 0           ; 0          ; 0            ; 0       ; 0         ; 0    ; 0            ; 0          ; |cnn_vibration_monitor_10M08|m08_cnn1d:cnn1d|activation_layer:relu_layer|relu:RELU[0].relu                                                                                                                                                                                                                                          ; relu                                   ; work         ;
;          |relu:RELU[1].relu|                                              ; 1 (1)               ; 23 (23)                   ; 0           ; 0          ; 0            ; 0       ; 0         ; 0    ; 0            ; 0          ; |cnn_vibration_monitor_10M08|m08_cnn1d:cnn1d|activation_layer:relu_layer|relu:RELU[1].relu                                                                                                                                                                                                                                          ; relu                                   ; work         ;
;       |conv1d_layer:conv1d_layer|                                         ; 414 (5)             ; 794 (294)                 ; 288         ; 0          ; 12           ; 0       ; 6         ; 0    ; 0            ; 0          ; |cnn_vibration_monitor_10M08|m08_cnn1d:cnn1d|conv1d_layer:conv1d_layer                                                                                                                                                                                                                                                              ; conv1d_layer                           ; work         ;
;          |conv1d:CONVOLUTION_1D[0].conv1d|                                ; 241 (103)           ; 326 (89)                  ; 0           ; 0          ; 6            ; 0       ; 3         ; 0    ; 0            ; 0          ; |cnn_vibration_monitor_10M08|m08_cnn1d:cnn1d|conv1d_layer:conv1d_layer|conv1d:CONVOLUTION_1D[0].conv1d                                                                                                                                                                                                                              ; conv1d                                 ; work         ;
;             |mult_reduce:multiply_reduce|                                 ; 87 (51)             ; 159 (69)                  ; 0           ; 0          ; 6            ; 0       ; 3         ; 0    ; 0            ; 0          ; |cnn_vibration_monitor_10M08|m08_cnn1d:cnn1d|conv1d_layer:conv1d_layer|conv1d:CONVOLUTION_1D[0].conv1d|mult_reduce:multiply_reduce                                                                                                                                                                                                  ; mult_reduce                            ; work         ;
;                |mult:multiplier|                                          ; 36 (0)              ; 90 (0)                    ; 0           ; 0          ; 6            ; 0       ; 3         ; 0    ; 0            ; 0          ; |cnn_vibration_monitor_10M08|m08_cnn1d:cnn1d|conv1d_layer:conv1d_layer|conv1d:CONVOLUTION_1D[0].conv1d|mult_reduce:multiply_reduce|mult:multiplier                                                                                                                                                                                  ; mult                                   ; work         ;
;                   |lpm_mult:lpm_mult_component|                           ; 36 (0)              ; 90 (0)                    ; 0           ; 0          ; 6            ; 0       ; 3         ; 0    ; 0            ; 0          ; |cnn_vibration_monitor_10M08|m08_cnn1d:cnn1d|conv1d_layer:conv1d_layer|conv1d:CONVOLUTION_1D[0].conv1d|mult_reduce:multiply_reduce|mult:multiplier|lpm_mult:lpm_mult_component                                                                                                                                                      ; lpm_mult                               ; work         ;
;                      |mult_4ms:auto_generated|                            ; 36 (36)             ; 90 (90)                   ; 0           ; 0          ; 6            ; 0       ; 3         ; 0    ; 0            ; 0          ; |cnn_vibration_monitor_10M08|m08_cnn1d:cnn1d|conv1d_layer:conv1d_layer|conv1d:CONVOLUTION_1D[0].conv1d|mult_reduce:multiply_reduce|mult:multiplier|lpm_mult:lpm_mult_component|mult_4ms:auto_generated                                                                                                                              ; mult_4ms                               ; work         ;
;             |p2s:parallel_to_serial|                                      ; 51 (51)             ; 78 (78)                   ; 0           ; 0          ; 0            ; 0       ; 0         ; 0    ; 0            ; 0          ; |cnn_vibration_monitor_10M08|m08_cnn1d:cnn1d|conv1d_layer:conv1d_layer|conv1d:CONVOLUTION_1D[0].conv1d|p2s:parallel_to_serial                                                                                                                                                                                                       ; p2s                                    ; work         ;
;          |conv1d:CONVOLUTION_1D[1].conv1d|                                ; 168 (96)            ; 174 (24)                  ; 0           ; 0          ; 6            ; 0       ; 3         ; 0    ; 0            ; 0          ; |cnn_vibration_monitor_10M08|m08_cnn1d:cnn1d|conv1d_layer:conv1d_layer|conv1d:CONVOLUTION_1D[1].conv1d                                                                                                                                                                                                                              ; conv1d                                 ; work         ;
;             |mult_reduce:multiply_reduce|                                 ; 72 (36)             ; 150 (60)                  ; 0           ; 0          ; 6            ; 0       ; 3         ; 0    ; 0            ; 0          ; |cnn_vibration_monitor_10M08|m08_cnn1d:cnn1d|conv1d_layer:conv1d_layer|conv1d:CONVOLUTION_1D[1].conv1d|mult_reduce:multiply_reduce                                                                                                                                                                                                  ; mult_reduce                            ; work         ;
;                |mult:multiplier|                                          ; 36 (0)              ; 90 (0)                    ; 0           ; 0          ; 6            ; 0       ; 3         ; 0    ; 0            ; 0          ; |cnn_vibration_monitor_10M08|m08_cnn1d:cnn1d|conv1d_layer:conv1d_layer|conv1d:CONVOLUTION_1D[1].conv1d|mult_reduce:multiply_reduce|mult:multiplier                                                                                                                                                                                  ; mult                                   ; work         ;
;                   |lpm_mult:lpm_mult_component|                           ; 36 (0)              ; 90 (0)                    ; 0           ; 0          ; 6            ; 0       ; 3         ; 0    ; 0            ; 0          ; |cnn_vibration_monitor_10M08|m08_cnn1d:cnn1d|conv1d_layer:conv1d_layer|conv1d:CONVOLUTION_1D[1].conv1d|mult_reduce:multiply_reduce|mult:multiplier|lpm_mult:lpm_mult_component                                                                                                                                                      ; lpm_mult                               ; work         ;
;                      |mult_4ms:auto_generated|                            ; 36 (36)             ; 90 (90)                   ; 0           ; 0          ; 6            ; 0       ; 3         ; 0    ; 0            ; 0          ; |cnn_vibration_monitor_10M08|m08_cnn1d:cnn1d|conv1d_layer:conv1d_layer|conv1d:CONVOLUTION_1D[1].conv1d|mult_reduce:multiply_reduce|mult:multiplier|lpm_mult:lpm_mult_component|mult_4ms:auto_generated                                                                                                                              ; mult_4ms                               ; work         ;
;          |sp_ram:conv1d_biases|                                           ; 0 (0)               ; 0 (0)                     ; 48          ; 0          ; 0            ; 0       ; 0         ; 0    ; 0            ; 0          ; |cnn_vibration_monitor_10M08|m08_cnn1d:cnn1d|conv1d_layer:conv1d_layer|sp_ram:conv1d_biases                                                                                                                                                                                                                                         ; sp_ram                                 ; work         ;
;             |altsyncram:altsyncram_component|                             ; 0 (0)               ; 0 (0)                     ; 48          ; 0          ; 0            ; 0       ; 0         ; 0    ; 0            ; 0          ; |cnn_vibration_monitor_10M08|m08_cnn1d:cnn1d|conv1d_layer:conv1d_layer|sp_ram:conv1d_biases|altsyncram:altsyncram_component                                                                                                                                                                                                         ; altsyncram                             ; work         ;
;                |altsyncram_57k1:auto_generated|                           ; 0 (0)               ; 0 (0)                     ; 48          ; 0          ; 0            ; 0       ; 0         ; 0    ; 0            ; 0          ; |cnn_vibration_monitor_10M08|m08_cnn1d:cnn1d|conv1d_layer:conv1d_layer|sp_ram:conv1d_biases|altsyncram:altsyncram_component|altsyncram_57k1:auto_generated                                                                                                                                                                          ; altsyncram_57k1                        ; work         ;
;          |sp_ram:conv1d_weights|                                          ; 0 (0)               ; 0 (0)                     ; 240         ; 0          ; 0            ; 0       ; 0         ; 0    ; 0            ; 0          ; |cnn_vibration_monitor_10M08|m08_cnn1d:cnn1d|conv1d_layer:conv1d_layer|sp_ram:conv1d_weights                                                                                                                                                                                                                                        ; sp_ram                                 ; work         ;
;             |altsyncram:altsyncram_component|                             ; 0 (0)               ; 0 (0)                     ; 240         ; 0          ; 0            ; 0       ; 0         ; 0    ; 0            ; 0          ; |cnn_vibration_monitor_10M08|m08_cnn1d:cnn1d|conv1d_layer:conv1d_layer|sp_ram:conv1d_weights|altsyncram:altsyncram_component                                                                                                                                                                                                        ; altsyncram                             ; work         ;
;                |altsyncram_mck1:auto_generated|                           ; 0 (0)               ; 0 (0)                     ; 240         ; 0          ; 0            ; 0       ; 0         ; 0    ; 0            ; 0          ; |cnn_vibration_monitor_10M08|m08_cnn1d:cnn1d|conv1d_layer:conv1d_layer|sp_ram:conv1d_weights|altsyncram:altsyncram_component|altsyncram_mck1:auto_generated                                                                                                                                                                         ; altsyncram_mck1                        ; work         ;
;       |gavgpool_layer:gavgpool_layer|                                     ; 86 (0)              ; 174 (0)                   ; 0           ; 0          ; 0            ; 0       ; 0         ; 0    ; 0            ; 0          ; |cnn_vibration_monitor_10M08|m08_cnn1d:cnn1d|gavgpool_layer:gavgpool_layer                                                                                                                                                                                                                                                          ; gavgpool_layer                         ; work         ;
;          |gavgpool:GLOBAL_AVERAGE_POOLING[0].gavgpool|                    ; 50 (0)              ; 93 (25)                   ; 0           ; 0          ; 0            ; 0       ; 0         ; 0    ; 0            ; 0          ; |cnn_vibration_monitor_10M08|m08_cnn1d:cnn1d|gavgpool_layer:gavgpool_layer|gavgpool:GLOBAL_AVERAGE_POOLING[0].gavgpool                                                                                                                                                                                                              ; gavgpool                               ; work         ;
;             |accum:accumulator|                                           ; 50 (50)             ; 68 (68)                   ; 0           ; 0          ; 0            ; 0       ; 0         ; 0    ; 0            ; 0          ; |cnn_vibration_monitor_10M08|m08_cnn1d:cnn1d|gavgpool_layer:gavgpool_layer|gavgpool:GLOBAL_AVERAGE_POOLING[0].gavgpool|accum:accumulator                                                                                                                                                                                            ; accum                                  ; work         ;
;          |gavgpool:GLOBAL_AVERAGE_POOLING[1].gavgpool|                    ; 36 (1)              ; 81 (24)                   ; 0           ; 0          ; 0            ; 0       ; 0         ; 0    ; 0            ; 0          ; |cnn_vibration_monitor_10M08|m08_cnn1d:cnn1d|gavgpool_layer:gavgpool_layer|gavgpool:GLOBAL_AVERAGE_POOLING[1].gavgpool                                                                                                                                                                                                              ; gavgpool                               ; work         ;
;             |accum:accumulator|                                           ; 35 (35)             ; 57 (57)                   ; 0           ; 0          ; 0            ; 0       ; 0         ; 0    ; 0            ; 0          ; |cnn_vibration_monitor_10M08|m08_cnn1d:cnn1d|gavgpool_layer:gavgpool_layer|gavgpool:GLOBAL_AVERAGE_POOLING[1].gavgpool|accum:accumulator                                                                                                                                                                                            ; accum                                  ; work         ;
;       |nrn_layer:fc_1|                                                    ; 156 (65)            ; 206 (22)                  ; 1920        ; 0          ; 6            ; 0       ; 3         ; 0    ; 0            ; 0          ; |cnn_vibration_monitor_10M08|m08_cnn1d:cnn1d|nrn_layer:fc_1                                                                                                                                                                                                                                                                         ; nrn_layer                              ; work         ;
;          |mult_reduce:mult_reduce|                                        ; 88 (52)             ; 160 (70)                  ; 0           ; 0          ; 6            ; 0       ; 3         ; 0    ; 0            ; 0          ; |cnn_vibration_monitor_10M08|m08_cnn1d:cnn1d|nrn_layer:fc_1|mult_reduce:mult_reduce                                                                                                                                                                                                                                                 ; mult_reduce                            ; work         ;
;             |mult:multiplier|                                             ; 36 (0)              ; 90 (0)                    ; 0           ; 0          ; 6            ; 0       ; 3         ; 0    ; 0            ; 0          ; |cnn_vibration_monitor_10M08|m08_cnn1d:cnn1d|nrn_layer:fc_1|mult_reduce:mult_reduce|mult:multiplier                                                                                                                                                                                                                                 ; mult                                   ; work         ;
;                |lpm_mult:lpm_mult_component|                              ; 36 (0)              ; 90 (0)                    ; 0           ; 0          ; 6            ; 0       ; 3         ; 0    ; 0            ; 0          ; |cnn_vibration_monitor_10M08|m08_cnn1d:cnn1d|nrn_layer:fc_1|mult_reduce:mult_reduce|mult:multiplier|lpm_mult:lpm_mult_component                                                                                                                                                                                                     ; lpm_mult                               ; work         ;
;                   |mult_4ms:auto_generated|                               ; 36 (36)             ; 90 (90)                   ; 0           ; 0          ; 6            ; 0       ; 3         ; 0    ; 0            ; 0          ; |cnn_vibration_monitor_10M08|m08_cnn1d:cnn1d|nrn_layer:fc_1|mult_reduce:mult_reduce|mult:multiplier|lpm_mult:lpm_mult_component|mult_4ms:auto_generated                                                                                                                                                                             ; mult_4ms                               ; work         ;
;          |relu:relu|                                                      ; 3 (3)               ; 24 (24)                   ; 0           ; 0          ; 0            ; 0       ; 0         ; 0    ; 0            ; 0          ; |cnn_vibration_monitor_10M08|m08_cnn1d:cnn1d|nrn_layer:fc_1|relu:relu                                                                                                                                                                                                                                                               ; relu                                   ; work         ;
;          |sp_ram_clken:in_buf|                                            ; 0 (0)               ; 0 (0)                     ; 192         ; 0          ; 0            ; 0       ; 0         ; 0    ; 0            ; 0          ; |cnn_vibration_monitor_10M08|m08_cnn1d:cnn1d|nrn_layer:fc_1|sp_ram_clken:in_buf                                                                                                                                                                                                                                                     ; sp_ram_clken                           ; work         ;
;             |altsyncram:altsyncram_component|                             ; 0 (0)               ; 0 (0)                     ; 192         ; 0          ; 0            ; 0       ; 0         ; 0    ; 0            ; 0          ; |cnn_vibration_monitor_10M08|m08_cnn1d:cnn1d|nrn_layer:fc_1|sp_ram_clken:in_buf|altsyncram:altsyncram_component                                                                                                                                                                                                                     ; altsyncram                             ; work         ;
;                |altsyncram_i0g1:auto_generated|                           ; 0 (0)               ; 0 (0)                     ; 192         ; 0          ; 0            ; 0       ; 0         ; 0    ; 0            ; 0          ; |cnn_vibration_monitor_10M08|m08_cnn1d:cnn1d|nrn_layer:fc_1|sp_ram_clken:in_buf|altsyncram:altsyncram_component|altsyncram_i0g1:auto_generated                                                                                                                                                                                      ; altsyncram_i0g1                        ; work         ;
;          |sp_ram_clken:nrn_ram|                                           ; 0 (0)               ; 0 (0)                     ; 1728        ; 0          ; 0            ; 0       ; 0         ; 0    ; 0            ; 0          ; |cnn_vibration_monitor_10M08|m08_cnn1d:cnn1d|nrn_layer:fc_1|sp_ram_clken:nrn_ram                                                                                                                                                                                                                                                    ; sp_ram_clken                           ; work         ;
;             |altsyncram:altsyncram_component|                             ; 0 (0)               ; 0 (0)                     ; 1728        ; 0          ; 0            ; 0       ; 0         ; 0    ; 0            ; 0          ; |cnn_vibration_monitor_10M08|m08_cnn1d:cnn1d|nrn_layer:fc_1|sp_ram_clken:nrn_ram|altsyncram:altsyncram_component                                                                                                                                                                                                                    ; altsyncram                             ; work         ;
;                |altsyncram_q3l1:auto_generated|                           ; 0 (0)               ; 0 (0)                     ; 1728        ; 0          ; 0            ; 0       ; 0         ; 0    ; 0            ; 0          ; |cnn_vibration_monitor_10M08|m08_cnn1d:cnn1d|nrn_layer:fc_1|sp_ram_clken:nrn_ram|altsyncram:altsyncram_component|altsyncram_q3l1:auto_generated                                                                                                                                                                                     ; altsyncram_q3l1                        ; work         ;
;       |nrn_layer:fc_2|                                                    ; 150 (62)            ; 204 (20)                  ; 624         ; 0          ; 6            ; 0       ; 3         ; 0    ; 0            ; 0          ; |cnn_vibration_monitor_10M08|m08_cnn1d:cnn1d|nrn_layer:fc_2                                                                                                                                                                                                                                                                         ; nrn_layer                              ; work         ;
;          |mult_reduce:mult_reduce|                                        ; 86 (50)             ; 160 (70)                  ; 0           ; 0          ; 6            ; 0       ; 3         ; 0    ; 0            ; 0          ; |cnn_vibration_monitor_10M08|m08_cnn1d:cnn1d|nrn_layer:fc_2|mult_reduce:mult_reduce                                                                                                                                                                                                                                                 ; mult_reduce                            ; work         ;
;             |mult:multiplier|                                             ; 36 (0)              ; 90 (0)                    ; 0           ; 0          ; 6            ; 0       ; 3         ; 0    ; 0            ; 0          ; |cnn_vibration_monitor_10M08|m08_cnn1d:cnn1d|nrn_layer:fc_2|mult_reduce:mult_reduce|mult:multiplier                                                                                                                                                                                                                                 ; mult                                   ; work         ;
;                |lpm_mult:lpm_mult_component|                              ; 36 (0)              ; 90 (0)                    ; 0           ; 0          ; 6            ; 0       ; 3         ; 0    ; 0            ; 0          ; |cnn_vibration_monitor_10M08|m08_cnn1d:cnn1d|nrn_layer:fc_2|mult_reduce:mult_reduce|mult:multiplier|lpm_mult:lpm_mult_component                                                                                                                                                                                                     ; lpm_mult                               ; work         ;
;                   |mult_4ms:auto_generated|                               ; 36 (36)             ; 90 (90)                   ; 0           ; 0          ; 6            ; 0       ; 3         ; 0    ; 0            ; 0          ; |cnn_vibration_monitor_10M08|m08_cnn1d:cnn1d|nrn_layer:fc_2|mult_reduce:mult_reduce|mult:multiplier|lpm_mult:lpm_mult_component|mult_4ms:auto_generated                                                                                                                                                                             ; mult_4ms                               ; work         ;
;          |relu:relu|                                                      ; 2 (2)               ; 24 (24)                   ; 0           ; 0          ; 0            ; 0       ; 0         ; 0    ; 0            ; 0          ; |cnn_vibration_monitor_10M08|m08_cnn1d:cnn1d|nrn_layer:fc_2|relu:relu                                                                                                                                                                                                                                                               ; relu                                   ; work         ;
;          |sp_ram_clken:in_buf|                                            ; 0 (0)               ; 0 (0)                     ; 192         ; 0          ; 0            ; 0       ; 0         ; 0    ; 0            ; 0          ; |cnn_vibration_monitor_10M08|m08_cnn1d:cnn1d|nrn_layer:fc_2|sp_ram_clken:in_buf                                                                                                                                                                                                                                                     ; sp_ram_clken                           ; work         ;
;             |altsyncram:altsyncram_component|                             ; 0 (0)               ; 0 (0)                     ; 192         ; 0          ; 0            ; 0       ; 0         ; 0    ; 0            ; 0          ; |cnn_vibration_monitor_10M08|m08_cnn1d:cnn1d|nrn_layer:fc_2|sp_ram_clken:in_buf|altsyncram:altsyncram_component                                                                                                                                                                                                                     ; altsyncram                             ; work         ;
;                |altsyncram_i0g1:auto_generated|                           ; 0 (0)               ; 0 (0)                     ; 192         ; 0          ; 0            ; 0       ; 0         ; 0    ; 0            ; 0          ; |cnn_vibration_monitor_10M08|m08_cnn1d:cnn1d|nrn_layer:fc_2|sp_ram_clken:in_buf|altsyncram:altsyncram_component|altsyncram_i0g1:auto_generated                                                                                                                                                                                      ; altsyncram_i0g1                        ; work         ;
;          |sp_ram_clken:nrn_ram|                                           ; 0 (0)               ; 0 (0)                     ; 432         ; 0          ; 0            ; 0       ; 0         ; 0    ; 0            ; 0          ; |cnn_vibration_monitor_10M08|m08_cnn1d:cnn1d|nrn_layer:fc_2|sp_ram_clken:nrn_ram                                                                                                                                                                                                                                                    ; sp_ram_clken                           ; work         ;
;             |altsyncram:altsyncram_component|                             ; 0 (0)               ; 0 (0)                     ; 432         ; 0          ; 0            ; 0       ; 0         ; 0    ; 0            ; 0          ; |cnn_vibration_monitor_10M08|m08_cnn1d:cnn1d|nrn_layer:fc_2|sp_ram_clken:nrn_ram|altsyncram:altsyncram_component                                                                                                                                                                                                                    ; altsyncram                             ; work         ;
;                |altsyncram_p3l1:auto_generated|                           ; 0 (0)               ; 0 (0)                     ; 432         ; 0          ; 0            ; 0       ; 0         ; 0    ; 0            ; 0          ; |cnn_vibration_monitor_10M08|m08_cnn1d:cnn1d|nrn_layer:fc_2|sp_ram_clken:nrn_ram|altsyncram:altsyncram_component|altsyncram_p3l1:auto_generated                                                                                                                                                                                     ; altsyncram_p3l1                        ; work         ;
;       |p2s:p2s|                                                           ; 32 (32)             ; 76 (76)                   ; 0           ; 0          ; 0            ; 0       ; 0         ; 0    ; 0            ; 0          ; |cnn_vibration_monitor_10M08|m08_cnn1d:cnn1d|p2s:p2s                                                                                                                                                                                                                                                                                ; p2s                                    ; work         ;
;       |s2p:s2p|                                                           ; 4 (4)               ; 48 (48)                   ; 0           ; 0          ; 0            ; 0       ; 0         ; 0    ; 0            ; 0          ; |cnn_vibration_monitor_10M08|m08_cnn1d:cnn1d|s2p:s2p                                                                                                                                                                                                                                                                                ; s2p                                    ; work         ;
;       |subsample:subsample_ch1|                                           ; 19 (19)             ; 23 (23)                   ; 0           ; 0          ; 0            ; 0       ; 0         ; 0    ; 0            ; 0          ; |cnn_vibration_monitor_10M08|m08_cnn1d:cnn1d|subsample:subsample_ch1                                                                                                                                                                                                                                                                ; subsample                              ; work         ;
;       |subsample:subsample_ch3|                                           ; 0 (0)               ; 12 (12)                   ; 0           ; 0          ; 0            ; 0       ; 0         ; 0    ; 0            ; 0          ; |cnn_vibration_monitor_10M08|m08_cnn1d:cnn1d|subsample:subsample_ch3                                                                                                                                                                                                                                                                ; subsample                              ; work         ;
;    |m10_adc2axi:adc2axi|                                                  ; 14 (9)              ; 32 (6)                    ; 0           ; 0          ; 0            ; 0       ; 0         ; 0    ; 0            ; 0          ; |cnn_vibration_monitor_10M08|m10_adc2axi:adc2axi                                                                                                                                                                                                                                                                                    ; m10_adc2axi                            ; work         ;
;       |s2p:s2p|                                                           ; 5 (5)               ; 26 (26)                   ; 0           ; 0          ; 0            ; 0       ; 0         ; 0    ; 0            ; 0          ; |cnn_vibration_monitor_10M08|m10_adc2axi:adc2axi|s2p:s2p                                                                                                                                                                                                                                                                            ; s2p                                    ; work         ;
+---------------------------------------------------------------------------+---------------------+---------------------------+-------------+------------+--------------+---------+-----------+------+--------------+------------+-------------------------------------------------------------------------------------------------------------------------------------------------------------------------------------------------------------------------------------------------------------------------------------------------------------------------------------+----------------------------------------+--------------+
Note: For table entries with two numbers listed, the numbers in parentheses indicate the number of resources of the given type used by the specific entity alone. The numbers listed outside of parentheses indicate the total resources of the given type used by the specific entity and all of its sub-entities in the hierarchy.


+----------------------------------------------------------------------------------------------------------------------------------------------------------------------------------------------------------------------------------------------------------------------------------------------------------------------------------------------------------------------------------------------------------------------------------------------+
; Analysis & Synthesis RAM Summary                                                                                                                                                                                                                                                                                                                                                                                                             ;
+----------------------------------------------------------------------------------------------------------------------------------------------------------------------------------------------------------------------------------------------------------------------------------------------+------+------------------+--------------+--------------+--------------+--------------+------+--------------------------------------------------+
; Name                                                                                                                                                                                                                                                                                         ; Type ; Mode             ; Port A Depth ; Port A Width ; Port B Depth ; Port B Width ; Size ; MIF                                              ;
+----------------------------------------------------------------------------------------------------------------------------------------------------------------------------------------------------------------------------------------------------------------------------------------------+------+------------------+--------------+--------------+--------------+--------------+------+--------------------------------------------------+
; adc:u0|adc_modular_adc_0:modular_adc_0|altera_modular_adc_control:control_internal|altera_modular_adc_control_fsm:u_control_fsm|altera_modular_adc_control_avrg_fifo:ts_avrg_fifo|scfifo:scfifo_component|scfifo_do61:auto_generated|a_dpfifo_3k41:dpfifo|altsyncram_rmn1:FIFOram|ALTSYNCRAM ; M9K  ; Simple Dual Port ; 64           ; 12           ; 64           ; 12           ; 768  ; None                                             ;
; m08_cnn1d:cnn1d|conv1d_layer:conv1d_layer|sp_ram:conv1d_biases|altsyncram:altsyncram_component|altsyncram_57k1:auto_generated|ALTSYNCRAM                                                                                                                                                     ; AUTO ; Single Port      ; 2            ; 24           ; --           ; --           ; 48   ; ./../../test/weights/conv1d_1_biases_12I12F.hex  ;
; m08_cnn1d:cnn1d|conv1d_layer:conv1d_layer|sp_ram:conv1d_weights|altsyncram:altsyncram_component|altsyncram_mck1:auto_generated|ALTSYNCRAM                                                                                                                                                    ; AUTO ; Single Port      ; 2            ; 120          ; --           ; --           ; 240  ; ./../../test/weights/conv1d_1_weights_12I12F.hex ;
; m08_cnn1d:cnn1d|nrn_layer:fc_1|sp_ram_clken:in_buf|altsyncram:altsyncram_component|altsyncram_i0g1:auto_generated|ALTSYNCRAM                                                                                                                                                                 ; AUTO ; Single Port      ; 8            ; 24           ; --           ; --           ; 192  ; None                                             ;
; m08_cnn1d:cnn1d|nrn_layer:fc_1|sp_ram_clken:nrn_ram|altsyncram:altsyncram_component|altsyncram_q3l1:auto_generated|ALTSYNCRAM                                                                                                                                                                ; AUTO ; Single Port      ; 72           ; 24           ; --           ; --           ; 1728 ; ./../../test/weights/fc_parameters_1_12I12F.hex  ;
; m08_cnn1d:cnn1d|nrn_layer:fc_2|sp_ram_clken:in_buf|altsyncram:altsyncram_component|altsyncram_i0g1:auto_generated|ALTSYNCRAM                                                                                                                                                                 ; AUTO ; Single Port      ; 8            ; 24           ; --           ; --           ; 192  ; None                                             ;
; m08_cnn1d:cnn1d|nrn_layer:fc_2|sp_ram_clken:nrn_ram|altsyncram:altsyncram_component|altsyncram_p3l1:auto_generated|ALTSYNCRAM                                                                                                                                                                ; AUTO ; Single Port      ; 18           ; 24           ; --           ; --           ; 432  ; ./../../test/weights/fc_parameters_2_12I12F.hex  ;
+----------------------------------------------------------------------------------------------------------------------------------------------------------------------------------------------------------------------------------------------------------------------------------------------+------+------------------+--------------+--------------+--------------+--------------+------+--------------------------------------------------+


+-----------------------------------------------------+
; Analysis & Synthesis DSP Block Usage Summary        ;
+---------------------------------------+-------------+
; Statistic                             ; Number Used ;
+---------------------------------------+-------------+
; Simple Multipliers (9-bit)            ; 0           ;
; Simple Multipliers (18-bit)           ; 12          ;
; Embedded Multiplier Blocks            ; --          ;
; Embedded Multiplier 9-bit elements    ; 24          ;
; Signed Embedded Multipliers           ; 0           ;
; Unsigned Embedded Multipliers         ; 4           ;
; Mixed Sign Embedded Multipliers       ; 8           ;
; Variable Sign Embedded Multipliers    ; 0           ;
; Dedicated Input Shift Register Chains ; 0           ;
+---------------------------------------+-------------+
Note: number of Embedded Multiplier Blocks used is only available after a successful fit.


+---------------------------------------------------------------------------------------------------------------------------------------------------------------------------------------------------------------------------------------------------------------------------------+
; Analysis & Synthesis IP Cores Summary                                                                                                                                                                                                                                           ;
+--------+----------------------------+---------+--------------+--------------+-----------------------------------------------------------------------------------------------------------------+---------------------------------------------------------------------------------+
; Vendor ; IP Core Name               ; Version ; Release Date ; License Type ; Entity Instance                                                                                                 ; IP Include File                                                                 ;
+--------+----------------------------+---------+--------------+--------------+-----------------------------------------------------------------------------------------------------------------+---------------------------------------------------------------------------------+
; N/A    ; Qsys                       ; 23.1    ; N/A          ; N/A          ; |cnn_vibration_monitor_10M08|adc:u0                                                                             ; E:/UoB/VibeAI/1dcnn/quartus/cnn_vibration_monitor_example_design_10M08/adc.qsys ;
; Altera ; altpll                     ; 23.1    ; N/A          ; N/A          ; |cnn_vibration_monitor_10M08|adc:u0|adc_altpll_0:altpll_0                                                       ; E:/UoB/VibeAI/1dcnn/quartus/cnn_vibration_monitor_example_design_10M08/adc.qsys ;
; Altera ; altera_modular_adc         ; 23.1    ; N/A          ; N/A          ; |cnn_vibration_monitor_10M08|adc:u0|adc_modular_adc_0:modular_adc_0                                             ; E:/UoB/VibeAI/1dcnn/quartus/cnn_vibration_monitor_example_design_10M08/adc.qsys ;
; Altera ; altera_modular_adc_control ; 23.1    ; N/A          ; N/A          ; |cnn_vibration_monitor_10M08|adc:u0|adc_modular_adc_0:modular_adc_0|altera_modular_adc_control:control_internal ; E:/UoB/VibeAI/1dcnn/quartus/cnn_vibration_monitor_example_design_10M08/adc.qsys ;
; Altera ; altera_reset_controller    ; 23.1    ; N/A          ; N/A          ; |cnn_vibration_monitor_10M08|adc:u0|altera_reset_controller:rst_controller                                      ; E:/UoB/VibeAI/1dcnn/quartus/cnn_vibration_monitor_example_design_10M08/adc.qsys ;
+--------+----------------------------+---------+--------------+--------------+-----------------------------------------------------------------------------------------------------------------+---------------------------------------------------------------------------------+


Encoding Type:  One-Hot
+--------------------------------------------------------------------------------------------------------------------------------------------------------------------------------------------------------------------------------------------------------------------------------------------------------------------------------------------------------------------------------------------------------------------------------------------------------------------------------------------------------------------+
; State Machine - |cnn_vibration_monitor_10M08|adc:u0|adc_modular_adc_0:modular_adc_0|altera_modular_adc_control:control_internal|altera_modular_adc_control_fsm:u_control_fsm|ctrl_state                                                                                                                                                                                                                                                                                                                            ;
+---------------------------+------------------+---------------------+-------------------------+---------------------------+----------------------+-------------------------+-------------------------+-------------------------+--------------------+----------------------+-----------------+---------------------+---------------------+-------------------+-----------------+----------------------+---------------------+------------------------+------------------------+-------------------+-----------------+
; Name                      ; ctrl_state.SYNC1 ; ctrl_state.AVRG_CNT ; ctrl_state.PUTRESP_PEND ; ctrl_state.WAIT_PEND_DLY1 ; ctrl_state.WAIT_PEND ; ctrl_state.PUTRESP_DLY3 ; ctrl_state.PUTRESP_DLY2 ; ctrl_state.PUTRESP_DLY1 ; ctrl_state.PUTRESP ; ctrl_state.CONV_DLY1 ; ctrl_state.CONV ; ctrl_state.PRE_CONV ; ctrl_state.GETCMD_W ; ctrl_state.GETCMD ; ctrl_state.WAIT ; ctrl_state.PWRUP_SOC ; ctrl_state.PWRUP_CH ; ctrl_state.PWRDWN_DONE ; ctrl_state.PWRDWN_TSEN ; ctrl_state.PWRDWN ; ctrl_state.IDLE ;
+---------------------------+------------------+---------------------+-------------------------+---------------------------+----------------------+-------------------------+-------------------------+-------------------------+--------------------+----------------------+-----------------+---------------------+---------------------+-------------------+-----------------+----------------------+---------------------+------------------------+------------------------+-------------------+-----------------+
; ctrl_state.IDLE           ; 0                ; 0                   ; 0                       ; 0                         ; 0                    ; 0                       ; 0                       ; 0                       ; 0                  ; 0                    ; 0               ; 0                   ; 0                   ; 0                 ; 0               ; 0                    ; 0                   ; 0                      ; 0                      ; 0                 ; 0               ;
; ctrl_state.PWRDWN         ; 0                ; 0                   ; 0                       ; 0                         ; 0                    ; 0                       ; 0                       ; 0                       ; 0                  ; 0                    ; 0               ; 0                   ; 0                   ; 0                 ; 0               ; 0                    ; 0                   ; 0                      ; 0                      ; 1                 ; 1               ;
; ctrl_state.PWRDWN_TSEN    ; 0                ; 0                   ; 0                       ; 0                         ; 0                    ; 0                       ; 0                       ; 0                       ; 0                  ; 0                    ; 0               ; 0                   ; 0                   ; 0                 ; 0               ; 0                    ; 0                   ; 0                      ; 1                      ; 0                 ; 1               ;
; ctrl_state.PWRDWN_DONE    ; 0                ; 0                   ; 0                       ; 0                         ; 0                    ; 0                       ; 0                       ; 0                       ; 0                  ; 0                    ; 0               ; 0                   ; 0                   ; 0                 ; 0               ; 0                    ; 0                   ; 1                      ; 0                      ; 0                 ; 1               ;
; ctrl_state.PWRUP_CH       ; 0                ; 0                   ; 0                       ; 0                         ; 0                    ; 0                       ; 0                       ; 0                       ; 0                  ; 0                    ; 0               ; 0                   ; 0                   ; 0                 ; 0               ; 0                    ; 1                   ; 0                      ; 0                      ; 0                 ; 1               ;
; ctrl_state.PWRUP_SOC      ; 0                ; 0                   ; 0                       ; 0                         ; 0                    ; 0                       ; 0                       ; 0                       ; 0                  ; 0                    ; 0               ; 0                   ; 0                   ; 0                 ; 0               ; 1                    ; 0                   ; 0                      ; 0                      ; 0                 ; 1               ;
; ctrl_state.WAIT           ; 0                ; 0                   ; 0                       ; 0                         ; 0                    ; 0                       ; 0                       ; 0                       ; 0                  ; 0                    ; 0               ; 0                   ; 0                   ; 0                 ; 1               ; 0                    ; 0                   ; 0                      ; 0                      ; 0                 ; 1               ;
; ctrl_state.GETCMD         ; 0                ; 0                   ; 0                       ; 0                         ; 0                    ; 0                       ; 0                       ; 0                       ; 0                  ; 0                    ; 0               ; 0                   ; 0                   ; 1                 ; 0               ; 0                    ; 0                   ; 0                      ; 0                      ; 0                 ; 1               ;
; ctrl_state.GETCMD_W       ; 0                ; 0                   ; 0                       ; 0                         ; 0                    ; 0                       ; 0                       ; 0                       ; 0                  ; 0                    ; 0               ; 0                   ; 1                   ; 0                 ; 0               ; 0                    ; 0                   ; 0                      ; 0                      ; 0                 ; 1               ;
; ctrl_state.PRE_CONV       ; 0                ; 0                   ; 0                       ; 0                         ; 0                    ; 0                       ; 0                       ; 0                       ; 0                  ; 0                    ; 0               ; 1                   ; 0                   ; 0                 ; 0               ; 0                    ; 0                   ; 0                      ; 0                      ; 0                 ; 1               ;
; ctrl_state.CONV           ; 0                ; 0                   ; 0                       ; 0                         ; 0                    ; 0                       ; 0                       ; 0                       ; 0                  ; 0                    ; 1               ; 0                   ; 0                   ; 0                 ; 0               ; 0                    ; 0                   ; 0                      ; 0                      ; 0                 ; 1               ;
; ctrl_state.CONV_DLY1      ; 0                ; 0                   ; 0                       ; 0                         ; 0                    ; 0                       ; 0                       ; 0                       ; 0                  ; 1                    ; 0               ; 0                   ; 0                   ; 0                 ; 0               ; 0                    ; 0                   ; 0                      ; 0                      ; 0                 ; 1               ;
; ctrl_state.PUTRESP        ; 0                ; 0                   ; 0                       ; 0                         ; 0                    ; 0                       ; 0                       ; 0                       ; 1                  ; 0                    ; 0               ; 0                   ; 0                   ; 0                 ; 0               ; 0                    ; 0                   ; 0                      ; 0                      ; 0                 ; 1               ;
; ctrl_state.PUTRESP_DLY1   ; 0                ; 0                   ; 0                       ; 0                         ; 0                    ; 0                       ; 0                       ; 1                       ; 0                  ; 0                    ; 0               ; 0                   ; 0                   ; 0                 ; 0               ; 0                    ; 0                   ; 0                      ; 0                      ; 0                 ; 1               ;
; ctrl_state.PUTRESP_DLY2   ; 0                ; 0                   ; 0                       ; 0                         ; 0                    ; 0                       ; 1                       ; 0                       ; 0                  ; 0                    ; 0               ; 0                   ; 0                   ; 0                 ; 0               ; 0                    ; 0                   ; 0                      ; 0                      ; 0                 ; 1               ;
; ctrl_state.PUTRESP_DLY3   ; 0                ; 0                   ; 0                       ; 0                         ; 0                    ; 1                       ; 0                       ; 0                       ; 0                  ; 0                    ; 0               ; 0                   ; 0                   ; 0                 ; 0               ; 0                    ; 0                   ; 0                      ; 0                      ; 0                 ; 1               ;
; ctrl_state.WAIT_PEND      ; 0                ; 0                   ; 0                       ; 0                         ; 1                    ; 0                       ; 0                       ; 0                       ; 0                  ; 0                    ; 0               ; 0                   ; 0                   ; 0                 ; 0               ; 0                    ; 0                   ; 0                      ; 0                      ; 0                 ; 1               ;
; ctrl_state.WAIT_PEND_DLY1 ; 0                ; 0                   ; 0                       ; 1                         ; 0                    ; 0                       ; 0                       ; 0                       ; 0                  ; 0                    ; 0               ; 0                   ; 0                   ; 0                 ; 0               ; 0                    ; 0                   ; 0                      ; 0                      ; 0                 ; 1               ;
; ctrl_state.PUTRESP_PEND   ; 0                ; 0                   ; 1                       ; 0                         ; 0                    ; 0                       ; 0                       ; 0                       ; 0                  ; 0                    ; 0               ; 0                   ; 0                   ; 0                 ; 0               ; 0                    ; 0                   ; 0                      ; 0                      ; 0                 ; 1               ;
; ctrl_state.AVRG_CNT       ; 0                ; 1                   ; 0                       ; 0                         ; 0                    ; 0                       ; 0                       ; 0                       ; 0                  ; 0                    ; 0               ; 0                   ; 0                   ; 0                 ; 0               ; 0                    ; 0                   ; 0                      ; 0                      ; 0                 ; 1               ;
; ctrl_state.SYNC1          ; 1                ; 0                   ; 0                       ; 0                         ; 0                    ; 0                       ; 0                       ; 0                       ; 0                  ; 0                    ; 0               ; 0                   ; 0                   ; 0                 ; 0               ; 0                    ; 0                   ; 0                      ; 0                      ; 0                 ; 1               ;
+---------------------------+------------------+---------------------+-------------------------+---------------------------+----------------------+-------------------------+-------------------------+-------------------------+--------------------+----------------------+-----------------+---------------------+---------------------+-------------------+-----------------+----------------------+---------------------+------------------------+------------------------+-------------------+-----------------+


+--------------------------------------------------------------------------------------------------------------------------------------------------------------------------------------------------------------------------------------------------------------------------------------------------------+
; Registers Protected by Synthesis                                                                                                                                                                                                                                                                       ;
+----------------------------------------------------------------------------------------------------------------------------------------------------------------------------------------+------------------------------------------------------------------+--------------------------------------------+
; Register Name                                                                                                                                                                          ; Protected by Synthesis Attribute or Preserve Register Assignment ; Not to be Touched by Netlist Optimizations ;
+----------------------------------------------------------------------------------------------------------------------------------------------------------------------------------------+------------------------------------------------------------------+--------------------------------------------+
; adc:u0|adc_modular_adc_0:modular_adc_0|altera_modular_adc_control:control_internal|altera_modular_adc_control_fsm:u_control_fsm|altera_std_synchronizer:u_eoc_synchronizer|dreg[0]     ; yes                                                              ; yes                                        ;
; adc:u0|adc_modular_adc_0:modular_adc_0|altera_modular_adc_control:control_internal|altera_modular_adc_control_fsm:u_control_fsm|altera_std_synchronizer:u_eoc_synchronizer|din_s1      ; yes                                                              ; yes                                        ;
; adc:u0|adc_modular_adc_0:modular_adc_0|altera_modular_adc_control:control_internal|altera_modular_adc_control_fsm:u_control_fsm|altera_std_synchronizer:u_clk_dft_synchronizer|dreg[0] ; yes                                                              ; yes                                        ;
; adc:u0|adc_modular_adc_0:modular_adc_0|altera_modular_adc_control:control_internal|altera_modular_adc_control_fsm:u_control_fsm|altera_std_synchronizer:u_clk_dft_synchronizer|din_s1  ; yes                                                              ; yes                                        ;
; Total number of protected registers is 4                                                                                                                                               ;                                                                  ;                                            ;
+----------------------------------------------------------------------------------------------------------------------------------------------------------------------------------------+------------------------------------------------------------------+--------------------------------------------+


+-----------------------------------------------------------------------------------------------------------------------------------------------------------------------------------------------------------------------------------------------------------------------------------------------------------------------------------------------------------------------------------+
; Registers Removed During Synthesis                                                                                                                                                                                                                                                                                                                                                ;
+-----------------------------------------------------------------------------------------------------------------------------------------------------------------------------------+-----------------------------------------------------------------------------------------------------------------------------------------------------------------------------------------------+
; Register name                                                                                                                                                                     ; Reason for Removal                                                                                                                                                                            ;
+-----------------------------------------------------------------------------------------------------------------------------------------------------------------------------------+-----------------------------------------------------------------------------------------------------------------------------------------------------------------------------------------------+
; m08_cnn1d:cnn1d|nrn_layer:fc_1|sp_ram_clken:nrn_ram|altsyncram:altsyncram_component|altsyncram_q3l1:auto_generated|rden_a_store                                                   ; Lost fanout                                                                                                                                                                                   ;
; m08_cnn1d:cnn1d|nrn_layer:fc_1|sp_ram_clken:nrn_ram|altsyncram:altsyncram_component|altsyncram_q3l1:auto_generated|wren_a_store                                                   ; Lost fanout                                                                                                                                                                                   ;
; m10_adc2axi:adc2axi|adc_c_valid                                                                                                                                                   ; Stuck at VCC due to stuck port data_in                                                                                                                                                        ;
; adc:u0|adc_altpll_0:altpll_0|prev_reset                                                                                                                                           ; Stuck at GND due to stuck port data_in                                                                                                                                                        ;
; adc:u0|altera_reset_controller:rst_controller|altera_reset_synchronizer:alt_rst_sync_uq1|altera_reset_synchronizer_int_chain_out                                                  ; Lost fanout                                                                                                                                                                                   ;
; adc:u0|altera_reset_controller:rst_controller|altera_reset_synchronizer:alt_rst_sync_uq1|altera_reset_synchronizer_int_chain[0,1]                                                 ; Lost fanout                                                                                                                                                                                   ;
; adc:u0|adc_altpll_0:altpll_0|adc_altpll_0_altpll_6b92:sd1|pll_lock_sync                                                                                                           ; Stuck at VCC due to stuck port data_in                                                                                                                                                        ;
; m08_cnn1d:cnn1d|nrn_layer:fc_2|relu:relu|relu_data_out[23]                                                                                                                        ; Stuck at GND due to stuck port data_in                                                                                                                                                        ;
; m08_cnn1d:cnn1d|s2p:s2p|s2p_parallel_out[1][23]                                                                                                                                   ; Stuck at GND due to stuck port data_in                                                                                                                                                        ;
; m08_cnn1d:cnn1d|s2p:s2p|s2p_parallel_out[0][23]                                                                                                                                   ; Stuck at GND due to stuck port data_in                                                                                                                                                        ;
; m08_cnn1d:cnn1d|nrn_layer:fc_2|mult_reduce:mult_reduce|mult:multiplier|lpm_mult:lpm_mult_component|mult_4ms:auto_generated|dffe136                                                ; Lost fanout                                                                                                                                                                                   ;
; m08_cnn1d:cnn1d|nrn_layer:fc_2|mult_reduce:mult_reduce|mult:multiplier|lpm_mult:lpm_mult_component|mult_4ms:auto_generated|dffe138                                                ; Lost fanout                                                                                                                                                                                   ;
; m08_cnn1d:cnn1d|nrn_layer:fc_1|mult_reduce:mult_reduce|mult:multiplier|lpm_mult:lpm_mult_component|mult_4ms:auto_generated|dffe136                                                ; Lost fanout                                                                                                                                                                                   ;
; m08_cnn1d:cnn1d|nrn_layer:fc_1|mult_reduce:mult_reduce|mult:multiplier|lpm_mult:lpm_mult_component|mult_4ms:auto_generated|dffe138                                                ; Lost fanout                                                                                                                                                                                   ;
; m08_cnn1d:cnn1d|conv1d_layer:conv1d_layer|conv1d:CONVOLUTION_1D[1].conv1d|mult_reduce:multiply_reduce|mult:multiplier|lpm_mult:lpm_mult_component|mult_4ms:auto_generated|dffe136 ; Lost fanout                                                                                                                                                                                   ;
; m08_cnn1d:cnn1d|conv1d_layer:conv1d_layer|conv1d:CONVOLUTION_1D[1].conv1d|mult_reduce:multiply_reduce|mult:multiplier|lpm_mult:lpm_mult_component|mult_4ms:auto_generated|dffe138 ; Lost fanout                                                                                                                                                                                   ;
; m08_cnn1d:cnn1d|conv1d_layer:conv1d_layer|conv1d:CONVOLUTION_1D[0].conv1d|mult_reduce:multiply_reduce|mult:multiplier|lpm_mult:lpm_mult_component|mult_4ms:auto_generated|dffe136 ; Lost fanout                                                                                                                                                                                   ;
; m08_cnn1d:cnn1d|conv1d_layer:conv1d_layer|conv1d:CONVOLUTION_1D[0].conv1d|mult_reduce:multiply_reduce|mult:multiplier|lpm_mult:lpm_mult_component|mult_4ms:auto_generated|dffe138 ; Lost fanout                                                                                                                                                                                   ;
; m08_cnn1d:cnn1d|conv1d_layer:conv1d_layer|conv1d:CONVOLUTION_1D[0].conv1d|mult_reduce:multiply_reduce|mult:multiplier|lpm_mult:lpm_mult_component|mult_4ms:auto_generated|dffe130 ; Merged with m08_cnn1d:cnn1d|conv1d_layer:conv1d_layer|conv1d:CONVOLUTION_1D[0].conv1d|mult_reduce:multiply_reduce|mult:multiplier|lpm_mult:lpm_mult_component|mult_4ms:auto_generated|dffe127 ;
; m08_cnn1d:cnn1d|conv1d_layer:conv1d_layer|conv1d:CONVOLUTION_1D[0].conv1d|mult_reduce:multiply_reduce|mult:multiplier|lpm_mult:lpm_mult_component|mult_4ms:auto_generated|dffe127 ; Merged with m08_cnn1d:cnn1d|conv1d_layer:conv1d_layer|conv1d:CONVOLUTION_1D[0].conv1d|mult_reduce:multiply_reduce|mult:multiplier|lpm_mult:lpm_mult_component|mult_4ms:auto_generated|dffe124 ;
; m08_cnn1d:cnn1d|conv1d_layer:conv1d_layer|conv1d:CONVOLUTION_1D[0].conv1d|mult_reduce:multiply_reduce|mult:multiplier|lpm_mult:lpm_mult_component|mult_4ms:auto_generated|dffe124 ; Merged with m08_cnn1d:cnn1d|conv1d_layer:conv1d_layer|conv1d:CONVOLUTION_1D[0].conv1d|mult_reduce:multiply_reduce|mult:multiplier|lpm_mult:lpm_mult_component|mult_4ms:auto_generated|dffe121 ;
; m08_cnn1d:cnn1d|conv1d_layer:conv1d_layer|conv1d:CONVOLUTION_1D[0].conv1d|mult_reduce:multiply_reduce|mult:multiplier|lpm_mult:lpm_mult_component|mult_4ms:auto_generated|dffe121 ; Merged with m08_cnn1d:cnn1d|conv1d_layer:conv1d_layer|conv1d:CONVOLUTION_1D[0].conv1d|mult_reduce:multiply_reduce|mult:multiplier|lpm_mult:lpm_mult_component|mult_4ms:auto_generated|dffe118 ;
; m08_cnn1d:cnn1d|conv1d_layer:conv1d_layer|conv1d:CONVOLUTION_1D[1].conv1d|mult_reduce:multiply_reduce|mult:multiplier|lpm_mult:lpm_mult_component|mult_4ms:auto_generated|dffe130 ; Merged with m08_cnn1d:cnn1d|conv1d_layer:conv1d_layer|conv1d:CONVOLUTION_1D[1].conv1d|mult_reduce:multiply_reduce|mult:multiplier|lpm_mult:lpm_mult_component|mult_4ms:auto_generated|dffe127 ;
; m08_cnn1d:cnn1d|conv1d_layer:conv1d_layer|conv1d:CONVOLUTION_1D[1].conv1d|mult_reduce:multiply_reduce|mult:multiplier|lpm_mult:lpm_mult_component|mult_4ms:auto_generated|dffe127 ; Merged with m08_cnn1d:cnn1d|conv1d_layer:conv1d_layer|conv1d:CONVOLUTION_1D[1].conv1d|mult_reduce:multiply_reduce|mult:multiplier|lpm_mult:lpm_mult_component|mult_4ms:auto_generated|dffe124 ;
; m08_cnn1d:cnn1d|conv1d_layer:conv1d_layer|conv1d:CONVOLUTION_1D[1].conv1d|mult_reduce:multiply_reduce|mult:multiplier|lpm_mult:lpm_mult_component|mult_4ms:auto_generated|dffe124 ; Merged with m08_cnn1d:cnn1d|conv1d_layer:conv1d_layer|conv1d:CONVOLUTION_1D[1].conv1d|mult_reduce:multiply_reduce|mult:multiplier|lpm_mult:lpm_mult_component|mult_4ms:auto_generated|dffe121 ;
; m08_cnn1d:cnn1d|conv1d_layer:conv1d_layer|conv1d:CONVOLUTION_1D[1].conv1d|mult_reduce:multiply_reduce|mult:multiplier|lpm_mult:lpm_mult_component|mult_4ms:auto_generated|dffe121 ; Merged with m08_cnn1d:cnn1d|conv1d_layer:conv1d_layer|conv1d:CONVOLUTION_1D[1].conv1d|mult_reduce:multiply_reduce|mult:multiplier|lpm_mult:lpm_mult_component|mult_4ms:auto_generated|dffe118 ;
; m08_cnn1d:cnn1d|nrn_layer:fc_1|mult_reduce:mult_reduce|mult:multiplier|lpm_mult:lpm_mult_component|mult_4ms:auto_generated|dffe130                                                ; Merged with m08_cnn1d:cnn1d|nrn_layer:fc_1|mult_reduce:mult_reduce|mult:multiplier|lpm_mult:lpm_mult_component|mult_4ms:auto_generated|dffe127                                                ;
; m08_cnn1d:cnn1d|nrn_layer:fc_1|mult_reduce:mult_reduce|mult:multiplier|lpm_mult:lpm_mult_component|mult_4ms:auto_generated|dffe127                                                ; Merged with m08_cnn1d:cnn1d|nrn_layer:fc_1|mult_reduce:mult_reduce|mult:multiplier|lpm_mult:lpm_mult_component|mult_4ms:auto_generated|dffe124                                                ;
; m08_cnn1d:cnn1d|nrn_layer:fc_1|mult_reduce:mult_reduce|mult:multiplier|lpm_mult:lpm_mult_component|mult_4ms:auto_generated|dffe124                                                ; Merged with m08_cnn1d:cnn1d|nrn_layer:fc_1|mult_reduce:mult_reduce|mult:multiplier|lpm_mult:lpm_mult_component|mult_4ms:auto_generated|dffe121                                                ;
; m08_cnn1d:cnn1d|nrn_layer:fc_1|mult_reduce:mult_reduce|mult:multiplier|lpm_mult:lpm_mult_component|mult_4ms:auto_generated|dffe121                                                ; Merged with m08_cnn1d:cnn1d|nrn_layer:fc_1|mult_reduce:mult_reduce|mult:multiplier|lpm_mult:lpm_mult_component|mult_4ms:auto_generated|dffe118                                                ;
; m08_cnn1d:cnn1d|nrn_layer:fc_2|mult_reduce:mult_reduce|mult:multiplier|lpm_mult:lpm_mult_component|mult_4ms:auto_generated|dffe130                                                ; Merged with m08_cnn1d:cnn1d|nrn_layer:fc_2|mult_reduce:mult_reduce|mult:multiplier|lpm_mult:lpm_mult_component|mult_4ms:auto_generated|dffe127                                                ;
; m08_cnn1d:cnn1d|nrn_layer:fc_2|mult_reduce:mult_reduce|mult:multiplier|lpm_mult:lpm_mult_component|mult_4ms:auto_generated|dffe127                                                ; Merged with m08_cnn1d:cnn1d|nrn_layer:fc_2|mult_reduce:mult_reduce|mult:multiplier|lpm_mult:lpm_mult_component|mult_4ms:auto_generated|dffe124                                                ;
; m08_cnn1d:cnn1d|nrn_layer:fc_2|mult_reduce:mult_reduce|mult:multiplier|lpm_mult:lpm_mult_component|mult_4ms:auto_generated|dffe124                                                ; Merged with m08_cnn1d:cnn1d|nrn_layer:fc_2|mult_reduce:mult_reduce|mult:multiplier|lpm_mult:lpm_mult_component|mult_4ms:auto_generated|dffe121                                                ;
; m08_cnn1d:cnn1d|nrn_layer:fc_2|mult_reduce:mult_reduce|mult:multiplier|lpm_mult:lpm_mult_component|mult_4ms:auto_generated|dffe121                                                ; Merged with m08_cnn1d:cnn1d|nrn_layer:fc_2|mult_reduce:mult_reduce|mult:multiplier|lpm_mult:lpm_mult_component|mult_4ms:auto_generated|dffe118                                                ;
; m08_cnn1d:cnn1d|conv1d_layer:conv1d_layer|conv1d:CONVOLUTION_1D[1].conv1d|conv1d_kernel[0][2]                                                                                     ; Merged with m08_cnn1d:cnn1d|conv1d_layer:conv1d_layer|conv1d:CONVOLUTION_1D[1].conv1d|conv1d_kernel[0][0]                                                                                     ;
; m08_cnn1d:cnn1d|conv1d_layer:conv1d_layer|conv1d:CONVOLUTION_1D[1].conv1d|conv1d_kernel[0][4]                                                                                     ; Merged with m08_cnn1d:cnn1d|conv1d_layer:conv1d_layer|conv1d:CONVOLUTION_1D[1].conv1d|conv1d_kernel[0][0]                                                                                     ;
; m08_cnn1d:cnn1d|conv1d_layer:conv1d_layer|conv1d:CONVOLUTION_1D[1].conv1d|conv1d_kernel[0][6]                                                                                     ; Merged with m08_cnn1d:cnn1d|conv1d_layer:conv1d_layer|conv1d:CONVOLUTION_1D[1].conv1d|conv1d_kernel[0][0]                                                                                     ;
; m08_cnn1d:cnn1d|conv1d_layer:conv1d_layer|conv1d:CONVOLUTION_1D[1].conv1d|conv1d_kernel[0][8]                                                                                     ; Merged with m08_cnn1d:cnn1d|conv1d_layer:conv1d_layer|conv1d:CONVOLUTION_1D[1].conv1d|conv1d_kernel[0][0]                                                                                     ;
; m08_cnn1d:cnn1d|conv1d_layer:conv1d_layer|conv1d:CONVOLUTION_1D[1].conv1d|conv1d_kernel[0][10]                                                                                    ; Merged with m08_cnn1d:cnn1d|conv1d_layer:conv1d_layer|conv1d:CONVOLUTION_1D[1].conv1d|conv1d_kernel[0][0]                                                                                     ;
; m08_cnn1d:cnn1d|conv1d_layer:conv1d_layer|conv1d:CONVOLUTION_1D[1].conv1d|conv1d_kernel[0][5]                                                                                     ; Merged with m08_cnn1d:cnn1d|conv1d_layer:conv1d_layer|conv1d:CONVOLUTION_1D[1].conv1d|conv1d_kernel[0][1]                                                                                     ;
; m08_cnn1d:cnn1d|conv1d_layer:conv1d_layer|conv1d:CONVOLUTION_1D[1].conv1d|conv1d_kernel[0][9]                                                                                     ; Merged with m08_cnn1d:cnn1d|conv1d_layer:conv1d_layer|conv1d:CONVOLUTION_1D[1].conv1d|conv1d_kernel[0][1]                                                                                     ;
; m08_cnn1d:cnn1d|conv1d_layer:conv1d_layer|conv1d:CONVOLUTION_1D[1].conv1d|conv1d_kernel[0][7]                                                                                     ; Merged with m08_cnn1d:cnn1d|conv1d_layer:conv1d_layer|conv1d:CONVOLUTION_1D[1].conv1d|conv1d_kernel[0][3]                                                                                     ;
; m08_cnn1d:cnn1d|conv1d_layer:conv1d_layer|conv1d:CONVOLUTION_1D[1].conv1d|conv1d_kernel[0][11]                                                                                    ; Merged with m08_cnn1d:cnn1d|conv1d_layer:conv1d_layer|conv1d:CONVOLUTION_1D[1].conv1d|conv1d_kernel[0][3]                                                                                     ;
; m08_cnn1d:cnn1d|conv1d_layer:conv1d_layer|conv1d:CONVOLUTION_1D[0].conv1d|conv1d_kernel[0][2]                                                                                     ; Merged with m08_cnn1d:cnn1d|conv1d_layer:conv1d_layer|conv1d:CONVOLUTION_1D[0].conv1d|conv1d_kernel[0][0]                                                                                     ;
; m08_cnn1d:cnn1d|conv1d_layer:conv1d_layer|conv1d:CONVOLUTION_1D[0].conv1d|conv1d_kernel[0][4]                                                                                     ; Merged with m08_cnn1d:cnn1d|conv1d_layer:conv1d_layer|conv1d:CONVOLUTION_1D[0].conv1d|conv1d_kernel[0][0]                                                                                     ;
; m08_cnn1d:cnn1d|conv1d_layer:conv1d_layer|conv1d:CONVOLUTION_1D[0].conv1d|conv1d_kernel[0][6]                                                                                     ; Merged with m08_cnn1d:cnn1d|conv1d_layer:conv1d_layer|conv1d:CONVOLUTION_1D[0].conv1d|conv1d_kernel[0][0]                                                                                     ;
; m08_cnn1d:cnn1d|conv1d_layer:conv1d_layer|conv1d:CONVOLUTION_1D[0].conv1d|conv1d_kernel[0][8]                                                                                     ; Merged with m08_cnn1d:cnn1d|conv1d_layer:conv1d_layer|conv1d:CONVOLUTION_1D[0].conv1d|conv1d_kernel[0][0]                                                                                     ;
; m08_cnn1d:cnn1d|conv1d_layer:conv1d_layer|conv1d:CONVOLUTION_1D[0].conv1d|conv1d_kernel[0][10]                                                                                    ; Merged with m08_cnn1d:cnn1d|conv1d_layer:conv1d_layer|conv1d:CONVOLUTION_1D[0].conv1d|conv1d_kernel[0][0]                                                                                     ;
; m08_cnn1d:cnn1d|conv1d_layer:conv1d_layer|conv1d:CONVOLUTION_1D[0].conv1d|conv1d_kernel[0][5]                                                                                     ; Merged with m08_cnn1d:cnn1d|conv1d_layer:conv1d_layer|conv1d:CONVOLUTION_1D[0].conv1d|conv1d_kernel[0][1]                                                                                     ;
; m08_cnn1d:cnn1d|conv1d_layer:conv1d_layer|conv1d:CONVOLUTION_1D[0].conv1d|conv1d_kernel[0][9]                                                                                     ; Merged with m08_cnn1d:cnn1d|conv1d_layer:conv1d_layer|conv1d:CONVOLUTION_1D[0].conv1d|conv1d_kernel[0][1]                                                                                     ;
; m08_cnn1d:cnn1d|conv1d_layer:conv1d_layer|conv1d:CONVOLUTION_1D[0].conv1d|conv1d_kernel[0][11]                                                                                    ; Merged with m08_cnn1d:cnn1d|conv1d_layer:conv1d_layer|conv1d:CONVOLUTION_1D[0].conv1d|conv1d_kernel[0][3]                                                                                     ;
; m08_cnn1d:cnn1d|conv1d_layer:conv1d_layer|conv1d:CONVOLUTION_1D[1].conv1d|conv1d_kernel[1][2]                                                                                     ; Merged with m08_cnn1d:cnn1d|conv1d_layer:conv1d_layer|conv1d:CONVOLUTION_1D[1].conv1d|conv1d_kernel[1][0]                                                                                     ;
; m08_cnn1d:cnn1d|conv1d_layer:conv1d_layer|conv1d:CONVOLUTION_1D[1].conv1d|conv1d_kernel[1][4]                                                                                     ; Merged with m08_cnn1d:cnn1d|conv1d_layer:conv1d_layer|conv1d:CONVOLUTION_1D[1].conv1d|conv1d_kernel[1][0]                                                                                     ;
; m08_cnn1d:cnn1d|conv1d_layer:conv1d_layer|conv1d:CONVOLUTION_1D[1].conv1d|conv1d_kernel[1][6]                                                                                     ; Merged with m08_cnn1d:cnn1d|conv1d_layer:conv1d_layer|conv1d:CONVOLUTION_1D[1].conv1d|conv1d_kernel[1][0]                                                                                     ;
; m08_cnn1d:cnn1d|conv1d_layer:conv1d_layer|conv1d:CONVOLUTION_1D[1].conv1d|conv1d_kernel[1][8]                                                                                     ; Merged with m08_cnn1d:cnn1d|conv1d_layer:conv1d_layer|conv1d:CONVOLUTION_1D[1].conv1d|conv1d_kernel[1][0]                                                                                     ;
; m08_cnn1d:cnn1d|conv1d_layer:conv1d_layer|conv1d:CONVOLUTION_1D[1].conv1d|conv1d_kernel[1][10]                                                                                    ; Merged with m08_cnn1d:cnn1d|conv1d_layer:conv1d_layer|conv1d:CONVOLUTION_1D[1].conv1d|conv1d_kernel[1][0]                                                                                     ;
; m08_cnn1d:cnn1d|conv1d_layer:conv1d_layer|conv1d:CONVOLUTION_1D[1].conv1d|conv1d_kernel[1][9]                                                                                     ; Merged with m08_cnn1d:cnn1d|conv1d_layer:conv1d_layer|conv1d:CONVOLUTION_1D[1].conv1d|conv1d_kernel[1][1]                                                                                     ;
; m08_cnn1d:cnn1d|conv1d_layer:conv1d_layer|conv1d:CONVOLUTION_1D[1].conv1d|conv1d_kernel[1][7]                                                                                     ; Merged with m08_cnn1d:cnn1d|conv1d_layer:conv1d_layer|conv1d:CONVOLUTION_1D[1].conv1d|conv1d_kernel[1][3]                                                                                     ;
; m08_cnn1d:cnn1d|conv1d_layer:conv1d_layer|conv1d:CONVOLUTION_1D[1].conv1d|conv1d_kernel[1][11]                                                                                    ; Merged with m08_cnn1d:cnn1d|conv1d_layer:conv1d_layer|conv1d:CONVOLUTION_1D[1].conv1d|conv1d_kernel[1][3]                                                                                     ;
; m08_cnn1d:cnn1d|conv1d_layer:conv1d_layer|conv1d:CONVOLUTION_1D[1].conv1d|conv1d_kernel[0][3]                                                                                     ; Merged with m08_cnn1d:cnn1d|conv1d_layer:conv1d_layer|conv1d:CONVOLUTION_1D[1].conv1d|conv1d_kernel[0][0]                                                                                     ;
; m08_cnn1d:cnn1d|conv1d_layer:conv1d_layer|conv1d:CONVOLUTION_1D[0].conv1d|conv1d_kernel[1][8]                                                                                     ; Merged with m08_cnn1d:cnn1d|conv1d_layer:conv1d_layer|conv1d:CONVOLUTION_1D[0].conv1d|conv1d_kernel[1][0]                                                                                     ;
; m08_cnn1d:cnn1d|conv1d_layer:conv1d_layer|conv1d:CONVOLUTION_1D[0].conv1d|conv1d_kernel[1][5]                                                                                     ; Merged with m08_cnn1d:cnn1d|conv1d_layer:conv1d_layer|conv1d:CONVOLUTION_1D[0].conv1d|conv1d_kernel[1][1]                                                                                     ;
; m08_cnn1d:cnn1d|conv1d_layer:conv1d_layer|conv1d:CONVOLUTION_1D[0].conv1d|conv1d_kernel[1][9]                                                                                     ; Merged with m08_cnn1d:cnn1d|conv1d_layer:conv1d_layer|conv1d:CONVOLUTION_1D[0].conv1d|conv1d_kernel[1][1]                                                                                     ;
; m08_cnn1d:cnn1d|conv1d_layer:conv1d_layer|conv1d:CONVOLUTION_1D[0].conv1d|conv1d_kernel[1][6]                                                                                     ; Merged with m08_cnn1d:cnn1d|conv1d_layer:conv1d_layer|conv1d:CONVOLUTION_1D[0].conv1d|conv1d_kernel[1][2]                                                                                     ;
; m08_cnn1d:cnn1d|conv1d_layer:conv1d_layer|conv1d:CONVOLUTION_1D[0].conv1d|conv1d_kernel[1][10]                                                                                    ; Merged with m08_cnn1d:cnn1d|conv1d_layer:conv1d_layer|conv1d:CONVOLUTION_1D[0].conv1d|conv1d_kernel[1][2]                                                                                     ;
; m08_cnn1d:cnn1d|conv1d_layer:conv1d_layer|conv1d:CONVOLUTION_1D[0].conv1d|conv1d_kernel[1][11]                                                                                    ; Merged with m08_cnn1d:cnn1d|conv1d_layer:conv1d_layer|conv1d:CONVOLUTION_1D[0].conv1d|conv1d_kernel[1][3]                                                                                     ;
; m08_cnn1d:cnn1d|conv1d_layer:conv1d_layer|conv1d:CONVOLUTION_1D[0].conv1d|conv1d_kernel[0][7]                                                                                     ; Merged with m08_cnn1d:cnn1d|conv1d_layer:conv1d_layer|conv1d:CONVOLUTION_1D[0].conv1d|conv1d_kernel[0][1]                                                                                     ;
; m08_cnn1d:cnn1d|conv1d_layer:conv1d_layer|conv1d:CONVOLUTION_1D[1].conv1d|conv1d_kernel[2][2]                                                                                     ; Merged with m08_cnn1d:cnn1d|conv1d_layer:conv1d_layer|conv1d:CONVOLUTION_1D[1].conv1d|conv1d_kernel[2][0]                                                                                     ;
; m08_cnn1d:cnn1d|conv1d_layer:conv1d_layer|conv1d:CONVOLUTION_1D[1].conv1d|conv1d_kernel[2][4]                                                                                     ; Merged with m08_cnn1d:cnn1d|conv1d_layer:conv1d_layer|conv1d:CONVOLUTION_1D[1].conv1d|conv1d_kernel[2][0]                                                                                     ;
; m08_cnn1d:cnn1d|conv1d_layer:conv1d_layer|conv1d:CONVOLUTION_1D[1].conv1d|conv1d_kernel[2][6]                                                                                     ; Merged with m08_cnn1d:cnn1d|conv1d_layer:conv1d_layer|conv1d:CONVOLUTION_1D[1].conv1d|conv1d_kernel[2][0]                                                                                     ;
; m08_cnn1d:cnn1d|conv1d_layer:conv1d_layer|conv1d:CONVOLUTION_1D[1].conv1d|conv1d_kernel[2][8]                                                                                     ; Merged with m08_cnn1d:cnn1d|conv1d_layer:conv1d_layer|conv1d:CONVOLUTION_1D[1].conv1d|conv1d_kernel[2][0]                                                                                     ;
; m08_cnn1d:cnn1d|conv1d_layer:conv1d_layer|conv1d:CONVOLUTION_1D[1].conv1d|conv1d_kernel[2][10]                                                                                    ; Merged with m08_cnn1d:cnn1d|conv1d_layer:conv1d_layer|conv1d:CONVOLUTION_1D[1].conv1d|conv1d_kernel[2][0]                                                                                     ;
; m08_cnn1d:cnn1d|conv1d_layer:conv1d_layer|conv1d:CONVOLUTION_1D[1].conv1d|conv1d_kernel[2][9]                                                                                     ; Merged with m08_cnn1d:cnn1d|conv1d_layer:conv1d_layer|conv1d:CONVOLUTION_1D[1].conv1d|conv1d_kernel[2][1]                                                                                     ;
; m08_cnn1d:cnn1d|conv1d_layer:conv1d_layer|conv1d:CONVOLUTION_1D[1].conv1d|conv1d_kernel[2][7]                                                                                     ; Merged with m08_cnn1d:cnn1d|conv1d_layer:conv1d_layer|conv1d:CONVOLUTION_1D[1].conv1d|conv1d_kernel[2][3]                                                                                     ;
; m08_cnn1d:cnn1d|conv1d_layer:conv1d_layer|conv1d:CONVOLUTION_1D[1].conv1d|conv1d_kernel[2][11]                                                                                    ; Merged with m08_cnn1d:cnn1d|conv1d_layer:conv1d_layer|conv1d:CONVOLUTION_1D[1].conv1d|conv1d_kernel[2][3]                                                                                     ;
; m08_cnn1d:cnn1d|conv1d_layer:conv1d_layer|conv1d:CONVOLUTION_1D[1].conv1d|conv1d_kernel[1][3]                                                                                     ; Merged with m08_cnn1d:cnn1d|conv1d_layer:conv1d_layer|conv1d:CONVOLUTION_1D[1].conv1d|conv1d_kernel[1][0]                                                                                     ;
; m08_cnn1d:cnn1d|conv1d_layer:conv1d_layer|conv1d:CONVOLUTION_1D[0].conv1d|conv1d_kernel[2][8]                                                                                     ; Merged with m08_cnn1d:cnn1d|conv1d_layer:conv1d_layer|conv1d:CONVOLUTION_1D[0].conv1d|conv1d_kernel[2][0]                                                                                     ;
; m08_cnn1d:cnn1d|conv1d_layer:conv1d_layer|conv1d:CONVOLUTION_1D[0].conv1d|conv1d_kernel[2][9]                                                                                     ; Merged with m08_cnn1d:cnn1d|conv1d_layer:conv1d_layer|conv1d:CONVOLUTION_1D[0].conv1d|conv1d_kernel[2][1]                                                                                     ;
; m08_cnn1d:cnn1d|conv1d_layer:conv1d_layer|conv1d:CONVOLUTION_1D[0].conv1d|conv1d_kernel[2][6]                                                                                     ; Merged with m08_cnn1d:cnn1d|conv1d_layer:conv1d_layer|conv1d:CONVOLUTION_1D[0].conv1d|conv1d_kernel[2][2]                                                                                     ;
; m08_cnn1d:cnn1d|conv1d_layer:conv1d_layer|conv1d:CONVOLUTION_1D[0].conv1d|conv1d_kernel[2][10]                                                                                    ; Merged with m08_cnn1d:cnn1d|conv1d_layer:conv1d_layer|conv1d:CONVOLUTION_1D[0].conv1d|conv1d_kernel[2][2]                                                                                     ;
; m08_cnn1d:cnn1d|conv1d_layer:conv1d_layer|conv1d:CONVOLUTION_1D[0].conv1d|conv1d_kernel[2][11]                                                                                    ; Merged with m08_cnn1d:cnn1d|conv1d_layer:conv1d_layer|conv1d:CONVOLUTION_1D[0].conv1d|conv1d_kernel[2][3]                                                                                     ;
; m08_cnn1d:cnn1d|conv1d_layer:conv1d_layer|conv1d:CONVOLUTION_1D[0].conv1d|conv1d_kernel[1][2]                                                                                     ; Merged with m08_cnn1d:cnn1d|conv1d_layer:conv1d_layer|conv1d:CONVOLUTION_1D[0].conv1d|conv1d_kernel[1][0]                                                                                     ;
; m08_cnn1d:cnn1d|conv1d_layer:conv1d_layer|conv1d:CONVOLUTION_1D[0].conv1d|conv1d_kernel[1][4]                                                                                     ; Merged with m08_cnn1d:cnn1d|conv1d_layer:conv1d_layer|conv1d:CONVOLUTION_1D[0].conv1d|conv1d_kernel[1][0]                                                                                     ;
; m08_cnn1d:cnn1d|conv1d_layer:conv1d_layer|conv1d:CONVOLUTION_1D[0].conv1d|conv1d_kernel[0][3]                                                                                     ; Merged with m08_cnn1d:cnn1d|conv1d_layer:conv1d_layer|conv1d:CONVOLUTION_1D[0].conv1d|conv1d_kernel[0][0]                                                                                     ;
; m08_cnn1d:cnn1d|conv1d_layer:conv1d_layer|conv1d:CONVOLUTION_1D[1].conv1d|conv1d_kernel[3][6]                                                                                     ; Merged with m08_cnn1d:cnn1d|conv1d_layer:conv1d_layer|conv1d:CONVOLUTION_1D[1].conv1d|conv1d_kernel[3][4]                                                                                     ;
; m08_cnn1d:cnn1d|conv1d_layer:conv1d_layer|conv1d:CONVOLUTION_1D[1].conv1d|conv1d_kernel[3][8]                                                                                     ; Merged with m08_cnn1d:cnn1d|conv1d_layer:conv1d_layer|conv1d:CONVOLUTION_1D[1].conv1d|conv1d_kernel[3][4]                                                                                     ;
; m08_cnn1d:cnn1d|conv1d_layer:conv1d_layer|conv1d:CONVOLUTION_1D[1].conv1d|conv1d_kernel[3][10]                                                                                    ; Merged with m08_cnn1d:cnn1d|conv1d_layer:conv1d_layer|conv1d:CONVOLUTION_1D[1].conv1d|conv1d_kernel[3][4]                                                                                     ;
; m08_cnn1d:cnn1d|conv1d_layer:conv1d_layer|conv1d:CONVOLUTION_1D[1].conv1d|conv1d_kernel[3][11]                                                                                    ; Merged with m08_cnn1d:cnn1d|conv1d_layer:conv1d_layer|conv1d:CONVOLUTION_1D[1].conv1d|conv1d_kernel[3][7]                                                                                     ;
; m08_cnn1d:cnn1d|conv1d_layer:conv1d_layer|conv1d:CONVOLUTION_1D[1].conv1d|conv1d_kernel[2][3]                                                                                     ; Merged with m08_cnn1d:cnn1d|conv1d_layer:conv1d_layer|conv1d:CONVOLUTION_1D[1].conv1d|conv1d_kernel[2][0]                                                                                     ;
; m08_cnn1d:cnn1d|conv1d_layer:conv1d_layer|conv1d:CONVOLUTION_1D[0].conv1d|conv1d_kernel[3][10]                                                                                    ; Merged with m08_cnn1d:cnn1d|conv1d_layer:conv1d_layer|conv1d:CONVOLUTION_1D[0].conv1d|conv1d_kernel[3][6]                                                                                     ;
; m08_cnn1d:cnn1d|conv1d_layer:conv1d_layer|conv1d:CONVOLUTION_1D[0].conv1d|conv1d_kernel[2][4]                                                                                     ; Merged with m08_cnn1d:cnn1d|conv1d_layer:conv1d_layer|conv1d:CONVOLUTION_1D[0].conv1d|conv1d_kernel[2][0]                                                                                     ;
; m08_cnn1d:cnn1d|conv1d_layer:conv1d_layer|conv1d:CONVOLUTION_1D[0].conv1d|conv1d_kernel[2][5]                                                                                     ; Merged with m08_cnn1d:cnn1d|conv1d_layer:conv1d_layer|conv1d:CONVOLUTION_1D[0].conv1d|conv1d_kernel[2][1]                                                                                     ;
; m08_cnn1d:cnn1d|conv1d_layer:conv1d_layer|conv1d:CONVOLUTION_1D[0].conv1d|conv1d_kernel[1][3]                                                                                     ; Merged with m08_cnn1d:cnn1d|conv1d_layer:conv1d_layer|conv1d:CONVOLUTION_1D[0].conv1d|conv1d_kernel[1][0]                                                                                     ;
; m08_cnn1d:cnn1d|conv1d_layer:conv1d_layer|conv1d:CONVOLUTION_1D[1].conv1d|conv1d_kernel[3][4]                                                                                     ; Merged with m08_cnn1d:cnn1d|conv1d_layer:conv1d_layer|conv1d:CONVOLUTION_1D[1].conv1d|conv1d_kernel[3][3]                                                                                     ;
; m08_cnn1d:cnn1d|conv1d_layer:conv1d_layer|conv1d:CONVOLUTION_1D[1].conv1d|conv1d_kernel[3][7]                                                                                     ; Merged with m08_cnn1d:cnn1d|conv1d_layer:conv1d_layer|conv1d:CONVOLUTION_1D[1].conv1d|conv1d_kernel[3][3]                                                                                     ;
; m08_cnn1d:cnn1d|conv1d_layer:conv1d_layer|conv1d:CONVOLUTION_1D[1].conv1d|conv1d_kernel[4][7]                                                                                     ; Merged with m08_cnn1d:cnn1d|conv1d_layer:conv1d_layer|conv1d:CONVOLUTION_1D[1].conv1d|conv1d_kernel[4][11]                                                                                    ;
; m08_cnn1d:cnn1d|conv1d_layer:conv1d_layer|conv1d:CONVOLUTION_1D[1].conv1d|conv1d_kernel[4][6]                                                                                     ; Merged with m08_cnn1d:cnn1d|conv1d_layer:conv1d_layer|conv1d:CONVOLUTION_1D[1].conv1d|conv1d_kernel[4][10]                                                                                    ;
; m08_cnn1d:cnn1d|conv1d_layer:conv1d_layer|conv1d:CONVOLUTION_1D[1].conv1d|conv1d_kernel[4][4]                                                                                     ; Merged with m08_cnn1d:cnn1d|conv1d_layer:conv1d_layer|conv1d:CONVOLUTION_1D[1].conv1d|conv1d_kernel[4][8]                                                                                     ;
; m08_cnn1d:cnn1d|conv1d_layer:conv1d_layer|conv1d:CONVOLUTION_1D[0].conv1d|conv1d_kernel[3][11]                                                                                    ; Merged with m08_cnn1d:cnn1d|conv1d_layer:conv1d_layer|conv1d:CONVOLUTION_1D[0].conv1d|conv1d_kernel[3][3]                                                                                     ;
; m08_cnn1d:cnn1d|conv1d_layer:conv1d_layer|conv1d:CONVOLUTION_1D[0].conv1d|conv1d_kernel[4][6]                                                                                     ; Merged with m08_cnn1d:cnn1d|conv1d_layer:conv1d_layer|conv1d:CONVOLUTION_1D[0].conv1d|conv1d_kernel[4][10]                                                                                    ;
; m08_cnn1d:cnn1d|conv1d_layer:conv1d_layer|conv1d:CONVOLUTION_1D[0].conv1d|conv1d_kernel[3][8]                                                                                     ; Merged with m08_cnn1d:cnn1d|conv1d_layer:conv1d_layer|conv1d:CONVOLUTION_1D[0].conv1d|conv1d_kernel[3][4]                                                                                     ;
; m08_cnn1d:cnn1d|conv1d_layer:conv1d_layer|conv1d:CONVOLUTION_1D[0].conv1d|conv1d_kernel[3][9]                                                                                     ; Merged with m08_cnn1d:cnn1d|conv1d_layer:conv1d_layer|conv1d:CONVOLUTION_1D[0].conv1d|conv1d_kernel[3][5]                                                                                     ;
; m08_cnn1d:cnn1d|conv1d_layer:conv1d_layer|conv1d:CONVOLUTION_1D[1].conv1d|conv1d_kernel[3][9]                                                                                     ; Merged with m08_cnn1d:cnn1d|conv1d_layer:conv1d_layer|conv1d:CONVOLUTION_1D[1].conv1d|conv1d_kernel[3][1]                                                                                     ;
; m08_cnn1d:cnn1d|conv1d_layer:conv1d_layer|conv1d:CONVOLUTION_1D[1].conv1d|conv1d_kernel[4][3]                                                                                     ; Merged with m08_cnn1d:cnn1d|conv1d_layer:conv1d_layer|conv1d:CONVOLUTION_1D[1].conv1d|conv1d_kernel[4][10]                                                                                    ;
; m08_cnn1d:cnn1d|conv1d_layer:conv1d_layer|conv1d:CONVOLUTION_1D[0].conv1d|conv1d_kernel[3][6]                                                                                     ; Merged with m08_cnn1d:cnn1d|conv1d_layer:conv1d_layer|conv1d:CONVOLUTION_1D[0].conv1d|conv1d_kernel[3][2]                                                                                     ;
; m08_cnn1d:cnn1d|conv1d_layer:conv1d_layer|conv1d:CONVOLUTION_1D[0].conv1d|conv1d_kernel[3][4]                                                                                     ; Merged with m08_cnn1d:cnn1d|conv1d_layer:conv1d_layer|conv1d:CONVOLUTION_1D[0].conv1d|conv1d_kernel[3][0]                                                                                     ;
; m08_cnn1d:cnn1d|conv1d_layer:conv1d_layer|conv1d:CONVOLUTION_1D[0].conv1d|conv1d_kernel[2][2]                                                                                     ; Merged with m08_cnn1d:cnn1d|conv1d_layer:conv1d_layer|conv1d:CONVOLUTION_1D[0].conv1d|conv1d_kernel[2][0]                                                                                     ;
; m08_cnn1d:cnn1d|conv1d_layer:conv1d_layer|conv1d:CONVOLUTION_1D[1].conv1d|conv1d_kernel[4][1]                                                                                     ; Merged with m08_cnn1d:cnn1d|conv1d_layer:conv1d_layer|conv1d:CONVOLUTION_1D[1].conv1d|conv1d_kernel[4][9]                                                                                     ;
; m08_cnn1d:cnn1d|conv1d_layer:conv1d_layer|conv1d:CONVOLUTION_1D[0].conv1d|conv1d_kernel[3][0]                                                                                     ; Merged with m08_cnn1d:cnn1d|conv1d_layer:conv1d_layer|conv1d:CONVOLUTION_1D[0].conv1d|conv1d_kernel[3][2]                                                                                     ;
; m08_cnn1d:cnn1d|conv1d_layer:conv1d_layer|conv1d:CONVOLUTION_1D[0].conv1d|conv1d_kernel[4][0]                                                                                     ; Merged with m08_cnn1d:cnn1d|conv1d_layer:conv1d_layer|conv1d:CONVOLUTION_1D[0].conv1d|conv1d_kernel[4][8]                                                                                     ;
; m08_cnn1d:cnn1d|conv1d_layer:conv1d_layer|conv1d:CONVOLUTION_1D[0].conv1d|conv1d_kernel[2][3]                                                                                     ; Merged with m08_cnn1d:cnn1d|conv1d_layer:conv1d_layer|conv1d:CONVOLUTION_1D[0].conv1d|conv1d_kernel[2][0]                                                                                     ;
; m08_cnn1d:cnn1d|conv1d_layer:conv1d_layer|conv1d:CONVOLUTION_1D[0].conv1d|conv1d_kernel[4][8]                                                                                     ; Merged with m08_cnn1d:cnn1d|conv1d_layer:conv1d_layer|conv1d:CONVOLUTION_1D[0].conv1d|conv1d_kernel[4][10]                                                                                    ;
; m08_cnn1d:cnn1d|conv1d_layer:conv1d_layer|conv1d:CONVOLUTION_1D[0].conv1d|conv1d_kernel[3][5]                                                                                     ; Merged with m08_cnn1d:cnn1d|conv1d_layer:conv1d_layer|conv1d:CONVOLUTION_1D[0].conv1d|conv1d_kernel[3][1]                                                                                     ;
; m08_cnn1d:cnn1d|conv1d_layer:conv1d_layer|conv1d:CONVOLUTION_1D[0].conv1d|conv1d_kernel[4][4]                                                                                     ; Merged with m08_cnn1d:cnn1d|conv1d_layer:conv1d_layer|conv1d:CONVOLUTION_1D[0].conv1d|conv1d_kernel[4][10]                                                                                    ;
; m08_cnn1d:cnn1d|conv1d_layer:conv1d_layer|conv1d:CONVOLUTION_1D[0].conv1d|conv1d_kernel[4][2]                                                                                     ; Merged with m08_cnn1d:cnn1d|conv1d_layer:conv1d_layer|conv1d:CONVOLUTION_1D[0].conv1d|conv1d_kernel[4][10]                                                                                    ;
; m08_cnn1d:cnn1d|conv1d_layer:conv1d_layer|conv1d:CONVOLUTION_1D[0].conv1d|conv1d_kernel[4][1]                                                                                     ; Merged with m08_cnn1d:cnn1d|conv1d_layer:conv1d_layer|conv1d:CONVOLUTION_1D[0].conv1d|conv1d_kernel[4][9]                                                                                     ;
; m08_cnn1d:cnn1d|nrn_layer:fc_2|state[2..9,11..31]                                                                                                                                 ; Merged with m08_cnn1d:cnn1d|nrn_layer:fc_2|state[10]                                                                                                                                          ;
; m08_cnn1d:cnn1d|nrn_layer:fc_1|state[2..9,11..31]                                                                                                                                 ; Merged with m08_cnn1d:cnn1d|nrn_layer:fc_1|state[10]                                                                                                                                          ;
; m08_cnn1d:cnn1d|p2s:p2s|state[2..9,11..31]                                                                                                                                        ; Merged with m08_cnn1d:cnn1d|p2s:p2s|state[10]                                                                                                                                                 ;
; m08_cnn1d:cnn1d|gavgpool_layer:gavgpool_layer|gavgpool:GLOBAL_AVERAGE_POOLING[1].gavgpool|gavgpool_valid_out                                                                      ; Merged with m08_cnn1d:cnn1d|gavgpool_layer:gavgpool_layer|gavgpool:GLOBAL_AVERAGE_POOLING[0].gavgpool|gavgpool_valid_out                                                                      ;
; m08_cnn1d:cnn1d|gavgpool_layer:gavgpool_layer|gavgpool:GLOBAL_AVERAGE_POOLING[1].gavgpool|accum:accumulator|accum_valid_out                                                       ; Merged with m08_cnn1d:cnn1d|gavgpool_layer:gavgpool_layer|gavgpool:GLOBAL_AVERAGE_POOLING[0].gavgpool|accum:accumulator|accum_valid_out                                                       ;
; m08_cnn1d:cnn1d|gavgpool_layer:gavgpool_layer|gavgpool:GLOBAL_AVERAGE_POOLING[1].gavgpool|accum:accumulator|count[8]                                                              ; Merged with m08_cnn1d:cnn1d|gavgpool_layer:gavgpool_layer|gavgpool:GLOBAL_AVERAGE_POOLING[0].gavgpool|accum:accumulator|count[8]                                                              ;
; m08_cnn1d:cnn1d|gavgpool_layer:gavgpool_layer|gavgpool:GLOBAL_AVERAGE_POOLING[1].gavgpool|accum:accumulator|count[7]                                                              ; Merged with m08_cnn1d:cnn1d|gavgpool_layer:gavgpool_layer|gavgpool:GLOBAL_AVERAGE_POOLING[0].gavgpool|accum:accumulator|count[7]                                                              ;
; m08_cnn1d:cnn1d|gavgpool_layer:gavgpool_layer|gavgpool:GLOBAL_AVERAGE_POOLING[1].gavgpool|accum:accumulator|count[6]                                                              ; Merged with m08_cnn1d:cnn1d|gavgpool_layer:gavgpool_layer|gavgpool:GLOBAL_AVERAGE_POOLING[0].gavgpool|accum:accumulator|count[6]                                                              ;
; m08_cnn1d:cnn1d|gavgpool_layer:gavgpool_layer|gavgpool:GLOBAL_AVERAGE_POOLING[1].gavgpool|accum:accumulator|count[5]                                                              ; Merged with m08_cnn1d:cnn1d|gavgpool_layer:gavgpool_layer|gavgpool:GLOBAL_AVERAGE_POOLING[0].gavgpool|accum:accumulator|count[5]                                                              ;
; m08_cnn1d:cnn1d|gavgpool_layer:gavgpool_layer|gavgpool:GLOBAL_AVERAGE_POOLING[1].gavgpool|accum:accumulator|count[4]                                                              ; Merged with m08_cnn1d:cnn1d|gavgpool_layer:gavgpool_layer|gavgpool:GLOBAL_AVERAGE_POOLING[0].gavgpool|accum:accumulator|count[4]                                                              ;
; m08_cnn1d:cnn1d|gavgpool_layer:gavgpool_layer|gavgpool:GLOBAL_AVERAGE_POOLING[1].gavgpool|accum:accumulator|count[3]                                                              ; Merged with m08_cnn1d:cnn1d|gavgpool_layer:gavgpool_layer|gavgpool:GLOBAL_AVERAGE_POOLING[0].gavgpool|accum:accumulator|count[3]                                                              ;
; m08_cnn1d:cnn1d|gavgpool_layer:gavgpool_layer|gavgpool:GLOBAL_AVERAGE_POOLING[1].gavgpool|accum:accumulator|count[2]                                                              ; Merged with m08_cnn1d:cnn1d|gavgpool_layer:gavgpool_layer|gavgpool:GLOBAL_AVERAGE_POOLING[0].gavgpool|accum:accumulator|count[2]                                                              ;
; m08_cnn1d:cnn1d|gavgpool_layer:gavgpool_layer|gavgpool:GLOBAL_AVERAGE_POOLING[1].gavgpool|accum:accumulator|count[1]                                                              ; Merged with m08_cnn1d:cnn1d|gavgpool_layer:gavgpool_layer|gavgpool:GLOBAL_AVERAGE_POOLING[0].gavgpool|accum:accumulator|count[1]                                                              ;
; m08_cnn1d:cnn1d|gavgpool_layer:gavgpool_layer|gavgpool:GLOBAL_AVERAGE_POOLING[1].gavgpool|accum:accumulator|count[0]                                                              ; Merged with m08_cnn1d:cnn1d|gavgpool_layer:gavgpool_layer|gavgpool:GLOBAL_AVERAGE_POOLING[0].gavgpool|accum:accumulator|count[0]                                                              ;
; m08_cnn1d:cnn1d|activation_layer:relu_layer|relu:RELU[1].relu|relu_valid_out                                                                                                      ; Merged with m08_cnn1d:cnn1d|activation_layer:relu_layer|relu:RELU[0].relu|relu_valid_out                                                                                                      ;
; m08_cnn1d:cnn1d|gavgpool_layer:gavgpool_layer|gavgpool:GLOBAL_AVERAGE_POOLING[1].gavgpool|accum:accumulator|accum_ready_in                                                        ; Merged with m08_cnn1d:cnn1d|gavgpool_layer:gavgpool_layer|gavgpool:GLOBAL_AVERAGE_POOLING[0].gavgpool|accum:accumulator|accum_ready_in                                                        ;
; m08_cnn1d:cnn1d|activation_layer:relu_layer|relu:RELU[1].relu|relu_data_out[23]                                                                                                   ; Merged with m08_cnn1d:cnn1d|activation_layer:relu_layer|relu:RELU[0].relu|relu_data_out[23]                                                                                                   ;
; m08_cnn1d:cnn1d|conv1d_layer:conv1d_layer|conv1d:CONVOLUTION_1D[1].conv1d|conv1d_valid_out                                                                                        ; Merged with m08_cnn1d:cnn1d|conv1d_layer:conv1d_layer|conv1d:CONVOLUTION_1D[0].conv1d|conv1d_valid_out                                                                                        ;
; m08_cnn1d:cnn1d|conv1d_layer:conv1d_layer|conv1d:CONVOLUTION_1D[1].conv1d|mult_reduce:multiply_reduce|mult_reduce_valid_out                                                       ; Merged with m08_cnn1d:cnn1d|conv1d_layer:conv1d_layer|conv1d:CONVOLUTION_1D[0].conv1d|mult_reduce:multiply_reduce|mult_reduce_valid_out                                                       ;
; m08_cnn1d:cnn1d|conv1d_layer:conv1d_layer|conv1d:CONVOLUTION_1D[1].conv1d|mult_reduce:multiply_reduce|count[2]                                                                    ; Merged with m08_cnn1d:cnn1d|conv1d_layer:conv1d_layer|conv1d:CONVOLUTION_1D[0].conv1d|mult_reduce:multiply_reduce|count[2]                                                                    ;
; m08_cnn1d:cnn1d|conv1d_layer:conv1d_layer|conv1d:CONVOLUTION_1D[1].conv1d|mult_reduce:multiply_reduce|count[1]                                                                    ; Merged with m08_cnn1d:cnn1d|conv1d_layer:conv1d_layer|conv1d:CONVOLUTION_1D[0].conv1d|mult_reduce:multiply_reduce|count[1]                                                                    ;
; m08_cnn1d:cnn1d|conv1d_layer:conv1d_layer|conv1d:CONVOLUTION_1D[1].conv1d|mult_reduce:multiply_reduce|count[0]                                                                    ; Merged with m08_cnn1d:cnn1d|conv1d_layer:conv1d_layer|conv1d:CONVOLUTION_1D[0].conv1d|mult_reduce:multiply_reduce|count[0]                                                                    ;
; m08_cnn1d:cnn1d|conv1d_layer:conv1d_layer|conv1d:CONVOLUTION_1D[1].conv1d|mult_reduce:multiply_reduce|mult_reduce_ready_in                                                        ; Merged with m08_cnn1d:cnn1d|conv1d_layer:conv1d_layer|conv1d:CONVOLUTION_1D[0].conv1d|mult_reduce:multiply_reduce|mult_reduce_ready_in                                                        ;
; m08_cnn1d:cnn1d|conv1d_layer:conv1d_layer|conv1d:CONVOLUTION_1D[1].conv1d|mult_reduce:multiply_reduce|valid_in_pipe[3]                                                            ; Merged with m08_cnn1d:cnn1d|conv1d_layer:conv1d_layer|conv1d:CONVOLUTION_1D[0].conv1d|mult_reduce:multiply_reduce|valid_in_pipe[3]                                                            ;
; m08_cnn1d:cnn1d|conv1d_layer:conv1d_layer|conv1d:CONVOLUTION_1D[1].conv1d|mult_reduce:multiply_reduce|valid_in_pipe[2]                                                            ; Merged with m08_cnn1d:cnn1d|conv1d_layer:conv1d_layer|conv1d:CONVOLUTION_1D[0].conv1d|mult_reduce:multiply_reduce|valid_in_pipe[2]                                                            ;
; m08_cnn1d:cnn1d|conv1d_layer:conv1d_layer|conv1d:CONVOLUTION_1D[1].conv1d|mult_reduce:multiply_reduce|mult:multiplier|lpm_mult:lpm_mult_component|mult_4ms:auto_generated|dffe118 ; Merged with m08_cnn1d:cnn1d|conv1d_layer:conv1d_layer|conv1d:CONVOLUTION_1D[0].conv1d|mult_reduce:multiply_reduce|mult:multiplier|lpm_mult:lpm_mult_component|mult_4ms:auto_generated|dffe118 ;
; m08_cnn1d:cnn1d|conv1d_layer:conv1d_layer|conv1d:CONVOLUTION_1D[1].conv1d|mult_reduce:multiply_reduce|valid_in_pipe[1]                                                            ; Merged with m08_cnn1d:cnn1d|conv1d_layer:conv1d_layer|conv1d:CONVOLUTION_1D[0].conv1d|mult_reduce:multiply_reduce|valid_in_pipe[1]                                                            ;
; m08_cnn1d:cnn1d|conv1d_layer:conv1d_layer|conv1d:CONVOLUTION_1D[1].conv1d|mult_reduce:multiply_reduce|valid_in_pipe[0]                                                            ; Merged with m08_cnn1d:cnn1d|conv1d_layer:conv1d_layer|conv1d:CONVOLUTION_1D[0].conv1d|mult_reduce:multiply_reduce|valid_in_pipe[0]                                                            ;
; m08_cnn1d:cnn1d|conv1d_layer:conv1d_layer|conv1d:CONVOLUTION_1D[1].conv1d|p2s:parallel_to_serial|p2s_valid_out                                                                    ; Merged with m08_cnn1d:cnn1d|conv1d_layer:conv1d_layer|conv1d:CONVOLUTION_1D[0].conv1d|p2s:parallel_to_serial|p2s_valid_out                                                                    ;
; m08_cnn1d:cnn1d|conv1d_layer:conv1d_layer|conv1d:CONVOLUTION_1D[1].conv1d|p2s:parallel_to_serial|p2s_serial_out[18]                                                               ; Merged with m08_cnn1d:cnn1d|conv1d_layer:conv1d_layer|conv1d:CONVOLUTION_1D[0].conv1d|p2s:parallel_to_serial|p2s_serial_out[18]                                                               ;
; m08_cnn1d:cnn1d|conv1d_layer:conv1d_layer|conv1d:CONVOLUTION_1D[1].conv1d|p2s:parallel_to_serial|p2s_serial_out[19]                                                               ; Merged with m08_cnn1d:cnn1d|conv1d_layer:conv1d_layer|conv1d:CONVOLUTION_1D[0].conv1d|p2s:parallel_to_serial|p2s_serial_out[19]                                                               ;
; m08_cnn1d:cnn1d|conv1d_layer:conv1d_layer|conv1d:CONVOLUTION_1D[1].conv1d|p2s:parallel_to_serial|p2s_serial_out[20]                                                               ; Merged with m08_cnn1d:cnn1d|conv1d_layer:conv1d_layer|conv1d:CONVOLUTION_1D[0].conv1d|p2s:parallel_to_serial|p2s_serial_out[20]                                                               ;
; m08_cnn1d:cnn1d|conv1d_layer:conv1d_layer|conv1d:CONVOLUTION_1D[1].conv1d|p2s:parallel_to_serial|p2s_serial_out[21]                                                               ; Merged with m08_cnn1d:cnn1d|conv1d_layer:conv1d_layer|conv1d:CONVOLUTION_1D[0].conv1d|p2s:parallel_to_serial|p2s_serial_out[21]                                                               ;
; m08_cnn1d:cnn1d|conv1d_layer:conv1d_layer|conv1d:CONVOLUTION_1D[1].conv1d|p2s:parallel_to_serial|p2s_serial_out[22]                                                               ; Merged with m08_cnn1d:cnn1d|conv1d_layer:conv1d_layer|conv1d:CONVOLUTION_1D[0].conv1d|p2s:parallel_to_serial|p2s_serial_out[22]                                                               ;
; m08_cnn1d:cnn1d|conv1d_layer:conv1d_layer|conv1d:CONVOLUTION_1D[1].conv1d|p2s:parallel_to_serial|p2s_serial_out[23]                                                               ; Merged with m08_cnn1d:cnn1d|conv1d_layer:conv1d_layer|conv1d:CONVOLUTION_1D[0].conv1d|p2s:parallel_to_serial|p2s_serial_out[23]                                                               ;
; m08_cnn1d:cnn1d|conv1d_layer:conv1d_layer|conv1d:CONVOLUTION_1D[1].conv1d|weight_select[2]                                                                                        ; Merged with m08_cnn1d:cnn1d|conv1d_layer:conv1d_layer|conv1d:CONVOLUTION_1D[0].conv1d|weight_select[2]                                                                                        ;
; m08_cnn1d:cnn1d|conv1d_layer:conv1d_layer|conv1d:CONVOLUTION_1D[1].conv1d|weight_select[1]                                                                                        ; Merged with m08_cnn1d:cnn1d|conv1d_layer:conv1d_layer|conv1d:CONVOLUTION_1D[0].conv1d|weight_select[1]                                                                                        ;
; m08_cnn1d:cnn1d|conv1d_layer:conv1d_layer|conv1d:CONVOLUTION_1D[1].conv1d|weight_select[0]                                                                                        ; Merged with m08_cnn1d:cnn1d|conv1d_layer:conv1d_layer|conv1d:CONVOLUTION_1D[0].conv1d|weight_select[0]                                                                                        ;
; m08_cnn1d:cnn1d|conv1d_layer:conv1d_layer|conv1d:CONVOLUTION_1D[0].conv1d|p2s:parallel_to_serial|p2s_serial_out[1..11]                                                            ; Merged with m08_cnn1d:cnn1d|conv1d_layer:conv1d_layer|conv1d:CONVOLUTION_1D[0].conv1d|p2s:parallel_to_serial|p2s_serial_out[0]                                                                ;
; m08_cnn1d:cnn1d|conv1d_layer:conv1d_layer|conv1d:CONVOLUTION_1D[1].conv1d|p2s:parallel_to_serial|p2s_serial_out[0..11]                                                            ; Merged with m08_cnn1d:cnn1d|conv1d_layer:conv1d_layer|conv1d:CONVOLUTION_1D[0].conv1d|p2s:parallel_to_serial|p2s_serial_out[0]                                                                ;
; m08_cnn1d:cnn1d|conv1d_layer:conv1d_layer|conv1d:CONVOLUTION_1D[1].conv1d|p2s:parallel_to_serial|p2s_serial_out[12]                                                               ; Merged with m08_cnn1d:cnn1d|conv1d_layer:conv1d_layer|conv1d:CONVOLUTION_1D[0].conv1d|p2s:parallel_to_serial|p2s_serial_out[12]                                                               ;
; m08_cnn1d:cnn1d|conv1d_layer:conv1d_layer|conv1d:CONVOLUTION_1D[1].conv1d|p2s:parallel_to_serial|p2s_serial_out[13]                                                               ; Merged with m08_cnn1d:cnn1d|conv1d_layer:conv1d_layer|conv1d:CONVOLUTION_1D[0].conv1d|p2s:parallel_to_serial|p2s_serial_out[13]                                                               ;
; m08_cnn1d:cnn1d|conv1d_layer:conv1d_layer|conv1d:CONVOLUTION_1D[1].conv1d|p2s:parallel_to_serial|p2s_serial_out[14]                                                               ; Merged with m08_cnn1d:cnn1d|conv1d_layer:conv1d_layer|conv1d:CONVOLUTION_1D[0].conv1d|p2s:parallel_to_serial|p2s_serial_out[14]                                                               ;
; m08_cnn1d:cnn1d|conv1d_layer:conv1d_layer|conv1d:CONVOLUTION_1D[1].conv1d|p2s:parallel_to_serial|p2s_serial_out[15]                                                               ; Merged with m08_cnn1d:cnn1d|conv1d_layer:conv1d_layer|conv1d:CONVOLUTION_1D[0].conv1d|p2s:parallel_to_serial|p2s_serial_out[15]                                                               ;
; m08_cnn1d:cnn1d|conv1d_layer:conv1d_layer|conv1d:CONVOLUTION_1D[1].conv1d|p2s:parallel_to_serial|p2s_serial_out[16]                                                               ; Merged with m08_cnn1d:cnn1d|conv1d_layer:conv1d_layer|conv1d:CONVOLUTION_1D[0].conv1d|p2s:parallel_to_serial|p2s_serial_out[16]                                                               ;
; m08_cnn1d:cnn1d|conv1d_layer:conv1d_layer|conv1d:CONVOLUTION_1D[1].conv1d|p2s:parallel_to_serial|p2s_serial_out[17]                                                               ; Merged with m08_cnn1d:cnn1d|conv1d_layer:conv1d_layer|conv1d:CONVOLUTION_1D[0].conv1d|p2s:parallel_to_serial|p2s_serial_out[17]                                                               ;
; m08_cnn1d:cnn1d|conv1d_layer:conv1d_layer|conv1d:CONVOLUTION_1D[0].conv1d|p2s:parallel_to_serial|state[2..9,11..31]                                                               ; Merged with m08_cnn1d:cnn1d|conv1d_layer:conv1d_layer|conv1d:CONVOLUTION_1D[0].conv1d|p2s:parallel_to_serial|state[10]                                                                        ;
; m08_cnn1d:cnn1d|conv1d_layer:conv1d_layer|conv1d:CONVOLUTION_1D[1].conv1d|p2s:parallel_to_serial|state[2..31]                                                                     ; Merged with m08_cnn1d:cnn1d|conv1d_layer:conv1d_layer|conv1d:CONVOLUTION_1D[0].conv1d|p2s:parallel_to_serial|state[10]                                                                        ;
; m08_cnn1d:cnn1d|conv1d_layer:conv1d_layer|conv1d:CONVOLUTION_1D[1].conv1d|p2s:parallel_to_serial|state[1]                                                                         ; Merged with m08_cnn1d:cnn1d|conv1d_layer:conv1d_layer|conv1d:CONVOLUTION_1D[0].conv1d|p2s:parallel_to_serial|state[1]                                                                         ;
; m08_cnn1d:cnn1d|conv1d_layer:conv1d_layer|conv1d:CONVOLUTION_1D[1].conv1d|p2s:parallel_to_serial|state[0]                                                                         ; Merged with m08_cnn1d:cnn1d|conv1d_layer:conv1d_layer|conv1d:CONVOLUTION_1D[0].conv1d|p2s:parallel_to_serial|state[0]                                                                         ;
; m08_cnn1d:cnn1d|conv1d_layer:conv1d_layer|conv1d:CONVOLUTION_1D[1].conv1d|p2s:parallel_to_serial|parallel_reg[0][18]                                                              ; Merged with m08_cnn1d:cnn1d|conv1d_layer:conv1d_layer|conv1d:CONVOLUTION_1D[0].conv1d|p2s:parallel_to_serial|parallel_reg[0][18]                                                              ;
; m08_cnn1d:cnn1d|conv1d_layer:conv1d_layer|conv1d:CONVOLUTION_1D[1].conv1d|p2s:parallel_to_serial|parallel_reg[1][18]                                                              ; Merged with m08_cnn1d:cnn1d|conv1d_layer:conv1d_layer|conv1d:CONVOLUTION_1D[0].conv1d|p2s:parallel_to_serial|parallel_reg[1][18]                                                              ;
; m08_cnn1d:cnn1d|conv1d_layer:conv1d_layer|conv1d:CONVOLUTION_1D[1].conv1d|p2s:parallel_to_serial|parallel_reg[2][18]                                                              ; Merged with m08_cnn1d:cnn1d|conv1d_layer:conv1d_layer|conv1d:CONVOLUTION_1D[0].conv1d|p2s:parallel_to_serial|parallel_reg[2][18]                                                              ;
; m08_cnn1d:cnn1d|conv1d_layer:conv1d_layer|conv1d:CONVOLUTION_1D[1].conv1d|p2s:parallel_to_serial|parallel_reg[3][18]                                                              ; Merged with m08_cnn1d:cnn1d|conv1d_layer:conv1d_layer|conv1d:CONVOLUTION_1D[0].conv1d|p2s:parallel_to_serial|parallel_reg[3][18]                                                              ;
; m08_cnn1d:cnn1d|conv1d_layer:conv1d_layer|conv1d:CONVOLUTION_1D[1].conv1d|p2s:parallel_to_serial|parallel_reg[4][18]                                                              ; Merged with m08_cnn1d:cnn1d|conv1d_layer:conv1d_layer|conv1d:CONVOLUTION_1D[0].conv1d|p2s:parallel_to_serial|parallel_reg[4][18]                                                              ;
; m08_cnn1d:cnn1d|conv1d_layer:conv1d_layer|conv1d:CONVOLUTION_1D[1].conv1d|p2s:parallel_to_serial|count[2]                                                                         ; Merged with m08_cnn1d:cnn1d|conv1d_layer:conv1d_layer|conv1d:CONVOLUTION_1D[0].conv1d|p2s:parallel_to_serial|count[2]                                                                         ;
; m08_cnn1d:cnn1d|conv1d_layer:conv1d_layer|conv1d:CONVOLUTION_1D[1].conv1d|p2s:parallel_to_serial|count[1]                                                                         ; Merged with m08_cnn1d:cnn1d|conv1d_layer:conv1d_layer|conv1d:CONVOLUTION_1D[0].conv1d|p2s:parallel_to_serial|count[1]                                                                         ;
; m08_cnn1d:cnn1d|conv1d_layer:conv1d_layer|conv1d:CONVOLUTION_1D[1].conv1d|p2s:parallel_to_serial|count[0]                                                                         ; Merged with m08_cnn1d:cnn1d|conv1d_layer:conv1d_layer|conv1d:CONVOLUTION_1D[0].conv1d|p2s:parallel_to_serial|count[0]                                                                         ;
; m08_cnn1d:cnn1d|conv1d_layer:conv1d_layer|conv1d:CONVOLUTION_1D[1].conv1d|p2s:parallel_to_serial|parallel_reg[0][19]                                                              ; Merged with m08_cnn1d:cnn1d|conv1d_layer:conv1d_layer|conv1d:CONVOLUTION_1D[0].conv1d|p2s:parallel_to_serial|parallel_reg[0][19]                                                              ;
; m08_cnn1d:cnn1d|conv1d_layer:conv1d_layer|conv1d:CONVOLUTION_1D[1].conv1d|p2s:parallel_to_serial|parallel_reg[1][19]                                                              ; Merged with m08_cnn1d:cnn1d|conv1d_layer:conv1d_layer|conv1d:CONVOLUTION_1D[0].conv1d|p2s:parallel_to_serial|parallel_reg[1][19]                                                              ;
; m08_cnn1d:cnn1d|conv1d_layer:conv1d_layer|conv1d:CONVOLUTION_1D[1].conv1d|p2s:parallel_to_serial|parallel_reg[2][19]                                                              ; Merged with m08_cnn1d:cnn1d|conv1d_layer:conv1d_layer|conv1d:CONVOLUTION_1D[0].conv1d|p2s:parallel_to_serial|parallel_reg[2][19]                                                              ;
; m08_cnn1d:cnn1d|conv1d_layer:conv1d_layer|conv1d:CONVOLUTION_1D[1].conv1d|p2s:parallel_to_serial|parallel_reg[3][19]                                                              ; Merged with m08_cnn1d:cnn1d|conv1d_layer:conv1d_layer|conv1d:CONVOLUTION_1D[0].conv1d|p2s:parallel_to_serial|parallel_reg[3][19]                                                              ;
; m08_cnn1d:cnn1d|conv1d_layer:conv1d_layer|conv1d:CONVOLUTION_1D[1].conv1d|p2s:parallel_to_serial|parallel_reg[0][20]                                                              ; Merged with m08_cnn1d:cnn1d|conv1d_layer:conv1d_layer|conv1d:CONVOLUTION_1D[0].conv1d|p2s:parallel_to_serial|parallel_reg[0][20]                                                              ;
; m08_cnn1d:cnn1d|conv1d_layer:conv1d_layer|conv1d:CONVOLUTION_1D[1].conv1d|p2s:parallel_to_serial|parallel_reg[1][20]                                                              ; Merged with m08_cnn1d:cnn1d|conv1d_layer:conv1d_layer|conv1d:CONVOLUTION_1D[0].conv1d|p2s:parallel_to_serial|parallel_reg[1][20]                                                              ;
; m08_cnn1d:cnn1d|conv1d_layer:conv1d_layer|conv1d:CONVOLUTION_1D[1].conv1d|p2s:parallel_to_serial|parallel_reg[2][20]                                                              ; Merged with m08_cnn1d:cnn1d|conv1d_layer:conv1d_layer|conv1d:CONVOLUTION_1D[0].conv1d|p2s:parallel_to_serial|parallel_reg[2][20]                                                              ;
; m08_cnn1d:cnn1d|conv1d_layer:conv1d_layer|conv1d:CONVOLUTION_1D[1].conv1d|p2s:parallel_to_serial|parallel_reg[3][20]                                                              ; Merged with m08_cnn1d:cnn1d|conv1d_layer:conv1d_layer|conv1d:CONVOLUTION_1D[0].conv1d|p2s:parallel_to_serial|parallel_reg[3][20]                                                              ;
; m08_cnn1d:cnn1d|conv1d_layer:conv1d_layer|conv1d:CONVOLUTION_1D[1].conv1d|p2s:parallel_to_serial|parallel_reg[0][21]                                                              ; Merged with m08_cnn1d:cnn1d|conv1d_layer:conv1d_layer|conv1d:CONVOLUTION_1D[0].conv1d|p2s:parallel_to_serial|parallel_reg[0][21]                                                              ;
; m08_cnn1d:cnn1d|conv1d_layer:conv1d_layer|conv1d:CONVOLUTION_1D[1].conv1d|p2s:parallel_to_serial|parallel_reg[1][21]                                                              ; Merged with m08_cnn1d:cnn1d|conv1d_layer:conv1d_layer|conv1d:CONVOLUTION_1D[0].conv1d|p2s:parallel_to_serial|parallel_reg[1][21]                                                              ;
; m08_cnn1d:cnn1d|conv1d_layer:conv1d_layer|conv1d:CONVOLUTION_1D[1].conv1d|p2s:parallel_to_serial|parallel_reg[2][21]                                                              ; Merged with m08_cnn1d:cnn1d|conv1d_layer:conv1d_layer|conv1d:CONVOLUTION_1D[0].conv1d|p2s:parallel_to_serial|parallel_reg[2][21]                                                              ;
; m08_cnn1d:cnn1d|conv1d_layer:conv1d_layer|conv1d:CONVOLUTION_1D[1].conv1d|p2s:parallel_to_serial|parallel_reg[3][21]                                                              ; Merged with m08_cnn1d:cnn1d|conv1d_layer:conv1d_layer|conv1d:CONVOLUTION_1D[0].conv1d|p2s:parallel_to_serial|parallel_reg[3][21]                                                              ;
; m08_cnn1d:cnn1d|conv1d_layer:conv1d_layer|conv1d:CONVOLUTION_1D[1].conv1d|p2s:parallel_to_serial|parallel_reg[0][22]                                                              ; Merged with m08_cnn1d:cnn1d|conv1d_layer:conv1d_layer|conv1d:CONVOLUTION_1D[0].conv1d|p2s:parallel_to_serial|parallel_reg[0][22]                                                              ;
; m08_cnn1d:cnn1d|conv1d_layer:conv1d_layer|conv1d:CONVOLUTION_1D[1].conv1d|p2s:parallel_to_serial|parallel_reg[1][22]                                                              ; Merged with m08_cnn1d:cnn1d|conv1d_layer:conv1d_layer|conv1d:CONVOLUTION_1D[0].conv1d|p2s:parallel_to_serial|parallel_reg[1][22]                                                              ;
; m08_cnn1d:cnn1d|conv1d_layer:conv1d_layer|conv1d:CONVOLUTION_1D[1].conv1d|p2s:parallel_to_serial|parallel_reg[2][22]                                                              ; Merged with m08_cnn1d:cnn1d|conv1d_layer:conv1d_layer|conv1d:CONVOLUTION_1D[0].conv1d|p2s:parallel_to_serial|parallel_reg[2][22]                                                              ;
; m08_cnn1d:cnn1d|conv1d_layer:conv1d_layer|conv1d:CONVOLUTION_1D[1].conv1d|p2s:parallel_to_serial|parallel_reg[3][22]                                                              ; Merged with m08_cnn1d:cnn1d|conv1d_layer:conv1d_layer|conv1d:CONVOLUTION_1D[0].conv1d|p2s:parallel_to_serial|parallel_reg[3][22]                                                              ;
; m08_cnn1d:cnn1d|conv1d_layer:conv1d_layer|conv1d:CONVOLUTION_1D[1].conv1d|p2s:parallel_to_serial|parallel_reg[0][23]                                                              ; Merged with m08_cnn1d:cnn1d|conv1d_layer:conv1d_layer|conv1d:CONVOLUTION_1D[0].conv1d|p2s:parallel_to_serial|parallel_reg[0][23]                                                              ;
; m08_cnn1d:cnn1d|conv1d_layer:conv1d_layer|conv1d:CONVOLUTION_1D[1].conv1d|p2s:parallel_to_serial|parallel_reg[1][23]                                                              ; Merged with m08_cnn1d:cnn1d|conv1d_layer:conv1d_layer|conv1d:CONVOLUTION_1D[0].conv1d|p2s:parallel_to_serial|parallel_reg[1][23]                                                              ;
; m08_cnn1d:cnn1d|conv1d_layer:conv1d_layer|conv1d:CONVOLUTION_1D[1].conv1d|p2s:parallel_to_serial|parallel_reg[2][23]                                                              ; Merged with m08_cnn1d:cnn1d|conv1d_layer:conv1d_layer|conv1d:CONVOLUTION_1D[0].conv1d|p2s:parallel_to_serial|parallel_reg[2][23]                                                              ;
; m08_cnn1d:cnn1d|conv1d_layer:conv1d_layer|conv1d:CONVOLUTION_1D[1].conv1d|p2s:parallel_to_serial|parallel_reg[3][23]                                                              ; Merged with m08_cnn1d:cnn1d|conv1d_layer:conv1d_layer|conv1d:CONVOLUTION_1D[0].conv1d|p2s:parallel_to_serial|parallel_reg[3][23]                                                              ;
; m08_cnn1d:cnn1d|conv1d_layer:conv1d_layer|conv1d:CONVOLUTION_1D[0].conv1d|p2s:parallel_to_serial|parallel_reg[0][10]                                                              ; Merged with m08_cnn1d:cnn1d|conv1d_layer:conv1d_layer|conv1d:CONVOLUTION_1D[0].conv1d|p2s:parallel_to_serial|parallel_reg[0][0]                                                               ;
; m08_cnn1d:cnn1d|conv1d_layer:conv1d_layer|conv1d:CONVOLUTION_1D[0].conv1d|p2s:parallel_to_serial|parallel_reg[0][11]                                                              ; Merged with m08_cnn1d:cnn1d|conv1d_layer:conv1d_layer|conv1d:CONVOLUTION_1D[0].conv1d|p2s:parallel_to_serial|parallel_reg[0][0]                                                               ;
; m08_cnn1d:cnn1d|conv1d_layer:conv1d_layer|conv1d:CONVOLUTION_1D[0].conv1d|p2s:parallel_to_serial|parallel_reg[0][1]                                                               ; Merged with m08_cnn1d:cnn1d|conv1d_layer:conv1d_layer|conv1d:CONVOLUTION_1D[0].conv1d|p2s:parallel_to_serial|parallel_reg[0][0]                                                               ;
; m08_cnn1d:cnn1d|conv1d_layer:conv1d_layer|conv1d:CONVOLUTION_1D[0].conv1d|p2s:parallel_to_serial|parallel_reg[0][2]                                                               ; Merged with m08_cnn1d:cnn1d|conv1d_layer:conv1d_layer|conv1d:CONVOLUTION_1D[0].conv1d|p2s:parallel_to_serial|parallel_reg[0][0]                                                               ;
; m08_cnn1d:cnn1d|conv1d_layer:conv1d_layer|conv1d:CONVOLUTION_1D[0].conv1d|p2s:parallel_to_serial|parallel_reg[0][3]                                                               ; Merged with m08_cnn1d:cnn1d|conv1d_layer:conv1d_layer|conv1d:CONVOLUTION_1D[0].conv1d|p2s:parallel_to_serial|parallel_reg[0][0]                                                               ;
; m08_cnn1d:cnn1d|conv1d_layer:conv1d_layer|conv1d:CONVOLUTION_1D[0].conv1d|p2s:parallel_to_serial|parallel_reg[0][4]                                                               ; Merged with m08_cnn1d:cnn1d|conv1d_layer:conv1d_layer|conv1d:CONVOLUTION_1D[0].conv1d|p2s:parallel_to_serial|parallel_reg[0][0]                                                               ;
; m08_cnn1d:cnn1d|conv1d_layer:conv1d_layer|conv1d:CONVOLUTION_1D[0].conv1d|p2s:parallel_to_serial|parallel_reg[0][5]                                                               ; Merged with m08_cnn1d:cnn1d|conv1d_layer:conv1d_layer|conv1d:CONVOLUTION_1D[0].conv1d|p2s:parallel_to_serial|parallel_reg[0][0]                                                               ;
; m08_cnn1d:cnn1d|conv1d_layer:conv1d_layer|conv1d:CONVOLUTION_1D[0].conv1d|p2s:parallel_to_serial|parallel_reg[0][6]                                                               ; Merged with m08_cnn1d:cnn1d|conv1d_layer:conv1d_layer|conv1d:CONVOLUTION_1D[0].conv1d|p2s:parallel_to_serial|parallel_reg[0][0]                                                               ;
; m08_cnn1d:cnn1d|conv1d_layer:conv1d_layer|conv1d:CONVOLUTION_1D[0].conv1d|p2s:parallel_to_serial|parallel_reg[0][7]                                                               ; Merged with m08_cnn1d:cnn1d|conv1d_layer:conv1d_layer|conv1d:CONVOLUTION_1D[0].conv1d|p2s:parallel_to_serial|parallel_reg[0][0]                                                               ;
; m08_cnn1d:cnn1d|conv1d_layer:conv1d_layer|conv1d:CONVOLUTION_1D[0].conv1d|p2s:parallel_to_serial|parallel_reg[0][8]                                                               ; Merged with m08_cnn1d:cnn1d|conv1d_layer:conv1d_layer|conv1d:CONVOLUTION_1D[0].conv1d|p2s:parallel_to_serial|parallel_reg[0][0]                                                               ;
; m08_cnn1d:cnn1d|conv1d_layer:conv1d_layer|conv1d:CONVOLUTION_1D[0].conv1d|p2s:parallel_to_serial|parallel_reg[0][9]                                                               ; Merged with m08_cnn1d:cnn1d|conv1d_layer:conv1d_layer|conv1d:CONVOLUTION_1D[0].conv1d|p2s:parallel_to_serial|parallel_reg[0][0]                                                               ;
; m08_cnn1d:cnn1d|conv1d_layer:conv1d_layer|conv1d:CONVOLUTION_1D[1].conv1d|p2s:parallel_to_serial|parallel_reg[0][0]                                                               ; Merged with m08_cnn1d:cnn1d|conv1d_layer:conv1d_layer|conv1d:CONVOLUTION_1D[0].conv1d|p2s:parallel_to_serial|parallel_reg[0][0]                                                               ;
; m08_cnn1d:cnn1d|conv1d_layer:conv1d_layer|conv1d:CONVOLUTION_1D[1].conv1d|p2s:parallel_to_serial|parallel_reg[0][10]                                                              ; Merged with m08_cnn1d:cnn1d|conv1d_layer:conv1d_layer|conv1d:CONVOLUTION_1D[0].conv1d|p2s:parallel_to_serial|parallel_reg[0][0]                                                               ;
; m08_cnn1d:cnn1d|conv1d_layer:conv1d_layer|conv1d:CONVOLUTION_1D[1].conv1d|p2s:parallel_to_serial|parallel_reg[0][11]                                                              ; Merged with m08_cnn1d:cnn1d|conv1d_layer:conv1d_layer|conv1d:CONVOLUTION_1D[0].conv1d|p2s:parallel_to_serial|parallel_reg[0][0]                                                               ;
; m08_cnn1d:cnn1d|conv1d_layer:conv1d_layer|conv1d:CONVOLUTION_1D[1].conv1d|p2s:parallel_to_serial|parallel_reg[0][1]                                                               ; Merged with m08_cnn1d:cnn1d|conv1d_layer:conv1d_layer|conv1d:CONVOLUTION_1D[0].conv1d|p2s:parallel_to_serial|parallel_reg[0][0]                                                               ;
; m08_cnn1d:cnn1d|conv1d_layer:conv1d_layer|conv1d:CONVOLUTION_1D[1].conv1d|p2s:parallel_to_serial|parallel_reg[0][2]                                                               ; Merged with m08_cnn1d:cnn1d|conv1d_layer:conv1d_layer|conv1d:CONVOLUTION_1D[0].conv1d|p2s:parallel_to_serial|parallel_reg[0][0]                                                               ;
; m08_cnn1d:cnn1d|conv1d_layer:conv1d_layer|conv1d:CONVOLUTION_1D[1].conv1d|p2s:parallel_to_serial|parallel_reg[0][3]                                                               ; Merged with m08_cnn1d:cnn1d|conv1d_layer:conv1d_layer|conv1d:CONVOLUTION_1D[0].conv1d|p2s:parallel_to_serial|parallel_reg[0][0]                                                               ;
; m08_cnn1d:cnn1d|conv1d_layer:conv1d_layer|conv1d:CONVOLUTION_1D[1].conv1d|p2s:parallel_to_serial|parallel_reg[0][4]                                                               ; Merged with m08_cnn1d:cnn1d|conv1d_layer:conv1d_layer|conv1d:CONVOLUTION_1D[0].conv1d|p2s:parallel_to_serial|parallel_reg[0][0]                                                               ;
; m08_cnn1d:cnn1d|conv1d_layer:conv1d_layer|conv1d:CONVOLUTION_1D[1].conv1d|p2s:parallel_to_serial|parallel_reg[0][5]                                                               ; Merged with m08_cnn1d:cnn1d|conv1d_layer:conv1d_layer|conv1d:CONVOLUTION_1D[0].conv1d|p2s:parallel_to_serial|parallel_reg[0][0]                                                               ;
; m08_cnn1d:cnn1d|conv1d_layer:conv1d_layer|conv1d:CONVOLUTION_1D[1].conv1d|p2s:parallel_to_serial|parallel_reg[0][6]                                                               ; Merged with m08_cnn1d:cnn1d|conv1d_layer:conv1d_layer|conv1d:CONVOLUTION_1D[0].conv1d|p2s:parallel_to_serial|parallel_reg[0][0]                                                               ;
; m08_cnn1d:cnn1d|conv1d_layer:conv1d_layer|conv1d:CONVOLUTION_1D[1].conv1d|p2s:parallel_to_serial|parallel_reg[0][7]                                                               ; Merged with m08_cnn1d:cnn1d|conv1d_layer:conv1d_layer|conv1d:CONVOLUTION_1D[0].conv1d|p2s:parallel_to_serial|parallel_reg[0][0]                                                               ;
; m08_cnn1d:cnn1d|conv1d_layer:conv1d_layer|conv1d:CONVOLUTION_1D[1].conv1d|p2s:parallel_to_serial|parallel_reg[0][8]                                                               ; Merged with m08_cnn1d:cnn1d|conv1d_layer:conv1d_layer|conv1d:CONVOLUTION_1D[0].conv1d|p2s:parallel_to_serial|parallel_reg[0][0]                                                               ;
; m08_cnn1d:cnn1d|conv1d_layer:conv1d_layer|conv1d:CONVOLUTION_1D[1].conv1d|p2s:parallel_to_serial|parallel_reg[0][9]                                                               ; Merged with m08_cnn1d:cnn1d|conv1d_layer:conv1d_layer|conv1d:CONVOLUTION_1D[0].conv1d|p2s:parallel_to_serial|parallel_reg[0][0]                                                               ;
; m08_cnn1d:cnn1d|conv1d_layer:conv1d_layer|conv1d:CONVOLUTION_1D[0].conv1d|p2s:parallel_to_serial|parallel_reg[1][10]                                                              ; Merged with m08_cnn1d:cnn1d|conv1d_layer:conv1d_layer|conv1d:CONVOLUTION_1D[0].conv1d|p2s:parallel_to_serial|parallel_reg[1][0]                                                               ;
; m08_cnn1d:cnn1d|conv1d_layer:conv1d_layer|conv1d:CONVOLUTION_1D[0].conv1d|p2s:parallel_to_serial|parallel_reg[1][11]                                                              ; Merged with m08_cnn1d:cnn1d|conv1d_layer:conv1d_layer|conv1d:CONVOLUTION_1D[0].conv1d|p2s:parallel_to_serial|parallel_reg[1][0]                                                               ;
; m08_cnn1d:cnn1d|conv1d_layer:conv1d_layer|conv1d:CONVOLUTION_1D[0].conv1d|p2s:parallel_to_serial|parallel_reg[1][1]                                                               ; Merged with m08_cnn1d:cnn1d|conv1d_layer:conv1d_layer|conv1d:CONVOLUTION_1D[0].conv1d|p2s:parallel_to_serial|parallel_reg[1][0]                                                               ;
; m08_cnn1d:cnn1d|conv1d_layer:conv1d_layer|conv1d:CONVOLUTION_1D[0].conv1d|p2s:parallel_to_serial|parallel_reg[1][2]                                                               ; Merged with m08_cnn1d:cnn1d|conv1d_layer:conv1d_layer|conv1d:CONVOLUTION_1D[0].conv1d|p2s:parallel_to_serial|parallel_reg[1][0]                                                               ;
; m08_cnn1d:cnn1d|conv1d_layer:conv1d_layer|conv1d:CONVOLUTION_1D[0].conv1d|p2s:parallel_to_serial|parallel_reg[1][3]                                                               ; Merged with m08_cnn1d:cnn1d|conv1d_layer:conv1d_layer|conv1d:CONVOLUTION_1D[0].conv1d|p2s:parallel_to_serial|parallel_reg[1][0]                                                               ;
; m08_cnn1d:cnn1d|conv1d_layer:conv1d_layer|conv1d:CONVOLUTION_1D[0].conv1d|p2s:parallel_to_serial|parallel_reg[1][4]                                                               ; Merged with m08_cnn1d:cnn1d|conv1d_layer:conv1d_layer|conv1d:CONVOLUTION_1D[0].conv1d|p2s:parallel_to_serial|parallel_reg[1][0]                                                               ;
; m08_cnn1d:cnn1d|conv1d_layer:conv1d_layer|conv1d:CONVOLUTION_1D[0].conv1d|p2s:parallel_to_serial|parallel_reg[1][5]                                                               ; Merged with m08_cnn1d:cnn1d|conv1d_layer:conv1d_layer|conv1d:CONVOLUTION_1D[0].conv1d|p2s:parallel_to_serial|parallel_reg[1][0]                                                               ;
; m08_cnn1d:cnn1d|conv1d_layer:conv1d_layer|conv1d:CONVOLUTION_1D[0].conv1d|p2s:parallel_to_serial|parallel_reg[1][6]                                                               ; Merged with m08_cnn1d:cnn1d|conv1d_layer:conv1d_layer|conv1d:CONVOLUTION_1D[0].conv1d|p2s:parallel_to_serial|parallel_reg[1][0]                                                               ;
; m08_cnn1d:cnn1d|conv1d_layer:conv1d_layer|conv1d:CONVOLUTION_1D[0].conv1d|p2s:parallel_to_serial|parallel_reg[1][7]                                                               ; Merged with m08_cnn1d:cnn1d|conv1d_layer:conv1d_layer|conv1d:CONVOLUTION_1D[0].conv1d|p2s:parallel_to_serial|parallel_reg[1][0]                                                               ;
; m08_cnn1d:cnn1d|conv1d_layer:conv1d_layer|conv1d:CONVOLUTION_1D[0].conv1d|p2s:parallel_to_serial|parallel_reg[1][8]                                                               ; Merged with m08_cnn1d:cnn1d|conv1d_layer:conv1d_layer|conv1d:CONVOLUTION_1D[0].conv1d|p2s:parallel_to_serial|parallel_reg[1][0]                                                               ;
; m08_cnn1d:cnn1d|conv1d_layer:conv1d_layer|conv1d:CONVOLUTION_1D[0].conv1d|p2s:parallel_to_serial|parallel_reg[1][9]                                                               ; Merged with m08_cnn1d:cnn1d|conv1d_layer:conv1d_layer|conv1d:CONVOLUTION_1D[0].conv1d|p2s:parallel_to_serial|parallel_reg[1][0]                                                               ;
; m08_cnn1d:cnn1d|conv1d_layer:conv1d_layer|conv1d:CONVOLUTION_1D[1].conv1d|p2s:parallel_to_serial|parallel_reg[1][0]                                                               ; Merged with m08_cnn1d:cnn1d|conv1d_layer:conv1d_layer|conv1d:CONVOLUTION_1D[0].conv1d|p2s:parallel_to_serial|parallel_reg[1][0]                                                               ;
; m08_cnn1d:cnn1d|conv1d_layer:conv1d_layer|conv1d:CONVOLUTION_1D[1].conv1d|p2s:parallel_to_serial|parallel_reg[1][10]                                                              ; Merged with m08_cnn1d:cnn1d|conv1d_layer:conv1d_layer|conv1d:CONVOLUTION_1D[0].conv1d|p2s:parallel_to_serial|parallel_reg[1][0]                                                               ;
; m08_cnn1d:cnn1d|conv1d_layer:conv1d_layer|conv1d:CONVOLUTION_1D[1].conv1d|p2s:parallel_to_serial|parallel_reg[1][11]                                                              ; Merged with m08_cnn1d:cnn1d|conv1d_layer:conv1d_layer|conv1d:CONVOLUTION_1D[0].conv1d|p2s:parallel_to_serial|parallel_reg[1][0]                                                               ;
; m08_cnn1d:cnn1d|conv1d_layer:conv1d_layer|conv1d:CONVOLUTION_1D[1].conv1d|p2s:parallel_to_serial|parallel_reg[1][1]                                                               ; Merged with m08_cnn1d:cnn1d|conv1d_layer:conv1d_layer|conv1d:CONVOLUTION_1D[0].conv1d|p2s:parallel_to_serial|parallel_reg[1][0]                                                               ;
; m08_cnn1d:cnn1d|conv1d_layer:conv1d_layer|conv1d:CONVOLUTION_1D[1].conv1d|p2s:parallel_to_serial|parallel_reg[1][2]                                                               ; Merged with m08_cnn1d:cnn1d|conv1d_layer:conv1d_layer|conv1d:CONVOLUTION_1D[0].conv1d|p2s:parallel_to_serial|parallel_reg[1][0]                                                               ;
; m08_cnn1d:cnn1d|conv1d_layer:conv1d_layer|conv1d:CONVOLUTION_1D[1].conv1d|p2s:parallel_to_serial|parallel_reg[1][3]                                                               ; Merged with m08_cnn1d:cnn1d|conv1d_layer:conv1d_layer|conv1d:CONVOLUTION_1D[0].conv1d|p2s:parallel_to_serial|parallel_reg[1][0]                                                               ;
; m08_cnn1d:cnn1d|conv1d_layer:conv1d_layer|conv1d:CONVOLUTION_1D[1].conv1d|p2s:parallel_to_serial|parallel_reg[1][4]                                                               ; Merged with m08_cnn1d:cnn1d|conv1d_layer:conv1d_layer|conv1d:CONVOLUTION_1D[0].conv1d|p2s:parallel_to_serial|parallel_reg[1][0]                                                               ;
; m08_cnn1d:cnn1d|conv1d_layer:conv1d_layer|conv1d:CONVOLUTION_1D[1].conv1d|p2s:parallel_to_serial|parallel_reg[1][5]                                                               ; Merged with m08_cnn1d:cnn1d|conv1d_layer:conv1d_layer|conv1d:CONVOLUTION_1D[0].conv1d|p2s:parallel_to_serial|parallel_reg[1][0]                                                               ;
; m08_cnn1d:cnn1d|conv1d_layer:conv1d_layer|conv1d:CONVOLUTION_1D[1].conv1d|p2s:parallel_to_serial|parallel_reg[1][6]                                                               ; Merged with m08_cnn1d:cnn1d|conv1d_layer:conv1d_layer|conv1d:CONVOLUTION_1D[0].conv1d|p2s:parallel_to_serial|parallel_reg[1][0]                                                               ;
; m08_cnn1d:cnn1d|conv1d_layer:conv1d_layer|conv1d:CONVOLUTION_1D[1].conv1d|p2s:parallel_to_serial|parallel_reg[1][7]                                                               ; Merged with m08_cnn1d:cnn1d|conv1d_layer:conv1d_layer|conv1d:CONVOLUTION_1D[0].conv1d|p2s:parallel_to_serial|parallel_reg[1][0]                                                               ;
; m08_cnn1d:cnn1d|conv1d_layer:conv1d_layer|conv1d:CONVOLUTION_1D[1].conv1d|p2s:parallel_to_serial|parallel_reg[1][8]                                                               ; Merged with m08_cnn1d:cnn1d|conv1d_layer:conv1d_layer|conv1d:CONVOLUTION_1D[0].conv1d|p2s:parallel_to_serial|parallel_reg[1][0]                                                               ;
; m08_cnn1d:cnn1d|conv1d_layer:conv1d_layer|conv1d:CONVOLUTION_1D[1].conv1d|p2s:parallel_to_serial|parallel_reg[1][9]                                                               ; Merged with m08_cnn1d:cnn1d|conv1d_layer:conv1d_layer|conv1d:CONVOLUTION_1D[0].conv1d|p2s:parallel_to_serial|parallel_reg[1][0]                                                               ;
; m08_cnn1d:cnn1d|conv1d_layer:conv1d_layer|conv1d:CONVOLUTION_1D[0].conv1d|p2s:parallel_to_serial|parallel_reg[2][10]                                                              ; Merged with m08_cnn1d:cnn1d|conv1d_layer:conv1d_layer|conv1d:CONVOLUTION_1D[0].conv1d|p2s:parallel_to_serial|parallel_reg[2][0]                                                               ;
; m08_cnn1d:cnn1d|conv1d_layer:conv1d_layer|conv1d:CONVOLUTION_1D[0].conv1d|p2s:parallel_to_serial|parallel_reg[2][11]                                                              ; Merged with m08_cnn1d:cnn1d|conv1d_layer:conv1d_layer|conv1d:CONVOLUTION_1D[0].conv1d|p2s:parallel_to_serial|parallel_reg[2][0]                                                               ;
; m08_cnn1d:cnn1d|conv1d_layer:conv1d_layer|conv1d:CONVOLUTION_1D[0].conv1d|p2s:parallel_to_serial|parallel_reg[2][1]                                                               ; Merged with m08_cnn1d:cnn1d|conv1d_layer:conv1d_layer|conv1d:CONVOLUTION_1D[0].conv1d|p2s:parallel_to_serial|parallel_reg[2][0]                                                               ;
; m08_cnn1d:cnn1d|conv1d_layer:conv1d_layer|conv1d:CONVOLUTION_1D[0].conv1d|p2s:parallel_to_serial|parallel_reg[2][2]                                                               ; Merged with m08_cnn1d:cnn1d|conv1d_layer:conv1d_layer|conv1d:CONVOLUTION_1D[0].conv1d|p2s:parallel_to_serial|parallel_reg[2][0]                                                               ;
; m08_cnn1d:cnn1d|conv1d_layer:conv1d_layer|conv1d:CONVOLUTION_1D[0].conv1d|p2s:parallel_to_serial|parallel_reg[2][3]                                                               ; Merged with m08_cnn1d:cnn1d|conv1d_layer:conv1d_layer|conv1d:CONVOLUTION_1D[0].conv1d|p2s:parallel_to_serial|parallel_reg[2][0]                                                               ;
; m08_cnn1d:cnn1d|conv1d_layer:conv1d_layer|conv1d:CONVOLUTION_1D[0].conv1d|p2s:parallel_to_serial|parallel_reg[2][4]                                                               ; Merged with m08_cnn1d:cnn1d|conv1d_layer:conv1d_layer|conv1d:CONVOLUTION_1D[0].conv1d|p2s:parallel_to_serial|parallel_reg[2][0]                                                               ;
; m08_cnn1d:cnn1d|conv1d_layer:conv1d_layer|conv1d:CONVOLUTION_1D[0].conv1d|p2s:parallel_to_serial|parallel_reg[2][5]                                                               ; Merged with m08_cnn1d:cnn1d|conv1d_layer:conv1d_layer|conv1d:CONVOLUTION_1D[0].conv1d|p2s:parallel_to_serial|parallel_reg[2][0]                                                               ;
; m08_cnn1d:cnn1d|conv1d_layer:conv1d_layer|conv1d:CONVOLUTION_1D[0].conv1d|p2s:parallel_to_serial|parallel_reg[2][6]                                                               ; Merged with m08_cnn1d:cnn1d|conv1d_layer:conv1d_layer|conv1d:CONVOLUTION_1D[0].conv1d|p2s:parallel_to_serial|parallel_reg[2][0]                                                               ;
; m08_cnn1d:cnn1d|conv1d_layer:conv1d_layer|conv1d:CONVOLUTION_1D[0].conv1d|p2s:parallel_to_serial|parallel_reg[2][7]                                                               ; Merged with m08_cnn1d:cnn1d|conv1d_layer:conv1d_layer|conv1d:CONVOLUTION_1D[0].conv1d|p2s:parallel_to_serial|parallel_reg[2][0]                                                               ;
; m08_cnn1d:cnn1d|conv1d_layer:conv1d_layer|conv1d:CONVOLUTION_1D[0].conv1d|p2s:parallel_to_serial|parallel_reg[2][8]                                                               ; Merged with m08_cnn1d:cnn1d|conv1d_layer:conv1d_layer|conv1d:CONVOLUTION_1D[0].conv1d|p2s:parallel_to_serial|parallel_reg[2][0]                                                               ;
; m08_cnn1d:cnn1d|conv1d_layer:conv1d_layer|conv1d:CONVOLUTION_1D[0].conv1d|p2s:parallel_to_serial|parallel_reg[2][9]                                                               ; Merged with m08_cnn1d:cnn1d|conv1d_layer:conv1d_layer|conv1d:CONVOLUTION_1D[0].conv1d|p2s:parallel_to_serial|parallel_reg[2][0]                                                               ;
; m08_cnn1d:cnn1d|conv1d_layer:conv1d_layer|conv1d:CONVOLUTION_1D[1].conv1d|p2s:parallel_to_serial|parallel_reg[2][0]                                                               ; Merged with m08_cnn1d:cnn1d|conv1d_layer:conv1d_layer|conv1d:CONVOLUTION_1D[0].conv1d|p2s:parallel_to_serial|parallel_reg[2][0]                                                               ;
; m08_cnn1d:cnn1d|conv1d_layer:conv1d_layer|conv1d:CONVOLUTION_1D[1].conv1d|p2s:parallel_to_serial|parallel_reg[2][10]                                                              ; Merged with m08_cnn1d:cnn1d|conv1d_layer:conv1d_layer|conv1d:CONVOLUTION_1D[0].conv1d|p2s:parallel_to_serial|parallel_reg[2][0]                                                               ;
; m08_cnn1d:cnn1d|conv1d_layer:conv1d_layer|conv1d:CONVOLUTION_1D[1].conv1d|p2s:parallel_to_serial|parallel_reg[2][11]                                                              ; Merged with m08_cnn1d:cnn1d|conv1d_layer:conv1d_layer|conv1d:CONVOLUTION_1D[0].conv1d|p2s:parallel_to_serial|parallel_reg[2][0]                                                               ;
; m08_cnn1d:cnn1d|conv1d_layer:conv1d_layer|conv1d:CONVOLUTION_1D[1].conv1d|p2s:parallel_to_serial|parallel_reg[2][1]                                                               ; Merged with m08_cnn1d:cnn1d|conv1d_layer:conv1d_layer|conv1d:CONVOLUTION_1D[0].conv1d|p2s:parallel_to_serial|parallel_reg[2][0]                                                               ;
; m08_cnn1d:cnn1d|conv1d_layer:conv1d_layer|conv1d:CONVOLUTION_1D[1].conv1d|p2s:parallel_to_serial|parallel_reg[2][2]                                                               ; Merged with m08_cnn1d:cnn1d|conv1d_layer:conv1d_layer|conv1d:CONVOLUTION_1D[0].conv1d|p2s:parallel_to_serial|parallel_reg[2][0]                                                               ;
; m08_cnn1d:cnn1d|conv1d_layer:conv1d_layer|conv1d:CONVOLUTION_1D[1].conv1d|p2s:parallel_to_serial|parallel_reg[2][3]                                                               ; Merged with m08_cnn1d:cnn1d|conv1d_layer:conv1d_layer|conv1d:CONVOLUTION_1D[0].conv1d|p2s:parallel_to_serial|parallel_reg[2][0]                                                               ;
; m08_cnn1d:cnn1d|conv1d_layer:conv1d_layer|conv1d:CONVOLUTION_1D[1].conv1d|p2s:parallel_to_serial|parallel_reg[2][4]                                                               ; Merged with m08_cnn1d:cnn1d|conv1d_layer:conv1d_layer|conv1d:CONVOLUTION_1D[0].conv1d|p2s:parallel_to_serial|parallel_reg[2][0]                                                               ;
; m08_cnn1d:cnn1d|conv1d_layer:conv1d_layer|conv1d:CONVOLUTION_1D[1].conv1d|p2s:parallel_to_serial|parallel_reg[2][5]                                                               ; Merged with m08_cnn1d:cnn1d|conv1d_layer:conv1d_layer|conv1d:CONVOLUTION_1D[0].conv1d|p2s:parallel_to_serial|parallel_reg[2][0]                                                               ;
; m08_cnn1d:cnn1d|conv1d_layer:conv1d_layer|conv1d:CONVOLUTION_1D[1].conv1d|p2s:parallel_to_serial|parallel_reg[2][6]                                                               ; Merged with m08_cnn1d:cnn1d|conv1d_layer:conv1d_layer|conv1d:CONVOLUTION_1D[0].conv1d|p2s:parallel_to_serial|parallel_reg[2][0]                                                               ;
; m08_cnn1d:cnn1d|conv1d_layer:conv1d_layer|conv1d:CONVOLUTION_1D[1].conv1d|p2s:parallel_to_serial|parallel_reg[2][7]                                                               ; Merged with m08_cnn1d:cnn1d|conv1d_layer:conv1d_layer|conv1d:CONVOLUTION_1D[0].conv1d|p2s:parallel_to_serial|parallel_reg[2][0]                                                               ;
; m08_cnn1d:cnn1d|conv1d_layer:conv1d_layer|conv1d:CONVOLUTION_1D[1].conv1d|p2s:parallel_to_serial|parallel_reg[2][8]                                                               ; Merged with m08_cnn1d:cnn1d|conv1d_layer:conv1d_layer|conv1d:CONVOLUTION_1D[0].conv1d|p2s:parallel_to_serial|parallel_reg[2][0]                                                               ;
; m08_cnn1d:cnn1d|conv1d_layer:conv1d_layer|conv1d:CONVOLUTION_1D[1].conv1d|p2s:parallel_to_serial|parallel_reg[2][9]                                                               ; Merged with m08_cnn1d:cnn1d|conv1d_layer:conv1d_layer|conv1d:CONVOLUTION_1D[0].conv1d|p2s:parallel_to_serial|parallel_reg[2][0]                                                               ;
; m08_cnn1d:cnn1d|conv1d_layer:conv1d_layer|conv1d:CONVOLUTION_1D[0].conv1d|p2s:parallel_to_serial|parallel_reg[3][10]                                                              ; Merged with m08_cnn1d:cnn1d|conv1d_layer:conv1d_layer|conv1d:CONVOLUTION_1D[0].conv1d|p2s:parallel_to_serial|parallel_reg[3][0]                                                               ;
; m08_cnn1d:cnn1d|conv1d_layer:conv1d_layer|conv1d:CONVOLUTION_1D[0].conv1d|p2s:parallel_to_serial|parallel_reg[3][11]                                                              ; Merged with m08_cnn1d:cnn1d|conv1d_layer:conv1d_layer|conv1d:CONVOLUTION_1D[0].conv1d|p2s:parallel_to_serial|parallel_reg[3][0]                                                               ;
; m08_cnn1d:cnn1d|conv1d_layer:conv1d_layer|conv1d:CONVOLUTION_1D[0].conv1d|p2s:parallel_to_serial|parallel_reg[3][1]                                                               ; Merged with m08_cnn1d:cnn1d|conv1d_layer:conv1d_layer|conv1d:CONVOLUTION_1D[0].conv1d|p2s:parallel_to_serial|parallel_reg[3][0]                                                               ;
; m08_cnn1d:cnn1d|conv1d_layer:conv1d_layer|conv1d:CONVOLUTION_1D[0].conv1d|p2s:parallel_to_serial|parallel_reg[3][2]                                                               ; Merged with m08_cnn1d:cnn1d|conv1d_layer:conv1d_layer|conv1d:CONVOLUTION_1D[0].conv1d|p2s:parallel_to_serial|parallel_reg[3][0]                                                               ;
; m08_cnn1d:cnn1d|conv1d_layer:conv1d_layer|conv1d:CONVOLUTION_1D[0].conv1d|p2s:parallel_to_serial|parallel_reg[3][3]                                                               ; Merged with m08_cnn1d:cnn1d|conv1d_layer:conv1d_layer|conv1d:CONVOLUTION_1D[0].conv1d|p2s:parallel_to_serial|parallel_reg[3][0]                                                               ;
; m08_cnn1d:cnn1d|conv1d_layer:conv1d_layer|conv1d:CONVOLUTION_1D[0].conv1d|p2s:parallel_to_serial|parallel_reg[3][4]                                                               ; Merged with m08_cnn1d:cnn1d|conv1d_layer:conv1d_layer|conv1d:CONVOLUTION_1D[0].conv1d|p2s:parallel_to_serial|parallel_reg[3][0]                                                               ;
; m08_cnn1d:cnn1d|conv1d_layer:conv1d_layer|conv1d:CONVOLUTION_1D[0].conv1d|p2s:parallel_to_serial|parallel_reg[3][5]                                                               ; Merged with m08_cnn1d:cnn1d|conv1d_layer:conv1d_layer|conv1d:CONVOLUTION_1D[0].conv1d|p2s:parallel_to_serial|parallel_reg[3][0]                                                               ;
; m08_cnn1d:cnn1d|conv1d_layer:conv1d_layer|conv1d:CONVOLUTION_1D[0].conv1d|p2s:parallel_to_serial|parallel_reg[3][6]                                                               ; Merged with m08_cnn1d:cnn1d|conv1d_layer:conv1d_layer|conv1d:CONVOLUTION_1D[0].conv1d|p2s:parallel_to_serial|parallel_reg[3][0]                                                               ;
; m08_cnn1d:cnn1d|conv1d_layer:conv1d_layer|conv1d:CONVOLUTION_1D[0].conv1d|p2s:parallel_to_serial|parallel_reg[3][7]                                                               ; Merged with m08_cnn1d:cnn1d|conv1d_layer:conv1d_layer|conv1d:CONVOLUTION_1D[0].conv1d|p2s:parallel_to_serial|parallel_reg[3][0]                                                               ;
; m08_cnn1d:cnn1d|conv1d_layer:conv1d_layer|conv1d:CONVOLUTION_1D[0].conv1d|p2s:parallel_to_serial|parallel_reg[3][8]                                                               ; Merged with m08_cnn1d:cnn1d|conv1d_layer:conv1d_layer|conv1d:CONVOLUTION_1D[0].conv1d|p2s:parallel_to_serial|parallel_reg[3][0]                                                               ;
; m08_cnn1d:cnn1d|conv1d_layer:conv1d_layer|conv1d:CONVOLUTION_1D[0].conv1d|p2s:parallel_to_serial|parallel_reg[3][9]                                                               ; Merged with m08_cnn1d:cnn1d|conv1d_layer:conv1d_layer|conv1d:CONVOLUTION_1D[0].conv1d|p2s:parallel_to_serial|parallel_reg[3][0]                                                               ;
; m08_cnn1d:cnn1d|conv1d_layer:conv1d_layer|conv1d:CONVOLUTION_1D[1].conv1d|p2s:parallel_to_serial|parallel_reg[3][0]                                                               ; Merged with m08_cnn1d:cnn1d|conv1d_layer:conv1d_layer|conv1d:CONVOLUTION_1D[0].conv1d|p2s:parallel_to_serial|parallel_reg[3][0]                                                               ;
; m08_cnn1d:cnn1d|conv1d_layer:conv1d_layer|conv1d:CONVOLUTION_1D[1].conv1d|p2s:parallel_to_serial|parallel_reg[3][10]                                                              ; Merged with m08_cnn1d:cnn1d|conv1d_layer:conv1d_layer|conv1d:CONVOLUTION_1D[0].conv1d|p2s:parallel_to_serial|parallel_reg[3][0]                                                               ;
; m08_cnn1d:cnn1d|conv1d_layer:conv1d_layer|conv1d:CONVOLUTION_1D[1].conv1d|p2s:parallel_to_serial|parallel_reg[3][11]                                                              ; Merged with m08_cnn1d:cnn1d|conv1d_layer:conv1d_layer|conv1d:CONVOLUTION_1D[0].conv1d|p2s:parallel_to_serial|parallel_reg[3][0]                                                               ;
; m08_cnn1d:cnn1d|conv1d_layer:conv1d_layer|conv1d:CONVOLUTION_1D[1].conv1d|p2s:parallel_to_serial|parallel_reg[3][1]                                                               ; Merged with m08_cnn1d:cnn1d|conv1d_layer:conv1d_layer|conv1d:CONVOLUTION_1D[0].conv1d|p2s:parallel_to_serial|parallel_reg[3][0]                                                               ;
; m08_cnn1d:cnn1d|conv1d_layer:conv1d_layer|conv1d:CONVOLUTION_1D[1].conv1d|p2s:parallel_to_serial|parallel_reg[3][2]                                                               ; Merged with m08_cnn1d:cnn1d|conv1d_layer:conv1d_layer|conv1d:CONVOLUTION_1D[0].conv1d|p2s:parallel_to_serial|parallel_reg[3][0]                                                               ;
; m08_cnn1d:cnn1d|conv1d_layer:conv1d_layer|conv1d:CONVOLUTION_1D[1].conv1d|p2s:parallel_to_serial|parallel_reg[3][3]                                                               ; Merged with m08_cnn1d:cnn1d|conv1d_layer:conv1d_layer|conv1d:CONVOLUTION_1D[0].conv1d|p2s:parallel_to_serial|parallel_reg[3][0]                                                               ;
; m08_cnn1d:cnn1d|conv1d_layer:conv1d_layer|conv1d:CONVOLUTION_1D[1].conv1d|p2s:parallel_to_serial|parallel_reg[3][4]                                                               ; Merged with m08_cnn1d:cnn1d|conv1d_layer:conv1d_layer|conv1d:CONVOLUTION_1D[0].conv1d|p2s:parallel_to_serial|parallel_reg[3][0]                                                               ;
; m08_cnn1d:cnn1d|conv1d_layer:conv1d_layer|conv1d:CONVOLUTION_1D[1].conv1d|p2s:parallel_to_serial|parallel_reg[3][5]                                                               ; Merged with m08_cnn1d:cnn1d|conv1d_layer:conv1d_layer|conv1d:CONVOLUTION_1D[0].conv1d|p2s:parallel_to_serial|parallel_reg[3][0]                                                               ;
; m08_cnn1d:cnn1d|conv1d_layer:conv1d_layer|conv1d:CONVOLUTION_1D[1].conv1d|p2s:parallel_to_serial|parallel_reg[3][6]                                                               ; Merged with m08_cnn1d:cnn1d|conv1d_layer:conv1d_layer|conv1d:CONVOLUTION_1D[0].conv1d|p2s:parallel_to_serial|parallel_reg[3][0]                                                               ;
; m08_cnn1d:cnn1d|conv1d_layer:conv1d_layer|conv1d:CONVOLUTION_1D[1].conv1d|p2s:parallel_to_serial|parallel_reg[3][7]                                                               ; Merged with m08_cnn1d:cnn1d|conv1d_layer:conv1d_layer|conv1d:CONVOLUTION_1D[0].conv1d|p2s:parallel_to_serial|parallel_reg[3][0]                                                               ;
; m08_cnn1d:cnn1d|conv1d_layer:conv1d_layer|conv1d:CONVOLUTION_1D[1].conv1d|p2s:parallel_to_serial|parallel_reg[3][8]                                                               ; Merged with m08_cnn1d:cnn1d|conv1d_layer:conv1d_layer|conv1d:CONVOLUTION_1D[0].conv1d|p2s:parallel_to_serial|parallel_reg[3][0]                                                               ;
; m08_cnn1d:cnn1d|conv1d_layer:conv1d_layer|conv1d:CONVOLUTION_1D[1].conv1d|p2s:parallel_to_serial|parallel_reg[3][9]                                                               ; Merged with m08_cnn1d:cnn1d|conv1d_layer:conv1d_layer|conv1d:CONVOLUTION_1D[0].conv1d|p2s:parallel_to_serial|parallel_reg[3][0]                                                               ;
; m08_cnn1d:cnn1d|conv1d_layer:conv1d_layer|conv1d:CONVOLUTION_1D[1].conv1d|p2s:parallel_to_serial|parallel_reg[0][12]                                                              ; Merged with m08_cnn1d:cnn1d|conv1d_layer:conv1d_layer|conv1d:CONVOLUTION_1D[0].conv1d|p2s:parallel_to_serial|parallel_reg[0][12]                                                              ;
; m08_cnn1d:cnn1d|conv1d_layer:conv1d_layer|conv1d:CONVOLUTION_1D[1].conv1d|p2s:parallel_to_serial|parallel_reg[1][12]                                                              ; Merged with m08_cnn1d:cnn1d|conv1d_layer:conv1d_layer|conv1d:CONVOLUTION_1D[0].conv1d|p2s:parallel_to_serial|parallel_reg[1][12]                                                              ;
; m08_cnn1d:cnn1d|conv1d_layer:conv1d_layer|conv1d:CONVOLUTION_1D[1].conv1d|p2s:parallel_to_serial|parallel_reg[2][12]                                                              ; Merged with m08_cnn1d:cnn1d|conv1d_layer:conv1d_layer|conv1d:CONVOLUTION_1D[0].conv1d|p2s:parallel_to_serial|parallel_reg[2][12]                                                              ;
; m08_cnn1d:cnn1d|conv1d_layer:conv1d_layer|conv1d:CONVOLUTION_1D[1].conv1d|p2s:parallel_to_serial|parallel_reg[3][12]                                                              ; Merged with m08_cnn1d:cnn1d|conv1d_layer:conv1d_layer|conv1d:CONVOLUTION_1D[0].conv1d|p2s:parallel_to_serial|parallel_reg[3][12]                                                              ;
; m08_cnn1d:cnn1d|conv1d_layer:conv1d_layer|conv1d:CONVOLUTION_1D[1].conv1d|p2s:parallel_to_serial|parallel_reg[0][13]                                                              ; Merged with m08_cnn1d:cnn1d|conv1d_layer:conv1d_layer|conv1d:CONVOLUTION_1D[0].conv1d|p2s:parallel_to_serial|parallel_reg[0][13]                                                              ;
; m08_cnn1d:cnn1d|conv1d_layer:conv1d_layer|conv1d:CONVOLUTION_1D[1].conv1d|p2s:parallel_to_serial|parallel_reg[1][13]                                                              ; Merged with m08_cnn1d:cnn1d|conv1d_layer:conv1d_layer|conv1d:CONVOLUTION_1D[0].conv1d|p2s:parallel_to_serial|parallel_reg[1][13]                                                              ;
; m08_cnn1d:cnn1d|conv1d_layer:conv1d_layer|conv1d:CONVOLUTION_1D[1].conv1d|p2s:parallel_to_serial|parallel_reg[2][13]                                                              ; Merged with m08_cnn1d:cnn1d|conv1d_layer:conv1d_layer|conv1d:CONVOLUTION_1D[0].conv1d|p2s:parallel_to_serial|parallel_reg[2][13]                                                              ;
; m08_cnn1d:cnn1d|conv1d_layer:conv1d_layer|conv1d:CONVOLUTION_1D[1].conv1d|p2s:parallel_to_serial|parallel_reg[3][13]                                                              ; Merged with m08_cnn1d:cnn1d|conv1d_layer:conv1d_layer|conv1d:CONVOLUTION_1D[0].conv1d|p2s:parallel_to_serial|parallel_reg[3][13]                                                              ;
; m08_cnn1d:cnn1d|conv1d_layer:conv1d_layer|conv1d:CONVOLUTION_1D[1].conv1d|p2s:parallel_to_serial|parallel_reg[0][14]                                                              ; Merged with m08_cnn1d:cnn1d|conv1d_layer:conv1d_layer|conv1d:CONVOLUTION_1D[0].conv1d|p2s:parallel_to_serial|parallel_reg[0][14]                                                              ;
; m08_cnn1d:cnn1d|conv1d_layer:conv1d_layer|conv1d:CONVOLUTION_1D[1].conv1d|p2s:parallel_to_serial|parallel_reg[1][14]                                                              ; Merged with m08_cnn1d:cnn1d|conv1d_layer:conv1d_layer|conv1d:CONVOLUTION_1D[0].conv1d|p2s:parallel_to_serial|parallel_reg[1][14]                                                              ;
; m08_cnn1d:cnn1d|conv1d_layer:conv1d_layer|conv1d:CONVOLUTION_1D[1].conv1d|p2s:parallel_to_serial|parallel_reg[2][14]                                                              ; Merged with m08_cnn1d:cnn1d|conv1d_layer:conv1d_layer|conv1d:CONVOLUTION_1D[0].conv1d|p2s:parallel_to_serial|parallel_reg[2][14]                                                              ;
; m08_cnn1d:cnn1d|conv1d_layer:conv1d_layer|conv1d:CONVOLUTION_1D[1].conv1d|p2s:parallel_to_serial|parallel_reg[3][14]                                                              ; Merged with m08_cnn1d:cnn1d|conv1d_layer:conv1d_layer|conv1d:CONVOLUTION_1D[0].conv1d|p2s:parallel_to_serial|parallel_reg[3][14]                                                              ;
; m08_cnn1d:cnn1d|conv1d_layer:conv1d_layer|conv1d:CONVOLUTION_1D[1].conv1d|p2s:parallel_to_serial|parallel_reg[0][15]                                                              ; Merged with m08_cnn1d:cnn1d|conv1d_layer:conv1d_layer|conv1d:CONVOLUTION_1D[0].conv1d|p2s:parallel_to_serial|parallel_reg[0][15]                                                              ;
; m08_cnn1d:cnn1d|conv1d_layer:conv1d_layer|conv1d:CONVOLUTION_1D[1].conv1d|p2s:parallel_to_serial|parallel_reg[1][15]                                                              ; Merged with m08_cnn1d:cnn1d|conv1d_layer:conv1d_layer|conv1d:CONVOLUTION_1D[0].conv1d|p2s:parallel_to_serial|parallel_reg[1][15]                                                              ;
; m08_cnn1d:cnn1d|conv1d_layer:conv1d_layer|conv1d:CONVOLUTION_1D[1].conv1d|p2s:parallel_to_serial|parallel_reg[2][15]                                                              ; Merged with m08_cnn1d:cnn1d|conv1d_layer:conv1d_layer|conv1d:CONVOLUTION_1D[0].conv1d|p2s:parallel_to_serial|parallel_reg[2][15]                                                              ;
; m08_cnn1d:cnn1d|conv1d_layer:conv1d_layer|conv1d:CONVOLUTION_1D[1].conv1d|p2s:parallel_to_serial|parallel_reg[3][15]                                                              ; Merged with m08_cnn1d:cnn1d|conv1d_layer:conv1d_layer|conv1d:CONVOLUTION_1D[0].conv1d|p2s:parallel_to_serial|parallel_reg[3][15]                                                              ;
; m08_cnn1d:cnn1d|conv1d_layer:conv1d_layer|conv1d:CONVOLUTION_1D[1].conv1d|p2s:parallel_to_serial|parallel_reg[0][16]                                                              ; Merged with m08_cnn1d:cnn1d|conv1d_layer:conv1d_layer|conv1d:CONVOLUTION_1D[0].conv1d|p2s:parallel_to_serial|parallel_reg[0][16]                                                              ;
; m08_cnn1d:cnn1d|conv1d_layer:conv1d_layer|conv1d:CONVOLUTION_1D[1].conv1d|p2s:parallel_to_serial|parallel_reg[1][16]                                                              ; Merged with m08_cnn1d:cnn1d|conv1d_layer:conv1d_layer|conv1d:CONVOLUTION_1D[0].conv1d|p2s:parallel_to_serial|parallel_reg[1][16]                                                              ;
; m08_cnn1d:cnn1d|conv1d_layer:conv1d_layer|conv1d:CONVOLUTION_1D[1].conv1d|p2s:parallel_to_serial|parallel_reg[2][16]                                                              ; Merged with m08_cnn1d:cnn1d|conv1d_layer:conv1d_layer|conv1d:CONVOLUTION_1D[0].conv1d|p2s:parallel_to_serial|parallel_reg[2][16]                                                              ;
; m08_cnn1d:cnn1d|conv1d_layer:conv1d_layer|conv1d:CONVOLUTION_1D[1].conv1d|p2s:parallel_to_serial|parallel_reg[3][16]                                                              ; Merged with m08_cnn1d:cnn1d|conv1d_layer:conv1d_layer|conv1d:CONVOLUTION_1D[0].conv1d|p2s:parallel_to_serial|parallel_reg[3][16]                                                              ;
; m08_cnn1d:cnn1d|conv1d_layer:conv1d_layer|conv1d:CONVOLUTION_1D[1].conv1d|p2s:parallel_to_serial|parallel_reg[0][17]                                                              ; Merged with m08_cnn1d:cnn1d|conv1d_layer:conv1d_layer|conv1d:CONVOLUTION_1D[0].conv1d|p2s:parallel_to_serial|parallel_reg[0][17]                                                              ;
; m08_cnn1d:cnn1d|conv1d_layer:conv1d_layer|conv1d:CONVOLUTION_1D[1].conv1d|p2s:parallel_to_serial|parallel_reg[1][17]                                                              ; Merged with m08_cnn1d:cnn1d|conv1d_layer:conv1d_layer|conv1d:CONVOLUTION_1D[0].conv1d|p2s:parallel_to_serial|parallel_reg[1][17]                                                              ;
; m08_cnn1d:cnn1d|conv1d_layer:conv1d_layer|conv1d:CONVOLUTION_1D[1].conv1d|p2s:parallel_to_serial|parallel_reg[2][17]                                                              ; Merged with m08_cnn1d:cnn1d|conv1d_layer:conv1d_layer|conv1d:CONVOLUTION_1D[0].conv1d|p2s:parallel_to_serial|parallel_reg[2][17]                                                              ;
; m08_cnn1d:cnn1d|conv1d_layer:conv1d_layer|conv1d:CONVOLUTION_1D[1].conv1d|p2s:parallel_to_serial|parallel_reg[3][17]                                                              ; Merged with m08_cnn1d:cnn1d|conv1d_layer:conv1d_layer|conv1d:CONVOLUTION_1D[0].conv1d|p2s:parallel_to_serial|parallel_reg[3][17]                                                              ;
; m08_cnn1d:cnn1d|conv1d_layer:conv1d_layer|conv1d:CONVOLUTION_1D[1].conv1d|p2s_valid_in                                                                                            ; Merged with m08_cnn1d:cnn1d|conv1d_layer:conv1d_layer|conv1d:CONVOLUTION_1D[0].conv1d|p2s_valid_in                                                                                            ;
; m08_cnn1d:cnn1d|conv1d_layer:conv1d_layer|conv1d:CONVOLUTION_1D[1].conv1d|conv1d_kernel[0][18]                                                                                    ; Merged with m08_cnn1d:cnn1d|conv1d_layer:conv1d_layer|conv1d:CONVOLUTION_1D[0].conv1d|conv1d_kernel[0][18]                                                                                    ;
; m08_cnn1d:cnn1d|conv1d_layer:conv1d_layer|conv1d:CONVOLUTION_1D[1].conv1d|conv1d_kernel[1][18]                                                                                    ; Merged with m08_cnn1d:cnn1d|conv1d_layer:conv1d_layer|conv1d:CONVOLUTION_1D[0].conv1d|conv1d_kernel[1][18]                                                                                    ;
; m08_cnn1d:cnn1d|conv1d_layer:conv1d_layer|conv1d:CONVOLUTION_1D[1].conv1d|conv1d_kernel[2][18]                                                                                    ; Merged with m08_cnn1d:cnn1d|conv1d_layer:conv1d_layer|conv1d:CONVOLUTION_1D[0].conv1d|conv1d_kernel[2][18]                                                                                    ;
; m08_cnn1d:cnn1d|conv1d_layer:conv1d_layer|conv1d:CONVOLUTION_1D[1].conv1d|conv1d_kernel[3][18]                                                                                    ; Merged with m08_cnn1d:cnn1d|conv1d_layer:conv1d_layer|conv1d:CONVOLUTION_1D[0].conv1d|conv1d_kernel[3][18]                                                                                    ;
; m08_cnn1d:cnn1d|conv1d_layer:conv1d_layer|conv1d:CONVOLUTION_1D[1].conv1d|conv1d_kernel[4][18]                                                                                    ; Merged with m08_cnn1d:cnn1d|conv1d_layer:conv1d_layer|conv1d:CONVOLUTION_1D[0].conv1d|conv1d_kernel[4][18]                                                                                    ;
; m08_cnn1d:cnn1d|conv1d_layer:conv1d_layer|conv1d:CONVOLUTION_1D[1].conv1d|conv1d_kernel[0][19]                                                                                    ; Merged with m08_cnn1d:cnn1d|conv1d_layer:conv1d_layer|conv1d:CONVOLUTION_1D[0].conv1d|conv1d_kernel[0][19]                                                                                    ;
; m08_cnn1d:cnn1d|conv1d_layer:conv1d_layer|conv1d:CONVOLUTION_1D[1].conv1d|conv1d_kernel[1][19]                                                                                    ; Merged with m08_cnn1d:cnn1d|conv1d_layer:conv1d_layer|conv1d:CONVOLUTION_1D[0].conv1d|conv1d_kernel[1][19]                                                                                    ;
; m08_cnn1d:cnn1d|conv1d_layer:conv1d_layer|conv1d:CONVOLUTION_1D[1].conv1d|conv1d_kernel[2][19]                                                                                    ; Merged with m08_cnn1d:cnn1d|conv1d_layer:conv1d_layer|conv1d:CONVOLUTION_1D[0].conv1d|conv1d_kernel[2][19]                                                                                    ;
; m08_cnn1d:cnn1d|conv1d_layer:conv1d_layer|conv1d:CONVOLUTION_1D[1].conv1d|conv1d_kernel[3][19]                                                                                    ; Merged with m08_cnn1d:cnn1d|conv1d_layer:conv1d_layer|conv1d:CONVOLUTION_1D[0].conv1d|conv1d_kernel[3][19]                                                                                    ;
; m08_cnn1d:cnn1d|conv1d_layer:conv1d_layer|conv1d:CONVOLUTION_1D[1].conv1d|conv1d_kernel[0][20]                                                                                    ; Merged with m08_cnn1d:cnn1d|conv1d_layer:conv1d_layer|conv1d:CONVOLUTION_1D[0].conv1d|conv1d_kernel[0][20]                                                                                    ;
; m08_cnn1d:cnn1d|conv1d_layer:conv1d_layer|conv1d:CONVOLUTION_1D[1].conv1d|conv1d_kernel[1][20]                                                                                    ; Merged with m08_cnn1d:cnn1d|conv1d_layer:conv1d_layer|conv1d:CONVOLUTION_1D[0].conv1d|conv1d_kernel[1][20]                                                                                    ;
; m08_cnn1d:cnn1d|conv1d_layer:conv1d_layer|conv1d:CONVOLUTION_1D[1].conv1d|conv1d_kernel[2][20]                                                                                    ; Merged with m08_cnn1d:cnn1d|conv1d_layer:conv1d_layer|conv1d:CONVOLUTION_1D[0].conv1d|conv1d_kernel[2][20]                                                                                    ;
; m08_cnn1d:cnn1d|conv1d_layer:conv1d_layer|conv1d:CONVOLUTION_1D[1].conv1d|conv1d_kernel[3][20]                                                                                    ; Merged with m08_cnn1d:cnn1d|conv1d_layer:conv1d_layer|conv1d:CONVOLUTION_1D[0].conv1d|conv1d_kernel[3][20]                                                                                    ;
; m08_cnn1d:cnn1d|conv1d_layer:conv1d_layer|conv1d:CONVOLUTION_1D[1].conv1d|conv1d_kernel[0][21]                                                                                    ; Merged with m08_cnn1d:cnn1d|conv1d_layer:conv1d_layer|conv1d:CONVOLUTION_1D[0].conv1d|conv1d_kernel[0][21]                                                                                    ;
; m08_cnn1d:cnn1d|conv1d_layer:conv1d_layer|conv1d:CONVOLUTION_1D[1].conv1d|conv1d_kernel[1][21]                                                                                    ; Merged with m08_cnn1d:cnn1d|conv1d_layer:conv1d_layer|conv1d:CONVOLUTION_1D[0].conv1d|conv1d_kernel[1][21]                                                                                    ;
; m08_cnn1d:cnn1d|conv1d_layer:conv1d_layer|conv1d:CONVOLUTION_1D[1].conv1d|conv1d_kernel[2][21]                                                                                    ; Merged with m08_cnn1d:cnn1d|conv1d_layer:conv1d_layer|conv1d:CONVOLUTION_1D[0].conv1d|conv1d_kernel[2][21]                                                                                    ;
; m08_cnn1d:cnn1d|conv1d_layer:conv1d_layer|conv1d:CONVOLUTION_1D[1].conv1d|conv1d_kernel[3][21]                                                                                    ; Merged with m08_cnn1d:cnn1d|conv1d_layer:conv1d_layer|conv1d:CONVOLUTION_1D[0].conv1d|conv1d_kernel[3][21]                                                                                    ;
; m08_cnn1d:cnn1d|conv1d_layer:conv1d_layer|conv1d:CONVOLUTION_1D[1].conv1d|conv1d_kernel[0][22]                                                                                    ; Merged with m08_cnn1d:cnn1d|conv1d_layer:conv1d_layer|conv1d:CONVOLUTION_1D[0].conv1d|conv1d_kernel[0][22]                                                                                    ;
; m08_cnn1d:cnn1d|conv1d_layer:conv1d_layer|conv1d:CONVOLUTION_1D[1].conv1d|conv1d_kernel[1][22]                                                                                    ; Merged with m08_cnn1d:cnn1d|conv1d_layer:conv1d_layer|conv1d:CONVOLUTION_1D[0].conv1d|conv1d_kernel[1][22]                                                                                    ;
; m08_cnn1d:cnn1d|conv1d_layer:conv1d_layer|conv1d:CONVOLUTION_1D[1].conv1d|conv1d_kernel[2][22]                                                                                    ; Merged with m08_cnn1d:cnn1d|conv1d_layer:conv1d_layer|conv1d:CONVOLUTION_1D[0].conv1d|conv1d_kernel[2][22]                                                                                    ;
; m08_cnn1d:cnn1d|conv1d_layer:conv1d_layer|conv1d:CONVOLUTION_1D[1].conv1d|conv1d_kernel[3][22]                                                                                    ; Merged with m08_cnn1d:cnn1d|conv1d_layer:conv1d_layer|conv1d:CONVOLUTION_1D[0].conv1d|conv1d_kernel[3][22]                                                                                    ;
; m08_cnn1d:cnn1d|conv1d_layer:conv1d_layer|conv1d:CONVOLUTION_1D[1].conv1d|conv1d_kernel[0][23]                                                                                    ; Merged with m08_cnn1d:cnn1d|conv1d_layer:conv1d_layer|conv1d:CONVOLUTION_1D[0].conv1d|conv1d_kernel[0][23]                                                                                    ;
; m08_cnn1d:cnn1d|conv1d_layer:conv1d_layer|conv1d:CONVOLUTION_1D[1].conv1d|conv1d_kernel[1][23]                                                                                    ; Merged with m08_cnn1d:cnn1d|conv1d_layer:conv1d_layer|conv1d:CONVOLUTION_1D[0].conv1d|conv1d_kernel[1][23]                                                                                    ;
; m08_cnn1d:cnn1d|conv1d_layer:conv1d_layer|conv1d:CONVOLUTION_1D[1].conv1d|conv1d_kernel[2][23]                                                                                    ; Merged with m08_cnn1d:cnn1d|conv1d_layer:conv1d_layer|conv1d:CONVOLUTION_1D[0].conv1d|conv1d_kernel[2][23]                                                                                    ;
; m08_cnn1d:cnn1d|conv1d_layer:conv1d_layer|conv1d:CONVOLUTION_1D[1].conv1d|conv1d_kernel[3][23]                                                                                    ; Merged with m08_cnn1d:cnn1d|conv1d_layer:conv1d_layer|conv1d:CONVOLUTION_1D[0].conv1d|conv1d_kernel[3][23]                                                                                    ;
; m08_cnn1d:cnn1d|conv1d_layer:conv1d_layer|conv1d:CONVOLUTION_1D[0].conv1d|conv1d_kernel[0][1]                                                                                     ; Merged with m08_cnn1d:cnn1d|conv1d_layer:conv1d_layer|conv1d:CONVOLUTION_1D[0].conv1d|conv1d_kernel[0][0]                                                                                     ;
; m08_cnn1d:cnn1d|conv1d_layer:conv1d_layer|conv1d:CONVOLUTION_1D[1].conv1d|conv1d_kernel[0][0]                                                                                     ; Merged with m08_cnn1d:cnn1d|conv1d_layer:conv1d_layer|conv1d:CONVOLUTION_1D[0].conv1d|conv1d_kernel[0][0]                                                                                     ;
; m08_cnn1d:cnn1d|conv1d_layer:conv1d_layer|conv1d:CONVOLUTION_1D[1].conv1d|conv1d_kernel[0][1]                                                                                     ; Merged with m08_cnn1d:cnn1d|conv1d_layer:conv1d_layer|conv1d:CONVOLUTION_1D[0].conv1d|conv1d_kernel[0][0]                                                                                     ;
; m08_cnn1d:cnn1d|conv1d_layer:conv1d_layer|conv1d:CONVOLUTION_1D[0].conv1d|conv1d_kernel[1][1]                                                                                     ; Merged with m08_cnn1d:cnn1d|conv1d_layer:conv1d_layer|conv1d:CONVOLUTION_1D[0].conv1d|conv1d_kernel[1][0]                                                                                     ;
; m08_cnn1d:cnn1d|conv1d_layer:conv1d_layer|conv1d:CONVOLUTION_1D[0].conv1d|conv1d_kernel[1][7]                                                                                     ; Merged with m08_cnn1d:cnn1d|conv1d_layer:conv1d_layer|conv1d:CONVOLUTION_1D[0].conv1d|conv1d_kernel[1][0]                                                                                     ;
; m08_cnn1d:cnn1d|conv1d_layer:conv1d_layer|conv1d:CONVOLUTION_1D[1].conv1d|conv1d_kernel[1][0]                                                                                     ; Merged with m08_cnn1d:cnn1d|conv1d_layer:conv1d_layer|conv1d:CONVOLUTION_1D[0].conv1d|conv1d_kernel[1][0]                                                                                     ;
; m08_cnn1d:cnn1d|conv1d_layer:conv1d_layer|conv1d:CONVOLUTION_1D[1].conv1d|conv1d_kernel[1][1]                                                                                     ; Merged with m08_cnn1d:cnn1d|conv1d_layer:conv1d_layer|conv1d:CONVOLUTION_1D[0].conv1d|conv1d_kernel[1][0]                                                                                     ;
; m08_cnn1d:cnn1d|conv1d_layer:conv1d_layer|conv1d:CONVOLUTION_1D[1].conv1d|conv1d_kernel[1][5]                                                                                     ; Merged with m08_cnn1d:cnn1d|conv1d_layer:conv1d_layer|conv1d:CONVOLUTION_1D[0].conv1d|conv1d_kernel[1][0]                                                                                     ;
; m08_cnn1d:cnn1d|conv1d_layer:conv1d_layer|conv1d:CONVOLUTION_1D[0].conv1d|conv1d_kernel[2][1]                                                                                     ; Merged with m08_cnn1d:cnn1d|conv1d_layer:conv1d_layer|conv1d:CONVOLUTION_1D[0].conv1d|conv1d_kernel[2][0]                                                                                     ;
; m08_cnn1d:cnn1d|conv1d_layer:conv1d_layer|conv1d:CONVOLUTION_1D[0].conv1d|conv1d_kernel[2][7]                                                                                     ; Merged with m08_cnn1d:cnn1d|conv1d_layer:conv1d_layer|conv1d:CONVOLUTION_1D[0].conv1d|conv1d_kernel[2][0]                                                                                     ;
; m08_cnn1d:cnn1d|conv1d_layer:conv1d_layer|conv1d:CONVOLUTION_1D[1].conv1d|conv1d_kernel[2][0]                                                                                     ; Merged with m08_cnn1d:cnn1d|conv1d_layer:conv1d_layer|conv1d:CONVOLUTION_1D[0].conv1d|conv1d_kernel[2][0]                                                                                     ;
; m08_cnn1d:cnn1d|conv1d_layer:conv1d_layer|conv1d:CONVOLUTION_1D[1].conv1d|conv1d_kernel[2][1]                                                                                     ; Merged with m08_cnn1d:cnn1d|conv1d_layer:conv1d_layer|conv1d:CONVOLUTION_1D[0].conv1d|conv1d_kernel[2][0]                                                                                     ;
; m08_cnn1d:cnn1d|conv1d_layer:conv1d_layer|conv1d:CONVOLUTION_1D[1].conv1d|conv1d_kernel[2][5]                                                                                     ; Merged with m08_cnn1d:cnn1d|conv1d_layer:conv1d_layer|conv1d:CONVOLUTION_1D[0].conv1d|conv1d_kernel[2][0]                                                                                     ;
; m08_cnn1d:cnn1d|conv1d_layer:conv1d_layer|conv1d:CONVOLUTION_1D[0].conv1d|conv1d_kernel[3][2]                                                                                     ; Merged with m08_cnn1d:cnn1d|conv1d_layer:conv1d_layer|conv1d:CONVOLUTION_1D[0].conv1d|conv1d_kernel[3][1]                                                                                     ;
; m08_cnn1d:cnn1d|conv1d_layer:conv1d_layer|conv1d:CONVOLUTION_1D[0].conv1d|conv1d_kernel[3][3]                                                                                     ; Merged with m08_cnn1d:cnn1d|conv1d_layer:conv1d_layer|conv1d:CONVOLUTION_1D[0].conv1d|conv1d_kernel[3][1]                                                                                     ;
; m08_cnn1d:cnn1d|conv1d_layer:conv1d_layer|conv1d:CONVOLUTION_1D[0].conv1d|conv1d_kernel[3][7]                                                                                     ; Merged with m08_cnn1d:cnn1d|conv1d_layer:conv1d_layer|conv1d:CONVOLUTION_1D[0].conv1d|conv1d_kernel[3][1]                                                                                     ;
; m08_cnn1d:cnn1d|conv1d_layer:conv1d_layer|conv1d:CONVOLUTION_1D[1].conv1d|conv1d_kernel[3][0]                                                                                     ; Merged with m08_cnn1d:cnn1d|conv1d_layer:conv1d_layer|conv1d:CONVOLUTION_1D[0].conv1d|conv1d_kernel[3][1]                                                                                     ;
; m08_cnn1d:cnn1d|conv1d_layer:conv1d_layer|conv1d:CONVOLUTION_1D[1].conv1d|conv1d_kernel[3][1]                                                                                     ; Merged with m08_cnn1d:cnn1d|conv1d_layer:conv1d_layer|conv1d:CONVOLUTION_1D[0].conv1d|conv1d_kernel[3][1]                                                                                     ;
; m08_cnn1d:cnn1d|conv1d_layer:conv1d_layer|conv1d:CONVOLUTION_1D[1].conv1d|conv1d_kernel[3][2]                                                                                     ; Merged with m08_cnn1d:cnn1d|conv1d_layer:conv1d_layer|conv1d:CONVOLUTION_1D[0].conv1d|conv1d_kernel[3][1]                                                                                     ;
; m08_cnn1d:cnn1d|conv1d_layer:conv1d_layer|conv1d:CONVOLUTION_1D[1].conv1d|conv1d_kernel[3][3]                                                                                     ; Merged with m08_cnn1d:cnn1d|conv1d_layer:conv1d_layer|conv1d:CONVOLUTION_1D[0].conv1d|conv1d_kernel[3][1]                                                                                     ;
; m08_cnn1d:cnn1d|conv1d_layer:conv1d_layer|conv1d:CONVOLUTION_1D[1].conv1d|conv1d_kernel[3][5]                                                                                     ; Merged with m08_cnn1d:cnn1d|conv1d_layer:conv1d_layer|conv1d:CONVOLUTION_1D[0].conv1d|conv1d_kernel[3][1]                                                                                     ;
; m08_cnn1d:cnn1d|conv1d_layer:conv1d_layer|conv1d:CONVOLUTION_1D[1].conv1d|conv1d_kernel[0][12]                                                                                    ; Merged with m08_cnn1d:cnn1d|conv1d_layer:conv1d_layer|conv1d:CONVOLUTION_1D[0].conv1d|conv1d_kernel[0][12]                                                                                    ;
; m08_cnn1d:cnn1d|conv1d_layer:conv1d_layer|conv1d:CONVOLUTION_1D[1].conv1d|conv1d_kernel[1][12]                                                                                    ; Merged with m08_cnn1d:cnn1d|conv1d_layer:conv1d_layer|conv1d:CONVOLUTION_1D[0].conv1d|conv1d_kernel[1][12]                                                                                    ;
; m08_cnn1d:cnn1d|conv1d_layer:conv1d_layer|conv1d:CONVOLUTION_1D[1].conv1d|conv1d_kernel[2][12]                                                                                    ; Merged with m08_cnn1d:cnn1d|conv1d_layer:conv1d_layer|conv1d:CONVOLUTION_1D[0].conv1d|conv1d_kernel[2][12]                                                                                    ;
; m08_cnn1d:cnn1d|conv1d_layer:conv1d_layer|conv1d:CONVOLUTION_1D[1].conv1d|conv1d_kernel[3][12]                                                                                    ; Merged with m08_cnn1d:cnn1d|conv1d_layer:conv1d_layer|conv1d:CONVOLUTION_1D[0].conv1d|conv1d_kernel[3][12]                                                                                    ;
; m08_cnn1d:cnn1d|conv1d_layer:conv1d_layer|conv1d:CONVOLUTION_1D[1].conv1d|conv1d_kernel[0][13]                                                                                    ; Merged with m08_cnn1d:cnn1d|conv1d_layer:conv1d_layer|conv1d:CONVOLUTION_1D[0].conv1d|conv1d_kernel[0][13]                                                                                    ;
; m08_cnn1d:cnn1d|conv1d_layer:conv1d_layer|conv1d:CONVOLUTION_1D[1].conv1d|conv1d_kernel[1][13]                                                                                    ; Merged with m08_cnn1d:cnn1d|conv1d_layer:conv1d_layer|conv1d:CONVOLUTION_1D[0].conv1d|conv1d_kernel[1][13]                                                                                    ;
; m08_cnn1d:cnn1d|conv1d_layer:conv1d_layer|conv1d:CONVOLUTION_1D[1].conv1d|conv1d_kernel[2][13]                                                                                    ; Merged with m08_cnn1d:cnn1d|conv1d_layer:conv1d_layer|conv1d:CONVOLUTION_1D[0].conv1d|conv1d_kernel[2][13]                                                                                    ;
; m08_cnn1d:cnn1d|conv1d_layer:conv1d_layer|conv1d:CONVOLUTION_1D[1].conv1d|conv1d_kernel[3][13]                                                                                    ; Merged with m08_cnn1d:cnn1d|conv1d_layer:conv1d_layer|conv1d:CONVOLUTION_1D[0].conv1d|conv1d_kernel[3][13]                                                                                    ;
; m08_cnn1d:cnn1d|conv1d_layer:conv1d_layer|conv1d:CONVOLUTION_1D[1].conv1d|conv1d_kernel[0][14]                                                                                    ; Merged with m08_cnn1d:cnn1d|conv1d_layer:conv1d_layer|conv1d:CONVOLUTION_1D[0].conv1d|conv1d_kernel[0][14]                                                                                    ;
; m08_cnn1d:cnn1d|conv1d_layer:conv1d_layer|conv1d:CONVOLUTION_1D[1].conv1d|conv1d_kernel[1][14]                                                                                    ; Merged with m08_cnn1d:cnn1d|conv1d_layer:conv1d_layer|conv1d:CONVOLUTION_1D[0].conv1d|conv1d_kernel[1][14]                                                                                    ;
; m08_cnn1d:cnn1d|conv1d_layer:conv1d_layer|conv1d:CONVOLUTION_1D[1].conv1d|conv1d_kernel[2][14]                                                                                    ; Merged with m08_cnn1d:cnn1d|conv1d_layer:conv1d_layer|conv1d:CONVOLUTION_1D[0].conv1d|conv1d_kernel[2][14]                                                                                    ;
; m08_cnn1d:cnn1d|conv1d_layer:conv1d_layer|conv1d:CONVOLUTION_1D[1].conv1d|conv1d_kernel[3][14]                                                                                    ; Merged with m08_cnn1d:cnn1d|conv1d_layer:conv1d_layer|conv1d:CONVOLUTION_1D[0].conv1d|conv1d_kernel[3][14]                                                                                    ;
; m08_cnn1d:cnn1d|conv1d_layer:conv1d_layer|conv1d:CONVOLUTION_1D[1].conv1d|conv1d_kernel[0][15]                                                                                    ; Merged with m08_cnn1d:cnn1d|conv1d_layer:conv1d_layer|conv1d:CONVOLUTION_1D[0].conv1d|conv1d_kernel[0][15]                                                                                    ;
; m08_cnn1d:cnn1d|conv1d_layer:conv1d_layer|conv1d:CONVOLUTION_1D[1].conv1d|conv1d_kernel[1][15]                                                                                    ; Merged with m08_cnn1d:cnn1d|conv1d_layer:conv1d_layer|conv1d:CONVOLUTION_1D[0].conv1d|conv1d_kernel[1][15]                                                                                    ;
; m08_cnn1d:cnn1d|conv1d_layer:conv1d_layer|conv1d:CONVOLUTION_1D[1].conv1d|conv1d_kernel[2][15]                                                                                    ; Merged with m08_cnn1d:cnn1d|conv1d_layer:conv1d_layer|conv1d:CONVOLUTION_1D[0].conv1d|conv1d_kernel[2][15]                                                                                    ;
; m08_cnn1d:cnn1d|conv1d_layer:conv1d_layer|conv1d:CONVOLUTION_1D[1].conv1d|conv1d_kernel[3][15]                                                                                    ; Merged with m08_cnn1d:cnn1d|conv1d_layer:conv1d_layer|conv1d:CONVOLUTION_1D[0].conv1d|conv1d_kernel[3][15]                                                                                    ;
; m08_cnn1d:cnn1d|conv1d_layer:conv1d_layer|conv1d:CONVOLUTION_1D[1].conv1d|conv1d_kernel[0][16]                                                                                    ; Merged with m08_cnn1d:cnn1d|conv1d_layer:conv1d_layer|conv1d:CONVOLUTION_1D[0].conv1d|conv1d_kernel[0][16]                                                                                    ;
; m08_cnn1d:cnn1d|conv1d_layer:conv1d_layer|conv1d:CONVOLUTION_1D[1].conv1d|conv1d_kernel[1][16]                                                                                    ; Merged with m08_cnn1d:cnn1d|conv1d_layer:conv1d_layer|conv1d:CONVOLUTION_1D[0].conv1d|conv1d_kernel[1][16]                                                                                    ;
; m08_cnn1d:cnn1d|conv1d_layer:conv1d_layer|conv1d:CONVOLUTION_1D[1].conv1d|conv1d_kernel[2][16]                                                                                    ; Merged with m08_cnn1d:cnn1d|conv1d_layer:conv1d_layer|conv1d:CONVOLUTION_1D[0].conv1d|conv1d_kernel[2][16]                                                                                    ;
; m08_cnn1d:cnn1d|conv1d_layer:conv1d_layer|conv1d:CONVOLUTION_1D[1].conv1d|conv1d_kernel[3][16]                                                                                    ; Merged with m08_cnn1d:cnn1d|conv1d_layer:conv1d_layer|conv1d:CONVOLUTION_1D[0].conv1d|conv1d_kernel[3][16]                                                                                    ;
; m08_cnn1d:cnn1d|conv1d_layer:conv1d_layer|conv1d:CONVOLUTION_1D[1].conv1d|conv1d_kernel[0][17]                                                                                    ; Merged with m08_cnn1d:cnn1d|conv1d_layer:conv1d_layer|conv1d:CONVOLUTION_1D[0].conv1d|conv1d_kernel[0][17]                                                                                    ;
; m08_cnn1d:cnn1d|conv1d_layer:conv1d_layer|conv1d:CONVOLUTION_1D[1].conv1d|conv1d_kernel[1][17]                                                                                    ; Merged with m08_cnn1d:cnn1d|conv1d_layer:conv1d_layer|conv1d:CONVOLUTION_1D[0].conv1d|conv1d_kernel[1][17]                                                                                    ;
; m08_cnn1d:cnn1d|conv1d_layer:conv1d_layer|conv1d:CONVOLUTION_1D[1].conv1d|conv1d_kernel[2][17]                                                                                    ; Merged with m08_cnn1d:cnn1d|conv1d_layer:conv1d_layer|conv1d:CONVOLUTION_1D[0].conv1d|conv1d_kernel[2][17]                                                                                    ;
; m08_cnn1d:cnn1d|conv1d_layer:conv1d_layer|conv1d:CONVOLUTION_1D[1].conv1d|conv1d_kernel[3][17]                                                                                    ; Merged with m08_cnn1d:cnn1d|conv1d_layer:conv1d_layer|conv1d:CONVOLUTION_1D[0].conv1d|conv1d_kernel[3][17]                                                                                    ;
; m08_cnn1d:cnn1d|subsample:subsample_ch3|subsample_valid_out                                                                                                                       ; Merged with m08_cnn1d:cnn1d|subsample:subsample_ch1|subsample_valid_out                                                                                                                       ;
; m08_cnn1d:cnn1d|subsample:subsample_ch3|count[8]                                                                                                                                  ; Merged with m08_cnn1d:cnn1d|subsample:subsample_ch1|count[8]                                                                                                                                  ;
; m08_cnn1d:cnn1d|subsample:subsample_ch3|count[7]                                                                                                                                  ; Merged with m08_cnn1d:cnn1d|subsample:subsample_ch1|count[7]                                                                                                                                  ;
; m08_cnn1d:cnn1d|subsample:subsample_ch3|count[6]                                                                                                                                  ; Merged with m08_cnn1d:cnn1d|subsample:subsample_ch1|count[6]                                                                                                                                  ;
; m08_cnn1d:cnn1d|subsample:subsample_ch3|count[5]                                                                                                                                  ; Merged with m08_cnn1d:cnn1d|subsample:subsample_ch1|count[5]                                                                                                                                  ;
; m08_cnn1d:cnn1d|subsample:subsample_ch3|count[4]                                                                                                                                  ; Merged with m08_cnn1d:cnn1d|subsample:subsample_ch1|count[4]                                                                                                                                  ;
; m08_cnn1d:cnn1d|subsample:subsample_ch3|count[3]                                                                                                                                  ; Merged with m08_cnn1d:cnn1d|subsample:subsample_ch1|count[3]                                                                                                                                  ;
; m08_cnn1d:cnn1d|subsample:subsample_ch3|count[2]                                                                                                                                  ; Merged with m08_cnn1d:cnn1d|subsample:subsample_ch1|count[2]                                                                                                                                  ;
; m08_cnn1d:cnn1d|subsample:subsample_ch3|count[1]                                                                                                                                  ; Merged with m08_cnn1d:cnn1d|subsample:subsample_ch1|count[1]                                                                                                                                  ;
; m08_cnn1d:cnn1d|subsample:subsample_ch3|count[0]                                                                                                                                  ; Merged with m08_cnn1d:cnn1d|subsample:subsample_ch1|count[0]                                                                                                                                  ;
; m08_cnn1d:cnn1d|subsample:subsample_ch3|subsample_ready_in                                                                                                                        ; Merged with m08_cnn1d:cnn1d|subsample:subsample_ch1|subsample_ready_in                                                                                                                        ;
; m08_cnn1d:cnn1d|conv1d_layer:conv1d_layer|conv1d:CONVOLUTION_1D[1].conv1d|conv1d_kernel[4][19]                                                                                    ; Merged with m08_cnn1d:cnn1d|conv1d_layer:conv1d_layer|conv1d:CONVOLUTION_1D[0].conv1d|conv1d_kernel[4][19]                                                                                    ;
; m08_cnn1d:cnn1d|conv1d_layer:conv1d_layer|conv1d:CONVOLUTION_1D[1].conv1d|conv1d_kernel[4][20]                                                                                    ; Merged with m08_cnn1d:cnn1d|conv1d_layer:conv1d_layer|conv1d:CONVOLUTION_1D[0].conv1d|conv1d_kernel[4][20]                                                                                    ;
; m08_cnn1d:cnn1d|conv1d_layer:conv1d_layer|conv1d:CONVOLUTION_1D[1].conv1d|conv1d_kernel[4][21]                                                                                    ; Merged with m08_cnn1d:cnn1d|conv1d_layer:conv1d_layer|conv1d:CONVOLUTION_1D[0].conv1d|conv1d_kernel[4][21]                                                                                    ;
; m08_cnn1d:cnn1d|conv1d_layer:conv1d_layer|conv1d:CONVOLUTION_1D[1].conv1d|conv1d_kernel[4][22]                                                                                    ; Merged with m08_cnn1d:cnn1d|conv1d_layer:conv1d_layer|conv1d:CONVOLUTION_1D[0].conv1d|conv1d_kernel[4][22]                                                                                    ;
; m08_cnn1d:cnn1d|conv1d_layer:conv1d_layer|conv1d:CONVOLUTION_1D[1].conv1d|conv1d_kernel[4][23]                                                                                    ; Merged with m08_cnn1d:cnn1d|conv1d_layer:conv1d_layer|conv1d:CONVOLUTION_1D[0].conv1d|conv1d_kernel[4][23]                                                                                    ;
; m08_cnn1d:cnn1d|conv1d_layer:conv1d_layer|conv1d:CONVOLUTION_1D[0].conv1d|conv1d_kernel[4][11]                                                                                    ; Merged with m08_cnn1d:cnn1d|conv1d_layer:conv1d_layer|conv1d:CONVOLUTION_1D[0].conv1d|conv1d_kernel[4][10]                                                                                    ;
; m08_cnn1d:cnn1d|conv1d_layer:conv1d_layer|conv1d:CONVOLUTION_1D[0].conv1d|conv1d_kernel[4][3]                                                                                     ; Merged with m08_cnn1d:cnn1d|conv1d_layer:conv1d_layer|conv1d:CONVOLUTION_1D[0].conv1d|conv1d_kernel[4][10]                                                                                    ;
; m08_cnn1d:cnn1d|conv1d_layer:conv1d_layer|conv1d:CONVOLUTION_1D[0].conv1d|conv1d_kernel[4][5]                                                                                     ; Merged with m08_cnn1d:cnn1d|conv1d_layer:conv1d_layer|conv1d:CONVOLUTION_1D[0].conv1d|conv1d_kernel[4][10]                                                                                    ;
; m08_cnn1d:cnn1d|conv1d_layer:conv1d_layer|conv1d:CONVOLUTION_1D[0].conv1d|conv1d_kernel[4][7]                                                                                     ; Merged with m08_cnn1d:cnn1d|conv1d_layer:conv1d_layer|conv1d:CONVOLUTION_1D[0].conv1d|conv1d_kernel[4][10]                                                                                    ;
; m08_cnn1d:cnn1d|conv1d_layer:conv1d_layer|conv1d:CONVOLUTION_1D[0].conv1d|conv1d_kernel[4][9]                                                                                     ; Merged with m08_cnn1d:cnn1d|conv1d_layer:conv1d_layer|conv1d:CONVOLUTION_1D[0].conv1d|conv1d_kernel[4][10]                                                                                    ;
; m08_cnn1d:cnn1d|conv1d_layer:conv1d_layer|conv1d:CONVOLUTION_1D[1].conv1d|conv1d_kernel[4][0]                                                                                     ; Merged with m08_cnn1d:cnn1d|conv1d_layer:conv1d_layer|conv1d:CONVOLUTION_1D[0].conv1d|conv1d_kernel[4][10]                                                                                    ;
; m08_cnn1d:cnn1d|conv1d_layer:conv1d_layer|conv1d:CONVOLUTION_1D[1].conv1d|conv1d_kernel[4][10]                                                                                    ; Merged with m08_cnn1d:cnn1d|conv1d_layer:conv1d_layer|conv1d:CONVOLUTION_1D[0].conv1d|conv1d_kernel[4][10]                                                                                    ;
; m08_cnn1d:cnn1d|conv1d_layer:conv1d_layer|conv1d:CONVOLUTION_1D[1].conv1d|conv1d_kernel[4][11]                                                                                    ; Merged with m08_cnn1d:cnn1d|conv1d_layer:conv1d_layer|conv1d:CONVOLUTION_1D[0].conv1d|conv1d_kernel[4][10]                                                                                    ;
; m08_cnn1d:cnn1d|conv1d_layer:conv1d_layer|conv1d:CONVOLUTION_1D[1].conv1d|conv1d_kernel[4][2]                                                                                     ; Merged with m08_cnn1d:cnn1d|conv1d_layer:conv1d_layer|conv1d:CONVOLUTION_1D[0].conv1d|conv1d_kernel[4][10]                                                                                    ;
; m08_cnn1d:cnn1d|conv1d_layer:conv1d_layer|conv1d:CONVOLUTION_1D[1].conv1d|conv1d_kernel[4][5]                                                                                     ; Merged with m08_cnn1d:cnn1d|conv1d_layer:conv1d_layer|conv1d:CONVOLUTION_1D[0].conv1d|conv1d_kernel[4][10]                                                                                    ;
; m08_cnn1d:cnn1d|conv1d_layer:conv1d_layer|conv1d:CONVOLUTION_1D[1].conv1d|conv1d_kernel[4][8]                                                                                     ; Merged with m08_cnn1d:cnn1d|conv1d_layer:conv1d_layer|conv1d:CONVOLUTION_1D[0].conv1d|conv1d_kernel[4][10]                                                                                    ;
; m08_cnn1d:cnn1d|conv1d_layer:conv1d_layer|conv1d:CONVOLUTION_1D[1].conv1d|conv1d_kernel[4][9]                                                                                     ; Merged with m08_cnn1d:cnn1d|conv1d_layer:conv1d_layer|conv1d:CONVOLUTION_1D[0].conv1d|conv1d_kernel[4][10]                                                                                    ;
; m08_cnn1d:cnn1d|conv1d_layer:conv1d_layer|conv1d:CONVOLUTION_1D[1].conv1d|conv1d_kernel[4][12]                                                                                    ; Merged with m08_cnn1d:cnn1d|conv1d_layer:conv1d_layer|conv1d:CONVOLUTION_1D[0].conv1d|conv1d_kernel[4][12]                                                                                    ;
; m08_cnn1d:cnn1d|conv1d_layer:conv1d_layer|conv1d:CONVOLUTION_1D[1].conv1d|conv1d_kernel[4][13]                                                                                    ; Merged with m08_cnn1d:cnn1d|conv1d_layer:conv1d_layer|conv1d:CONVOLUTION_1D[0].conv1d|conv1d_kernel[4][13]                                                                                    ;
; m08_cnn1d:cnn1d|conv1d_layer:conv1d_layer|conv1d:CONVOLUTION_1D[1].conv1d|conv1d_kernel[4][14]                                                                                    ; Merged with m08_cnn1d:cnn1d|conv1d_layer:conv1d_layer|conv1d:CONVOLUTION_1D[0].conv1d|conv1d_kernel[4][14]                                                                                    ;
; m08_cnn1d:cnn1d|conv1d_layer:conv1d_layer|conv1d:CONVOLUTION_1D[1].conv1d|conv1d_kernel[4][15]                                                                                    ; Merged with m08_cnn1d:cnn1d|conv1d_layer:conv1d_layer|conv1d:CONVOLUTION_1D[0].conv1d|conv1d_kernel[4][15]                                                                                    ;
; m08_cnn1d:cnn1d|conv1d_layer:conv1d_layer|conv1d:CONVOLUTION_1D[1].conv1d|conv1d_kernel[4][16]                                                                                    ; Merged with m08_cnn1d:cnn1d|conv1d_layer:conv1d_layer|conv1d:CONVOLUTION_1D[0].conv1d|conv1d_kernel[4][16]                                                                                    ;
; m08_cnn1d:cnn1d|conv1d_layer:conv1d_layer|conv1d:CONVOLUTION_1D[1].conv1d|conv1d_kernel[4][17]                                                                                    ; Merged with m08_cnn1d:cnn1d|conv1d_layer:conv1d_layer|conv1d:CONVOLUTION_1D[0].conv1d|conv1d_kernel[4][17]                                                                                    ;
; m08_cnn1d:cnn1d|conv1d_layer:conv1d_layer|conv1d:CONVOLUTION_1D[1].conv1d|p2s:parallel_to_serial|parallel_reg[4][19]                                                              ; Merged with m08_cnn1d:cnn1d|conv1d_layer:conv1d_layer|conv1d:CONVOLUTION_1D[0].conv1d|p2s:parallel_to_serial|parallel_reg[4][19]                                                              ;
; m08_cnn1d:cnn1d|conv1d_layer:conv1d_layer|conv1d:CONVOLUTION_1D[1].conv1d|p2s:parallel_to_serial|parallel_reg[4][20]                                                              ; Merged with m08_cnn1d:cnn1d|conv1d_layer:conv1d_layer|conv1d:CONVOLUTION_1D[0].conv1d|p2s:parallel_to_serial|parallel_reg[4][20]                                                              ;
; m08_cnn1d:cnn1d|conv1d_layer:conv1d_layer|conv1d:CONVOLUTION_1D[1].conv1d|p2s:parallel_to_serial|parallel_reg[4][21]                                                              ; Merged with m08_cnn1d:cnn1d|conv1d_layer:conv1d_layer|conv1d:CONVOLUTION_1D[0].conv1d|p2s:parallel_to_serial|parallel_reg[4][21]                                                              ;
; m08_cnn1d:cnn1d|conv1d_layer:conv1d_layer|conv1d:CONVOLUTION_1D[1].conv1d|p2s:parallel_to_serial|parallel_reg[4][22]                                                              ; Merged with m08_cnn1d:cnn1d|conv1d_layer:conv1d_layer|conv1d:CONVOLUTION_1D[0].conv1d|p2s:parallel_to_serial|parallel_reg[4][22]                                                              ;
; m08_cnn1d:cnn1d|conv1d_layer:conv1d_layer|conv1d:CONVOLUTION_1D[1].conv1d|p2s:parallel_to_serial|parallel_reg[4][23]                                                              ; Merged with m08_cnn1d:cnn1d|conv1d_layer:conv1d_layer|conv1d:CONVOLUTION_1D[0].conv1d|p2s:parallel_to_serial|parallel_reg[4][23]                                                              ;
; m08_cnn1d:cnn1d|conv1d_layer:conv1d_layer|conv1d:CONVOLUTION_1D[0].conv1d|p2s:parallel_to_serial|parallel_reg[4][10]                                                              ; Merged with m08_cnn1d:cnn1d|conv1d_layer:conv1d_layer|conv1d:CONVOLUTION_1D[0].conv1d|p2s:parallel_to_serial|parallel_reg[4][0]                                                               ;
; m08_cnn1d:cnn1d|conv1d_layer:conv1d_layer|conv1d:CONVOLUTION_1D[0].conv1d|p2s:parallel_to_serial|parallel_reg[4][11]                                                              ; Merged with m08_cnn1d:cnn1d|conv1d_layer:conv1d_layer|conv1d:CONVOLUTION_1D[0].conv1d|p2s:parallel_to_serial|parallel_reg[4][0]                                                               ;
; m08_cnn1d:cnn1d|conv1d_layer:conv1d_layer|conv1d:CONVOLUTION_1D[0].conv1d|p2s:parallel_to_serial|parallel_reg[4][1]                                                               ; Merged with m08_cnn1d:cnn1d|conv1d_layer:conv1d_layer|conv1d:CONVOLUTION_1D[0].conv1d|p2s:parallel_to_serial|parallel_reg[4][0]                                                               ;
; m08_cnn1d:cnn1d|conv1d_layer:conv1d_layer|conv1d:CONVOLUTION_1D[0].conv1d|p2s:parallel_to_serial|parallel_reg[4][2]                                                               ; Merged with m08_cnn1d:cnn1d|conv1d_layer:conv1d_layer|conv1d:CONVOLUTION_1D[0].conv1d|p2s:parallel_to_serial|parallel_reg[4][0]                                                               ;
; m08_cnn1d:cnn1d|conv1d_layer:conv1d_layer|conv1d:CONVOLUTION_1D[0].conv1d|p2s:parallel_to_serial|parallel_reg[4][3]                                                               ; Merged with m08_cnn1d:cnn1d|conv1d_layer:conv1d_layer|conv1d:CONVOLUTION_1D[0].conv1d|p2s:parallel_to_serial|parallel_reg[4][0]                                                               ;
; m08_cnn1d:cnn1d|conv1d_layer:conv1d_layer|conv1d:CONVOLUTION_1D[0].conv1d|p2s:parallel_to_serial|parallel_reg[4][4]                                                               ; Merged with m08_cnn1d:cnn1d|conv1d_layer:conv1d_layer|conv1d:CONVOLUTION_1D[0].conv1d|p2s:parallel_to_serial|parallel_reg[4][0]                                                               ;
; m08_cnn1d:cnn1d|conv1d_layer:conv1d_layer|conv1d:CONVOLUTION_1D[0].conv1d|p2s:parallel_to_serial|parallel_reg[4][5]                                                               ; Merged with m08_cnn1d:cnn1d|conv1d_layer:conv1d_layer|conv1d:CONVOLUTION_1D[0].conv1d|p2s:parallel_to_serial|parallel_reg[4][0]                                                               ;
; m08_cnn1d:cnn1d|conv1d_layer:conv1d_layer|conv1d:CONVOLUTION_1D[0].conv1d|p2s:parallel_to_serial|parallel_reg[4][6]                                                               ; Merged with m08_cnn1d:cnn1d|conv1d_layer:conv1d_layer|conv1d:CONVOLUTION_1D[0].conv1d|p2s:parallel_to_serial|parallel_reg[4][0]                                                               ;
; m08_cnn1d:cnn1d|conv1d_layer:conv1d_layer|conv1d:CONVOLUTION_1D[0].conv1d|p2s:parallel_to_serial|parallel_reg[4][7]                                                               ; Merged with m08_cnn1d:cnn1d|conv1d_layer:conv1d_layer|conv1d:CONVOLUTION_1D[0].conv1d|p2s:parallel_to_serial|parallel_reg[4][0]                                                               ;
; m08_cnn1d:cnn1d|conv1d_layer:conv1d_layer|conv1d:CONVOLUTION_1D[0].conv1d|p2s:parallel_to_serial|parallel_reg[4][8]                                                               ; Merged with m08_cnn1d:cnn1d|conv1d_layer:conv1d_layer|conv1d:CONVOLUTION_1D[0].conv1d|p2s:parallel_to_serial|parallel_reg[4][0]                                                               ;
; m08_cnn1d:cnn1d|conv1d_layer:conv1d_layer|conv1d:CONVOLUTION_1D[0].conv1d|p2s:parallel_to_serial|parallel_reg[4][9]                                                               ; Merged with m08_cnn1d:cnn1d|conv1d_layer:conv1d_layer|conv1d:CONVOLUTION_1D[0].conv1d|p2s:parallel_to_serial|parallel_reg[4][0]                                                               ;
; m08_cnn1d:cnn1d|conv1d_layer:conv1d_layer|conv1d:CONVOLUTION_1D[1].conv1d|p2s:parallel_to_serial|parallel_reg[4][0]                                                               ; Merged with m08_cnn1d:cnn1d|conv1d_layer:conv1d_layer|conv1d:CONVOLUTION_1D[0].conv1d|p2s:parallel_to_serial|parallel_reg[4][0]                                                               ;
; m08_cnn1d:cnn1d|conv1d_layer:conv1d_layer|conv1d:CONVOLUTION_1D[1].conv1d|p2s:parallel_to_serial|parallel_reg[4][10]                                                              ; Merged with m08_cnn1d:cnn1d|conv1d_layer:conv1d_layer|conv1d:CONVOLUTION_1D[0].conv1d|p2s:parallel_to_serial|parallel_reg[4][0]                                                               ;
; m08_cnn1d:cnn1d|conv1d_layer:conv1d_layer|conv1d:CONVOLUTION_1D[1].conv1d|p2s:parallel_to_serial|parallel_reg[4][11]                                                              ; Merged with m08_cnn1d:cnn1d|conv1d_layer:conv1d_layer|conv1d:CONVOLUTION_1D[0].conv1d|p2s:parallel_to_serial|parallel_reg[4][0]                                                               ;
; m08_cnn1d:cnn1d|conv1d_layer:conv1d_layer|conv1d:CONVOLUTION_1D[1].conv1d|p2s:parallel_to_serial|parallel_reg[4][1]                                                               ; Merged with m08_cnn1d:cnn1d|conv1d_layer:conv1d_layer|conv1d:CONVOLUTION_1D[0].conv1d|p2s:parallel_to_serial|parallel_reg[4][0]                                                               ;
; m08_cnn1d:cnn1d|conv1d_layer:conv1d_layer|conv1d:CONVOLUTION_1D[1].conv1d|p2s:parallel_to_serial|parallel_reg[4][2]                                                               ; Merged with m08_cnn1d:cnn1d|conv1d_layer:conv1d_layer|conv1d:CONVOLUTION_1D[0].conv1d|p2s:parallel_to_serial|parallel_reg[4][0]                                                               ;
; m08_cnn1d:cnn1d|conv1d_layer:conv1d_layer|conv1d:CONVOLUTION_1D[1].conv1d|p2s:parallel_to_serial|parallel_reg[4][3]                                                               ; Merged with m08_cnn1d:cnn1d|conv1d_layer:conv1d_layer|conv1d:CONVOLUTION_1D[0].conv1d|p2s:parallel_to_serial|parallel_reg[4][0]                                                               ;
; m08_cnn1d:cnn1d|conv1d_layer:conv1d_layer|conv1d:CONVOLUTION_1D[1].conv1d|p2s:parallel_to_serial|parallel_reg[4][4]                                                               ; Merged with m08_cnn1d:cnn1d|conv1d_layer:conv1d_layer|conv1d:CONVOLUTION_1D[0].conv1d|p2s:parallel_to_serial|parallel_reg[4][0]                                                               ;
; m08_cnn1d:cnn1d|conv1d_layer:conv1d_layer|conv1d:CONVOLUTION_1D[1].conv1d|p2s:parallel_to_serial|parallel_reg[4][5]                                                               ; Merged with m08_cnn1d:cnn1d|conv1d_layer:conv1d_layer|conv1d:CONVOLUTION_1D[0].conv1d|p2s:parallel_to_serial|parallel_reg[4][0]                                                               ;
; m08_cnn1d:cnn1d|conv1d_layer:conv1d_layer|conv1d:CONVOLUTION_1D[1].conv1d|p2s:parallel_to_serial|parallel_reg[4][6]                                                               ; Merged with m08_cnn1d:cnn1d|conv1d_layer:conv1d_layer|conv1d:CONVOLUTION_1D[0].conv1d|p2s:parallel_to_serial|parallel_reg[4][0]                                                               ;
; m08_cnn1d:cnn1d|conv1d_layer:conv1d_layer|conv1d:CONVOLUTION_1D[1].conv1d|p2s:parallel_to_serial|parallel_reg[4][7]                                                               ; Merged with m08_cnn1d:cnn1d|conv1d_layer:conv1d_layer|conv1d:CONVOLUTION_1D[0].conv1d|p2s:parallel_to_serial|parallel_reg[4][0]                                                               ;
; m08_cnn1d:cnn1d|conv1d_layer:conv1d_layer|conv1d:CONVOLUTION_1D[1].conv1d|p2s:parallel_to_serial|parallel_reg[4][8]                                                               ; Merged with m08_cnn1d:cnn1d|conv1d_layer:conv1d_layer|conv1d:CONVOLUTION_1D[0].conv1d|p2s:parallel_to_serial|parallel_reg[4][0]                                                               ;
; m08_cnn1d:cnn1d|conv1d_layer:conv1d_layer|conv1d:CONVOLUTION_1D[1].conv1d|p2s:parallel_to_serial|parallel_reg[4][9]                                                               ; Merged with m08_cnn1d:cnn1d|conv1d_layer:conv1d_layer|conv1d:CONVOLUTION_1D[0].conv1d|p2s:parallel_to_serial|parallel_reg[4][0]                                                               ;
; m08_cnn1d:cnn1d|conv1d_layer:conv1d_layer|conv1d:CONVOLUTION_1D[1].conv1d|p2s:parallel_to_serial|parallel_reg[4][12]                                                              ; Merged with m08_cnn1d:cnn1d|conv1d_layer:conv1d_layer|conv1d:CONVOLUTION_1D[0].conv1d|p2s:parallel_to_serial|parallel_reg[4][12]                                                              ;
; m08_cnn1d:cnn1d|conv1d_layer:conv1d_layer|conv1d:CONVOLUTION_1D[1].conv1d|p2s:parallel_to_serial|parallel_reg[4][13]                                                              ; Merged with m08_cnn1d:cnn1d|conv1d_layer:conv1d_layer|conv1d:CONVOLUTION_1D[0].conv1d|p2s:parallel_to_serial|parallel_reg[4][13]                                                              ;
; m08_cnn1d:cnn1d|conv1d_layer:conv1d_layer|conv1d:CONVOLUTION_1D[1].conv1d|p2s:parallel_to_serial|parallel_reg[4][14]                                                              ; Merged with m08_cnn1d:cnn1d|conv1d_layer:conv1d_layer|conv1d:CONVOLUTION_1D[0].conv1d|p2s:parallel_to_serial|parallel_reg[4][14]                                                              ;
; m08_cnn1d:cnn1d|conv1d_layer:conv1d_layer|conv1d:CONVOLUTION_1D[1].conv1d|p2s:parallel_to_serial|parallel_reg[4][15]                                                              ; Merged with m08_cnn1d:cnn1d|conv1d_layer:conv1d_layer|conv1d:CONVOLUTION_1D[0].conv1d|p2s:parallel_to_serial|parallel_reg[4][15]                                                              ;
; m08_cnn1d:cnn1d|conv1d_layer:conv1d_layer|conv1d:CONVOLUTION_1D[1].conv1d|p2s:parallel_to_serial|parallel_reg[4][16]                                                              ; Merged with m08_cnn1d:cnn1d|conv1d_layer:conv1d_layer|conv1d:CONVOLUTION_1D[0].conv1d|p2s:parallel_to_serial|parallel_reg[4][16]                                                              ;
; m08_cnn1d:cnn1d|conv1d_layer:conv1d_layer|conv1d:CONVOLUTION_1D[1].conv1d|p2s:parallel_to_serial|parallel_reg[4][17]                                                              ; Merged with m08_cnn1d:cnn1d|conv1d_layer:conv1d_layer|conv1d:CONVOLUTION_1D[0].conv1d|p2s:parallel_to_serial|parallel_reg[4][17]                                                              ;
; m08_cnn1d:cnn1d|nrn_layer:fc_1|relu:relu|relu_data_out[23]                                                                                                                        ; Stuck at GND due to stuck port data_in                                                                                                                                                        ;
; m08_cnn1d:cnn1d|activation_layer:relu_layer|relu:RELU[0].relu|relu_data_out[23]                                                                                                   ; Stuck at GND due to stuck port data_in                                                                                                                                                        ;
; m08_cnn1d:cnn1d|conv1d_layer:conv1d_layer|conv1d:CONVOLUTION_1D[0].conv1d|conv1d_kernel[0][0]                                                                                     ; Stuck at GND due to stuck port data_in                                                                                                                                                        ;
; m08_cnn1d:cnn1d|conv1d_layer:conv1d_layer|conv1d:CONVOLUTION_1D[0].conv1d|p2s:parallel_to_serial|parallel_reg[0][0]                                                               ; Stuck at GND due to stuck port data_in                                                                                                                                                        ;
; m08_cnn1d:cnn1d|conv1d_layer:conv1d_layer|conv1d:CONVOLUTION_1D[0].conv1d|conv1d_kernel[1][0]                                                                                     ; Stuck at GND due to stuck port data_in                                                                                                                                                        ;
; m08_cnn1d:cnn1d|conv1d_layer:conv1d_layer|conv1d:CONVOLUTION_1D[0].conv1d|p2s:parallel_to_serial|parallel_reg[1][0]                                                               ; Stuck at GND due to stuck port data_in                                                                                                                                                        ;
; m08_cnn1d:cnn1d|conv1d_layer:conv1d_layer|conv1d:CONVOLUTION_1D[0].conv1d|conv1d_kernel[2][0]                                                                                     ; Stuck at GND due to stuck port data_in                                                                                                                                                        ;
; m08_cnn1d:cnn1d|conv1d_layer:conv1d_layer|conv1d:CONVOLUTION_1D[0].conv1d|p2s:parallel_to_serial|parallel_reg[2][0]                                                               ; Stuck at GND due to stuck port data_in                                                                                                                                                        ;
; m08_cnn1d:cnn1d|conv1d_layer:conv1d_layer|conv1d:CONVOLUTION_1D[0].conv1d|conv1d_kernel[3][1]                                                                                     ; Stuck at GND due to stuck port data_in                                                                                                                                                        ;
; m08_cnn1d:cnn1d|conv1d_layer:conv1d_layer|conv1d:CONVOLUTION_1D[0].conv1d|p2s:parallel_to_serial|parallel_reg[3][0]                                                               ; Stuck at GND due to stuck port data_in                                                                                                                                                        ;
; m08_cnn1d:cnn1d|conv1d_layer:conv1d_layer|conv1d:CONVOLUTION_1D[0].conv1d|conv1d_kernel[4][10]                                                                                    ; Stuck at GND due to stuck port data_in                                                                                                                                                        ;
; m08_cnn1d:cnn1d|conv1d_layer:conv1d_layer|conv1d:CONVOLUTION_1D[0].conv1d|p2s:parallel_to_serial|parallel_reg[4][0]                                                               ; Stuck at GND due to stuck port data_in                                                                                                                                                        ;
; m08_cnn1d:cnn1d|conv1d_layer:conv1d_layer|conv1d:CONVOLUTION_1D[0].conv1d|p2s:parallel_to_serial|p2s_serial_out[0]                                                                ; Stuck at GND due to stuck port data_in                                                                                                                                                        ;
; m08_cnn1d:cnn1d|p2s:p2s|state[10]                                                                                                                                                 ; Stuck at GND due to stuck port data_in                                                                                                                                                        ;
; m08_cnn1d:cnn1d|conv1d_layer:conv1d_layer|conv1d:CONVOLUTION_1D[0].conv1d|p2s:parallel_to_serial|state[10]                                                                        ; Stuck at GND due to stuck port data_in                                                                                                                                                        ;
; m08_cnn1d:cnn1d|nrn_layer:fc_2|state[10]                                                                                                                                          ; Stuck at GND due to stuck port data_in                                                                                                                                                        ;
; m08_cnn1d:cnn1d|nrn_layer:fc_1|state[10]                                                                                                                                          ; Stuck at GND due to stuck port data_in                                                                                                                                                        ;
; adc:u0|adc_modular_adc_0:modular_adc_0|altera_modular_adc_control:control_internal|altera_modular_adc_control_fsm:u_control_fsm|ctrl_state.WAIT                                   ; Lost fanout                                                                                                                                                                                   ;
; adc:u0|adc_modular_adc_0:modular_adc_0|altera_modular_adc_control:control_internal|altera_modular_adc_control_fsm:u_control_fsm|ctrl_state.GETCMD_W                               ; Lost fanout                                                                                                                                                                                   ;
; adc:u0|adc_modular_adc_0:modular_adc_0|altera_modular_adc_control:control_internal|altera_modular_adc_control_fsm:u_control_fsm|ctrl_state.SYNC1                                  ; Lost fanout                                                                                                                                                                                   ;
; adc:u0|adc_modular_adc_0:modular_adc_0|altera_modular_adc_control:control_internal|altera_modular_adc_control_fsm:u_control_fsm|ctrl_state~4                                      ; Lost fanout                                                                                                                                                                                   ;
; adc:u0|adc_modular_adc_0:modular_adc_0|altera_modular_adc_control:control_internal|altera_modular_adc_control_fsm:u_control_fsm|ctrl_state~5                                      ; Lost fanout                                                                                                                                                                                   ;
; adc:u0|adc_modular_adc_0:modular_adc_0|altera_modular_adc_control:control_internal|altera_modular_adc_control_fsm:u_control_fsm|ctrl_state~6                                      ; Lost fanout                                                                                                                                                                                   ;
; adc:u0|adc_modular_adc_0:modular_adc_0|altera_modular_adc_control:control_internal|altera_modular_adc_control_fsm:u_control_fsm|ctrl_state~7                                      ; Lost fanout                                                                                                                                                                                   ;
; adc:u0|adc_modular_adc_0:modular_adc_0|altera_modular_adc_control:control_internal|altera_modular_adc_control_fsm:u_control_fsm|ctrl_state~8                                      ; Lost fanout                                                                                                                                                                                   ;
; adc:u0|adc_modular_adc_0:modular_adc_0|altera_modular_adc_control:control_internal|altera_modular_adc_control_fsm:u_control_fsm|ctrl_state.PUTRESP_DLY1                           ; Merged with adc:u0|adc_modular_adc_0:modular_adc_0|altera_modular_adc_control:control_internal|altera_modular_adc_control_fsm:u_control_fsm|cmd_ready                                         ;
; adc:u0|adc_modular_adc_0:modular_adc_0|altera_modular_adc_control:control_internal|altera_modular_adc_control_fsm:u_control_fsm|ctrl_state.PRE_CONV                               ; Stuck at GND due to stuck port data_in                                                                                                                                                        ;
; m08_cnn1d:cnn1d|nrn_layer:fc_2|mult_reduce:mult_reduce|accumulator[36..47]                                                                                                        ; Lost fanout                                                                                                                                                                                   ;
; m08_cnn1d:cnn1d|nrn_layer:fc_2|mult_reduce:mult_reduce|mult:multiplier|lpm_mult:lpm_mult_component|mult_4ms:auto_generated|dffe100                                                ; Lost fanout                                                                                                                                                                                   ;
; m08_cnn1d:cnn1d|nrn_layer:fc_2|mult_reduce:mult_reduce|mult:multiplier|lpm_mult:lpm_mult_component|mult_4ms:auto_generated|dffe103                                                ; Lost fanout                                                                                                                                                                                   ;
; m08_cnn1d:cnn1d|nrn_layer:fc_2|mult_reduce:mult_reduce|mult:multiplier|lpm_mult:lpm_mult_component|mult_4ms:auto_generated|dffe106                                                ; Lost fanout                                                                                                                                                                                   ;
; m08_cnn1d:cnn1d|nrn_layer:fc_2|mult_reduce:mult_reduce|mult:multiplier|lpm_mult:lpm_mult_component|mult_4ms:auto_generated|dffe109                                                ; Lost fanout                                                                                                                                                                                   ;
; m08_cnn1d:cnn1d|nrn_layer:fc_2|mult_reduce:mult_reduce|mult:multiplier|lpm_mult:lpm_mult_component|mult_4ms:auto_generated|dffe112                                                ; Lost fanout                                                                                                                                                                                   ;
; m08_cnn1d:cnn1d|nrn_layer:fc_2|mult_reduce:mult_reduce|mult:multiplier|lpm_mult:lpm_mult_component|mult_4ms:auto_generated|dffe115                                                ; Lost fanout                                                                                                                                                                                   ;
; m08_cnn1d:cnn1d|nrn_layer:fc_2|mult_reduce:mult_reduce|mult:multiplier|lpm_mult:lpm_mult_component|mult_4ms:auto_generated|dffe118                                                ; Lost fanout                                                                                                                                                                                   ;
; m08_cnn1d:cnn1d|nrn_layer:fc_2|mult_reduce:mult_reduce|mult:multiplier|lpm_mult:lpm_mult_component|mult_4ms:auto_generated|dffe133                                                ; Lost fanout                                                                                                                                                                                   ;
; m08_cnn1d:cnn1d|nrn_layer:fc_1|mult_reduce:mult_reduce|accumulator[36..47]                                                                                                        ; Lost fanout                                                                                                                                                                                   ;
; m08_cnn1d:cnn1d|nrn_layer:fc_1|mult_reduce:mult_reduce|mult:multiplier|lpm_mult:lpm_mult_component|mult_4ms:auto_generated|dffe100                                                ; Lost fanout                                                                                                                                                                                   ;
; m08_cnn1d:cnn1d|nrn_layer:fc_1|mult_reduce:mult_reduce|mult:multiplier|lpm_mult:lpm_mult_component|mult_4ms:auto_generated|dffe103                                                ; Lost fanout                                                                                                                                                                                   ;
; m08_cnn1d:cnn1d|nrn_layer:fc_1|mult_reduce:mult_reduce|mult:multiplier|lpm_mult:lpm_mult_component|mult_4ms:auto_generated|dffe106                                                ; Lost fanout                                                                                                                                                                                   ;
; m08_cnn1d:cnn1d|nrn_layer:fc_1|mult_reduce:mult_reduce|mult:multiplier|lpm_mult:lpm_mult_component|mult_4ms:auto_generated|dffe109                                                ; Lost fanout                                                                                                                                                                                   ;
; m08_cnn1d:cnn1d|nrn_layer:fc_1|mult_reduce:mult_reduce|mult:multiplier|lpm_mult:lpm_mult_component|mult_4ms:auto_generated|dffe112                                                ; Lost fanout                                                                                                                                                                                   ;
; m08_cnn1d:cnn1d|nrn_layer:fc_1|mult_reduce:mult_reduce|mult:multiplier|lpm_mult:lpm_mult_component|mult_4ms:auto_generated|dffe115                                                ; Lost fanout                                                                                                                                                                                   ;
; m08_cnn1d:cnn1d|nrn_layer:fc_1|mult_reduce:mult_reduce|mult:multiplier|lpm_mult:lpm_mult_component|mult_4ms:auto_generated|dffe118                                                ; Lost fanout                                                                                                                                                                                   ;
; m08_cnn1d:cnn1d|nrn_layer:fc_1|mult_reduce:mult_reduce|mult:multiplier|lpm_mult:lpm_mult_component|mult_4ms:auto_generated|dffe133                                                ; Lost fanout                                                                                                                                                                                   ;
; m08_cnn1d:cnn1d|conv1d_layer:conv1d_layer|conv1d:CONVOLUTION_1D[0].conv1d|mult_reduce:multiply_reduce|accumulator[36..47]                                                         ; Lost fanout                                                                                                                                                                                   ;
; m08_cnn1d:cnn1d|conv1d_layer:conv1d_layer|conv1d:CONVOLUTION_1D[1].conv1d|mult_reduce:multiply_reduce|accumulator[36..47]                                                         ; Lost fanout                                                                                                                                                                                   ;
; m08_cnn1d:cnn1d|conv1d_layer:conv1d_layer|conv1d:CONVOLUTION_1D[0].conv1d|mult_reduce:multiply_reduce|mult:multiplier|lpm_mult:lpm_mult_component|mult_4ms:auto_generated|dffe100 ; Lost fanout                                                                                                                                                                                   ;
; m08_cnn1d:cnn1d|conv1d_layer:conv1d_layer|conv1d:CONVOLUTION_1D[0].conv1d|mult_reduce:multiply_reduce|mult:multiplier|lpm_mult:lpm_mult_component|mult_4ms:auto_generated|dffe103 ; Lost fanout                                                                                                                                                                                   ;
; m08_cnn1d:cnn1d|conv1d_layer:conv1d_layer|conv1d:CONVOLUTION_1D[0].conv1d|mult_reduce:multiply_reduce|mult:multiplier|lpm_mult:lpm_mult_component|mult_4ms:auto_generated|dffe106 ; Lost fanout                                                                                                                                                                                   ;
; m08_cnn1d:cnn1d|conv1d_layer:conv1d_layer|conv1d:CONVOLUTION_1D[0].conv1d|mult_reduce:multiply_reduce|mult:multiplier|lpm_mult:lpm_mult_component|mult_4ms:auto_generated|dffe109 ; Lost fanout                                                                                                                                                                                   ;
; m08_cnn1d:cnn1d|conv1d_layer:conv1d_layer|conv1d:CONVOLUTION_1D[0].conv1d|mult_reduce:multiply_reduce|mult:multiplier|lpm_mult:lpm_mult_component|mult_4ms:auto_generated|dffe112 ; Lost fanout                                                                                                                                                                                   ;
; m08_cnn1d:cnn1d|conv1d_layer:conv1d_layer|conv1d:CONVOLUTION_1D[0].conv1d|mult_reduce:multiply_reduce|mult:multiplier|lpm_mult:lpm_mult_component|mult_4ms:auto_generated|dffe115 ; Lost fanout                                                                                                                                                                                   ;
; m08_cnn1d:cnn1d|conv1d_layer:conv1d_layer|conv1d:CONVOLUTION_1D[0].conv1d|mult_reduce:multiply_reduce|mult:multiplier|lpm_mult:lpm_mult_component|mult_4ms:auto_generated|dffe118 ; Lost fanout                                                                                                                                                                                   ;
; m08_cnn1d:cnn1d|conv1d_layer:conv1d_layer|conv1d:CONVOLUTION_1D[0].conv1d|mult_reduce:multiply_reduce|mult:multiplier|lpm_mult:lpm_mult_component|mult_4ms:auto_generated|dffe133 ; Lost fanout                                                                                                                                                                                   ;
; m08_cnn1d:cnn1d|conv1d_layer:conv1d_layer|conv1d:CONVOLUTION_1D[1].conv1d|mult_reduce:multiply_reduce|mult:multiplier|lpm_mult:lpm_mult_component|mult_4ms:auto_generated|dffe100 ; Lost fanout                                                                                                                                                                                   ;
; m08_cnn1d:cnn1d|conv1d_layer:conv1d_layer|conv1d:CONVOLUTION_1D[1].conv1d|mult_reduce:multiply_reduce|mult:multiplier|lpm_mult:lpm_mult_component|mult_4ms:auto_generated|dffe103 ; Lost fanout                                                                                                                                                                                   ;
; m08_cnn1d:cnn1d|conv1d_layer:conv1d_layer|conv1d:CONVOLUTION_1D[1].conv1d|mult_reduce:multiply_reduce|mult:multiplier|lpm_mult:lpm_mult_component|mult_4ms:auto_generated|dffe106 ; Lost fanout                                                                                                                                                                                   ;
; m08_cnn1d:cnn1d|conv1d_layer:conv1d_layer|conv1d:CONVOLUTION_1D[1].conv1d|mult_reduce:multiply_reduce|mult:multiplier|lpm_mult:lpm_mult_component|mult_4ms:auto_generated|dffe109 ; Lost fanout                                                                                                                                                                                   ;
; m08_cnn1d:cnn1d|conv1d_layer:conv1d_layer|conv1d:CONVOLUTION_1D[1].conv1d|mult_reduce:multiply_reduce|mult:multiplier|lpm_mult:lpm_mult_component|mult_4ms:auto_generated|dffe112 ; Lost fanout                                                                                                                                                                                   ;
; m08_cnn1d:cnn1d|conv1d_layer:conv1d_layer|conv1d:CONVOLUTION_1D[1].conv1d|mult_reduce:multiply_reduce|mult:multiplier|lpm_mult:lpm_mult_component|mult_4ms:auto_generated|dffe115 ; Lost fanout                                                                                                                                                                                   ;
; m08_cnn1d:cnn1d|conv1d_layer:conv1d_layer|conv1d:CONVOLUTION_1D[1].conv1d|mult_reduce:multiply_reduce|mult:multiplier|lpm_mult:lpm_mult_component|mult_4ms:auto_generated|dffe133 ; Lost fanout                                                                                                                                                                                   ;
; Total Number of Removed Registers = 718                                                                                                                                           ;                                                                                                                                                                                               ;
+-----------------------------------------------------------------------------------------------------------------------------------------------------------------------------------+-----------------------------------------------------------------------------------------------------------------------------------------------------------------------------------------------+


+---------------------------------------------------------------------------------------------------------------------------------------------------------------------------------------------------------------------------------------------------------------------------------------+
; Removed Registers Triggering Further Register Optimizations                                                                                                                                                                                                                           ;
+-----------------------------------------------------------------------------------------------------------------------+---------------------------+-----------------------------------------------------------------------------------------------------------------------------------+
; Register name                                                                                                         ; Reason for Removal        ; Registers Removed due to This Register                                                                                            ;
+-----------------------------------------------------------------------------------------------------------------------+---------------------------+-----------------------------------------------------------------------------------------------------------------------------------+
; adc:u0|adc_altpll_0:altpll_0|prev_reset                                                                               ; Stuck at GND              ; adc:u0|altera_reset_controller:rst_controller|altera_reset_synchronizer:alt_rst_sync_uq1|altera_reset_synchronizer_int_chain_out, ;
;                                                                                                                       ; due to stuck port data_in ; adc:u0|altera_reset_controller:rst_controller|altera_reset_synchronizer:alt_rst_sync_uq1|altera_reset_synchronizer_int_chain[0],  ;
;                                                                                                                       ;                           ; adc:u0|altera_reset_controller:rst_controller|altera_reset_synchronizer:alt_rst_sync_uq1|altera_reset_synchronizer_int_chain[1],  ;
;                                                                                                                       ;                           ; adc:u0|adc_altpll_0:altpll_0|adc_altpll_0_altpll_6b92:sd1|pll_lock_sync,                                                          ;
;                                                                                                                       ;                           ; m08_cnn1d:cnn1d|nrn_layer:fc_2|relu:relu|relu_data_out[23],                                                                       ;
;                                                                                                                       ;                           ; m08_cnn1d:cnn1d|s2p:s2p|s2p_parallel_out[1][23],                                                                                  ;
;                                                                                                                       ;                           ; m08_cnn1d:cnn1d|s2p:s2p|s2p_parallel_out[0][23],                                                                                  ;
;                                                                                                                       ;                           ; m08_cnn1d:cnn1d|nrn_layer:fc_1|relu:relu|relu_data_out[23],                                                                       ;
;                                                                                                                       ;                           ; m08_cnn1d:cnn1d|activation_layer:relu_layer|relu:RELU[0].relu|relu_data_out[23],                                                  ;
;                                                                                                                       ;                           ; m08_cnn1d:cnn1d|conv1d_layer:conv1d_layer|conv1d:CONVOLUTION_1D[0].conv1d|conv1d_kernel[0][0],                                    ;
;                                                                                                                       ;                           ; m08_cnn1d:cnn1d|conv1d_layer:conv1d_layer|conv1d:CONVOLUTION_1D[0].conv1d|p2s:parallel_to_serial|parallel_reg[0][0],              ;
;                                                                                                                       ;                           ; m08_cnn1d:cnn1d|conv1d_layer:conv1d_layer|conv1d:CONVOLUTION_1D[0].conv1d|conv1d_kernel[1][0],                                    ;
;                                                                                                                       ;                           ; m08_cnn1d:cnn1d|conv1d_layer:conv1d_layer|conv1d:CONVOLUTION_1D[0].conv1d|p2s:parallel_to_serial|parallel_reg[1][0],              ;
;                                                                                                                       ;                           ; m08_cnn1d:cnn1d|conv1d_layer:conv1d_layer|conv1d:CONVOLUTION_1D[0].conv1d|conv1d_kernel[2][0],                                    ;
;                                                                                                                       ;                           ; m08_cnn1d:cnn1d|conv1d_layer:conv1d_layer|conv1d:CONVOLUTION_1D[0].conv1d|p2s:parallel_to_serial|parallel_reg[2][0],              ;
;                                                                                                                       ;                           ; m08_cnn1d:cnn1d|conv1d_layer:conv1d_layer|conv1d:CONVOLUTION_1D[0].conv1d|conv1d_kernel[3][1],                                    ;
;                                                                                                                       ;                           ; m08_cnn1d:cnn1d|conv1d_layer:conv1d_layer|conv1d:CONVOLUTION_1D[0].conv1d|p2s:parallel_to_serial|parallel_reg[3][0],              ;
;                                                                                                                       ;                           ; m08_cnn1d:cnn1d|conv1d_layer:conv1d_layer|conv1d:CONVOLUTION_1D[0].conv1d|conv1d_kernel[4][10],                                   ;
;                                                                                                                       ;                           ; m08_cnn1d:cnn1d|conv1d_layer:conv1d_layer|conv1d:CONVOLUTION_1D[0].conv1d|p2s:parallel_to_serial|parallel_reg[4][0],              ;
;                                                                                                                       ;                           ; m08_cnn1d:cnn1d|conv1d_layer:conv1d_layer|conv1d:CONVOLUTION_1D[0].conv1d|p2s:parallel_to_serial|p2s_serial_out[0],               ;
;                                                                                                                       ;                           ; m08_cnn1d:cnn1d|p2s:p2s|state[10],                                                                                                ;
;                                                                                                                       ;                           ; m08_cnn1d:cnn1d|conv1d_layer:conv1d_layer|conv1d:CONVOLUTION_1D[0].conv1d|p2s:parallel_to_serial|state[10],                       ;
;                                                                                                                       ;                           ; m08_cnn1d:cnn1d|nrn_layer:fc_2|state[10], m08_cnn1d:cnn1d|nrn_layer:fc_1|state[10]                                                ;
; m08_cnn1d:cnn1d|nrn_layer:fc_2|mult_reduce:mult_reduce|accumulator[47]                                                ; Lost Fanouts              ; m08_cnn1d:cnn1d|nrn_layer:fc_2|mult_reduce:mult_reduce|accumulator[46],                                                           ;
;                                                                                                                       ;                           ; m08_cnn1d:cnn1d|nrn_layer:fc_2|mult_reduce:mult_reduce|accumulator[45],                                                           ;
;                                                                                                                       ;                           ; m08_cnn1d:cnn1d|nrn_layer:fc_2|mult_reduce:mult_reduce|accumulator[44],                                                           ;
;                                                                                                                       ;                           ; m08_cnn1d:cnn1d|nrn_layer:fc_2|mult_reduce:mult_reduce|accumulator[43],                                                           ;
;                                                                                                                       ;                           ; m08_cnn1d:cnn1d|nrn_layer:fc_2|mult_reduce:mult_reduce|accumulator[42],                                                           ;
;                                                                                                                       ;                           ; m08_cnn1d:cnn1d|nrn_layer:fc_2|mult_reduce:mult_reduce|accumulator[41],                                                           ;
;                                                                                                                       ;                           ; m08_cnn1d:cnn1d|nrn_layer:fc_2|mult_reduce:mult_reduce|accumulator[40],                                                           ;
;                                                                                                                       ;                           ; m08_cnn1d:cnn1d|nrn_layer:fc_2|mult_reduce:mult_reduce|accumulator[39],                                                           ;
;                                                                                                                       ;                           ; m08_cnn1d:cnn1d|nrn_layer:fc_2|mult_reduce:mult_reduce|accumulator[38],                                                           ;
;                                                                                                                       ;                           ; m08_cnn1d:cnn1d|nrn_layer:fc_2|mult_reduce:mult_reduce|accumulator[37],                                                           ;
;                                                                                                                       ;                           ; m08_cnn1d:cnn1d|nrn_layer:fc_2|mult_reduce:mult_reduce|accumulator[36]                                                            ;
; m08_cnn1d:cnn1d|nrn_layer:fc_1|mult_reduce:mult_reduce|accumulator[47]                                                ; Lost Fanouts              ; m08_cnn1d:cnn1d|nrn_layer:fc_1|mult_reduce:mult_reduce|accumulator[46],                                                           ;
;                                                                                                                       ;                           ; m08_cnn1d:cnn1d|nrn_layer:fc_1|mult_reduce:mult_reduce|accumulator[45],                                                           ;
;                                                                                                                       ;                           ; m08_cnn1d:cnn1d|nrn_layer:fc_1|mult_reduce:mult_reduce|accumulator[44],                                                           ;
;                                                                                                                       ;                           ; m08_cnn1d:cnn1d|nrn_layer:fc_1|mult_reduce:mult_reduce|accumulator[43],                                                           ;
;                                                                                                                       ;                           ; m08_cnn1d:cnn1d|nrn_layer:fc_1|mult_reduce:mult_reduce|accumulator[42],                                                           ;
;                                                                                                                       ;                           ; m08_cnn1d:cnn1d|nrn_layer:fc_1|mult_reduce:mult_reduce|accumulator[41],                                                           ;
;                                                                                                                       ;                           ; m08_cnn1d:cnn1d|nrn_layer:fc_1|mult_reduce:mult_reduce|accumulator[40],                                                           ;
;                                                                                                                       ;                           ; m08_cnn1d:cnn1d|nrn_layer:fc_1|mult_reduce:mult_reduce|accumulator[39],                                                           ;
;                                                                                                                       ;                           ; m08_cnn1d:cnn1d|nrn_layer:fc_1|mult_reduce:mult_reduce|accumulator[38],                                                           ;
;                                                                                                                       ;                           ; m08_cnn1d:cnn1d|nrn_layer:fc_1|mult_reduce:mult_reduce|accumulator[37],                                                           ;
;                                                                                                                       ;                           ; m08_cnn1d:cnn1d|nrn_layer:fc_1|mult_reduce:mult_reduce|accumulator[36]                                                            ;
; m08_cnn1d:cnn1d|conv1d_layer:conv1d_layer|conv1d:CONVOLUTION_1D[0].conv1d|mult_reduce:multiply_reduce|accumulator[47] ; Lost Fanouts              ; m08_cnn1d:cnn1d|conv1d_layer:conv1d_layer|conv1d:CONVOLUTION_1D[0].conv1d|mult_reduce:multiply_reduce|accumulator[46],            ;
;                                                                                                                       ;                           ; m08_cnn1d:cnn1d|conv1d_layer:conv1d_layer|conv1d:CONVOLUTION_1D[0].conv1d|mult_reduce:multiply_reduce|accumulator[45],            ;
;                                                                                                                       ;                           ; m08_cnn1d:cnn1d|conv1d_layer:conv1d_layer|conv1d:CONVOLUTION_1D[0].conv1d|mult_reduce:multiply_reduce|accumulator[44],            ;
;                                                                                                                       ;                           ; m08_cnn1d:cnn1d|conv1d_layer:conv1d_layer|conv1d:CONVOLUTION_1D[0].conv1d|mult_reduce:multiply_reduce|accumulator[43],            ;
;                                                                                                                       ;                           ; m08_cnn1d:cnn1d|conv1d_layer:conv1d_layer|conv1d:CONVOLUTION_1D[0].conv1d|mult_reduce:multiply_reduce|accumulator[42],            ;
;                                                                                                                       ;                           ; m08_cnn1d:cnn1d|conv1d_layer:conv1d_layer|conv1d:CONVOLUTION_1D[0].conv1d|mult_reduce:multiply_reduce|accumulator[41],            ;
;                                                                                                                       ;                           ; m08_cnn1d:cnn1d|conv1d_layer:conv1d_layer|conv1d:CONVOLUTION_1D[0].conv1d|mult_reduce:multiply_reduce|accumulator[40],            ;
;                                                                                                                       ;                           ; m08_cnn1d:cnn1d|conv1d_layer:conv1d_layer|conv1d:CONVOLUTION_1D[0].conv1d|mult_reduce:multiply_reduce|accumulator[39],            ;
;                                                                                                                       ;                           ; m08_cnn1d:cnn1d|conv1d_layer:conv1d_layer|conv1d:CONVOLUTION_1D[0].conv1d|mult_reduce:multiply_reduce|accumulator[38],            ;
;                                                                                                                       ;                           ; m08_cnn1d:cnn1d|conv1d_layer:conv1d_layer|conv1d:CONVOLUTION_1D[0].conv1d|mult_reduce:multiply_reduce|accumulator[37],            ;
;                                                                                                                       ;                           ; m08_cnn1d:cnn1d|conv1d_layer:conv1d_layer|conv1d:CONVOLUTION_1D[0].conv1d|mult_reduce:multiply_reduce|accumulator[36]             ;
; m08_cnn1d:cnn1d|conv1d_layer:conv1d_layer|conv1d:CONVOLUTION_1D[1].conv1d|mult_reduce:multiply_reduce|accumulator[47] ; Lost Fanouts              ; m08_cnn1d:cnn1d|conv1d_layer:conv1d_layer|conv1d:CONVOLUTION_1D[1].conv1d|mult_reduce:multiply_reduce|accumulator[46],            ;
;                                                                                                                       ;                           ; m08_cnn1d:cnn1d|conv1d_layer:conv1d_layer|conv1d:CONVOLUTION_1D[1].conv1d|mult_reduce:multiply_reduce|accumulator[45],            ;
;                                                                                                                       ;                           ; m08_cnn1d:cnn1d|conv1d_layer:conv1d_layer|conv1d:CONVOLUTION_1D[1].conv1d|mult_reduce:multiply_reduce|accumulator[44],            ;
;                                                                                                                       ;                           ; m08_cnn1d:cnn1d|conv1d_layer:conv1d_layer|conv1d:CONVOLUTION_1D[1].conv1d|mult_reduce:multiply_reduce|accumulator[43],            ;
;                                                                                                                       ;                           ; m08_cnn1d:cnn1d|conv1d_layer:conv1d_layer|conv1d:CONVOLUTION_1D[1].conv1d|mult_reduce:multiply_reduce|accumulator[42],            ;
;                                                                                                                       ;                           ; m08_cnn1d:cnn1d|conv1d_layer:conv1d_layer|conv1d:CONVOLUTION_1D[1].conv1d|mult_reduce:multiply_reduce|accumulator[41],            ;
;                                                                                                                       ;                           ; m08_cnn1d:cnn1d|conv1d_layer:conv1d_layer|conv1d:CONVOLUTION_1D[1].conv1d|mult_reduce:multiply_reduce|accumulator[40],            ;
;                                                                                                                       ;                           ; m08_cnn1d:cnn1d|conv1d_layer:conv1d_layer|conv1d:CONVOLUTION_1D[1].conv1d|mult_reduce:multiply_reduce|accumulator[39],            ;
;                                                                                                                       ;                           ; m08_cnn1d:cnn1d|conv1d_layer:conv1d_layer|conv1d:CONVOLUTION_1D[1].conv1d|mult_reduce:multiply_reduce|accumulator[38],            ;
;                                                                                                                       ;                           ; m08_cnn1d:cnn1d|conv1d_layer:conv1d_layer|conv1d:CONVOLUTION_1D[1].conv1d|mult_reduce:multiply_reduce|accumulator[37],            ;
;                                                                                                                       ;                           ; m08_cnn1d:cnn1d|conv1d_layer:conv1d_layer|conv1d:CONVOLUTION_1D[1].conv1d|mult_reduce:multiply_reduce|accumulator[36]             ;
+-----------------------------------------------------------------------------------------------------------------------+---------------------------+-----------------------------------------------------------------------------------------------------------------------------------+


+------------------------------------------------------+
; General Register Statistics                          ;
+----------------------------------------------+-------+
; Statistic                                    ; Value ;
+----------------------------------------------+-------+
; Total registers                              ; 1758  ;
; Number of registers using Synchronous Clear  ; 786   ;
; Number of registers using Synchronous Load   ; 26    ;
; Number of registers using Asynchronous Clear ; 88    ;
; Number of registers using Asynchronous Load  ; 0     ;
; Number of registers using Clock Enable       ; 1618  ;
; Number of registers using Preset             ; 0     ;
+----------------------------------------------+-------+


+----------------------------------------------------------------------------------------------------------------------------------------------------+
; Inverted Register Statistics                                                                                                                       ;
+------------------------------------------------------------------------------------------------------------------------------------------+---------+
; Inverted Register                                                                                                                        ; Fan out ;
+------------------------------------------------------------------------------------------------------------------------------------------+---------+
; adc:u0|adc_modular_adc_0:modular_adc_0|altera_modular_adc_control:control_internal|altera_modular_adc_control_fsm:u_control_fsm|usr_pwd  ; 2       ;
; adc:u0|adc_modular_adc_0:modular_adc_0|altera_modular_adc_control:control_internal|altera_modular_adc_control_fsm:u_control_fsm|chsel[4] ; 8       ;
; adc:u0|adc_modular_adc_0:modular_adc_0|altera_modular_adc_control:control_internal|altera_modular_adc_control_fsm:u_control_fsm|chsel[1] ; 7       ;
; adc:u0|adc_modular_adc_0:modular_adc_0|altera_modular_adc_control:control_internal|altera_modular_adc_control_fsm:u_control_fsm|chsel[2] ; 7       ;
; adc:u0|adc_modular_adc_0:modular_adc_0|altera_modular_adc_control:control_internal|altera_modular_adc_control_fsm:u_control_fsm|chsel[3] ; 7       ;
; Total number of inverted registers = 5                                                                                                   ;         ;
+------------------------------------------------------------------------------------------------------------------------------------------+---------+


+-------------------------------------------------------------------------------------------------------------------------------------------------------------------------------------------------------------------------------------------------------------------------------------------+
; Multiplexer Restructuring Statistics (Restructuring Performed)                                                                                                                                                                                                                            ;
+--------------------+-----------+---------------+----------------------+------------------------+------------+-----------------------------------------------------------------------------------------------------------------------------------------------------------------------------+
; Multiplexer Inputs ; Bus Width ; Baseline Area ; Area if Restructured ; Saving if Restructured ; Registered ; Example Multiplexer Output                                                                                                                                                  ;
+--------------------+-----------+---------------+----------------------+------------------------+------------+-----------------------------------------------------------------------------------------------------------------------------------------------------------------------------+
; 3:1                ; 12 bits   ; 24 LEs        ; 12 LEs               ; 12 LEs                 ; Yes        ; |cnn_vibration_monitor_10M08|adc:u0|adc_modular_adc_0:modular_adc_0|altera_modular_adc_control:control_internal|altera_modular_adc_control_fsm:u_control_fsm|rsp_data[11]   ;
; 3:1                ; 8 bits    ; 16 LEs        ; 0 LEs                ; 16 LEs                 ; Yes        ; |cnn_vibration_monitor_10M08|adc:u0|adc_modular_adc_0:modular_adc_0|altera_modular_adc_control:control_internal|altera_modular_adc_control_fsm:u_control_fsm|int_timer[7]   ;
; 3:1                ; 23 bits   ; 46 LEs        ; 0 LEs                ; 46 LEs                 ; Yes        ; |cnn_vibration_monitor_10M08|m08_cnn1d:cnn1d|nrn_layer:fc_2|relu:relu|relu_data_out[20]                                                                                     ;
; 3:1                ; 4 bits    ; 8 LEs         ; 4 LEs                ; 4 LEs                  ; Yes        ; |cnn_vibration_monitor_10M08|m08_cnn1d:cnn1d|nrn_layer:fc_2|mult_reduce:mult_reduce|valid_in_pipe[0]                                                                        ;
; 3:1                ; 24 bits   ; 48 LEs        ; 0 LEs                ; 48 LEs                 ; Yes        ; |cnn_vibration_monitor_10M08|m08_cnn1d:cnn1d|nrn_layer:fc_2|mult_reduce:mult_reduce|mult_reduce_result_out[14]                                                              ;
; 3:1                ; 6 bits    ; 12 LEs        ; 6 LEs                ; 6 LEs                  ; Yes        ; |cnn_vibration_monitor_10M08|m08_cnn1d:cnn1d|nrn_layer:fc_2|rst_pipe[0]                                                                                                     ;
; 3:1                ; 4 bits    ; 8 LEs         ; 4 LEs                ; 4 LEs                  ; Yes        ; |cnn_vibration_monitor_10M08|m08_cnn1d:cnn1d|nrn_layer:fc_1|mult_reduce:mult_reduce|valid_in_pipe[2]                                                                        ;
; 3:1                ; 24 bits   ; 48 LEs        ; 0 LEs                ; 48 LEs                 ; Yes        ; |cnn_vibration_monitor_10M08|m08_cnn1d:cnn1d|nrn_layer:fc_1|mult_reduce:mult_reduce|mult_reduce_result_out[25]                                                              ;
; 3:1                ; 6 bits    ; 12 LEs        ; 6 LEs                ; 6 LEs                  ; Yes        ; |cnn_vibration_monitor_10M08|m08_cnn1d:cnn1d|nrn_layer:fc_1|valid_pipe[0]                                                                                                   ;
; 3:1                ; 49 bits   ; 98 LEs        ; 0 LEs                ; 98 LEs                 ; Yes        ; |cnn_vibration_monitor_10M08|m08_cnn1d:cnn1d|gavgpool_layer:gavgpool_layer|gavgpool:GLOBAL_AVERAGE_POOLING[1].gavgpool|gavgpool_data_out[10]                                ;
; 3:1                ; 48 bits   ; 96 LEs        ; 0 LEs                ; 96 LEs                 ; Yes        ; |cnn_vibration_monitor_10M08|m08_cnn1d:cnn1d|gavgpool_layer:gavgpool_layer|gavgpool:GLOBAL_AVERAGE_POOLING[0].gavgpool|accum:accumulator|accum_data_out[23]                 ;
; 3:1                ; 49 bits   ; 98 LEs        ; 0 LEs                ; 98 LEs                 ; Yes        ; |cnn_vibration_monitor_10M08|m08_cnn1d:cnn1d|conv1d_layer:conv1d_layer|conv1d:CONVOLUTION_1D[1].conv1d|conv1d_data_out[11]                                                  ;
; 3:1                ; 4 bits    ; 8 LEs         ; 4 LEs                ; 4 LEs                  ; Yes        ; |cnn_vibration_monitor_10M08|m08_cnn1d:cnn1d|conv1d_layer:conv1d_layer|conv1d:CONVOLUTION_1D[0].conv1d|mult_reduce:multiply_reduce|valid_in_pipe[0]                         ;
; 3:1                ; 48 bits   ; 96 LEs        ; 0 LEs                ; 96 LEs                 ; Yes        ; |cnn_vibration_monitor_10M08|m08_cnn1d:cnn1d|conv1d_layer:conv1d_layer|conv1d:CONVOLUTION_1D[0].conv1d|mult_reduce:multiply_reduce|mult_reduce_result_out[34]               ;
; 3:1                ; 60 bits   ; 120 LEs       ; 0 LEs                ; 120 LEs                ; Yes        ; |cnn_vibration_monitor_10M08|m08_cnn1d:cnn1d|conv1d_layer:conv1d_layer|conv1d:CONVOLUTION_1D[0].conv1d|conv1d_kernel[3][17]                                                 ;
; 3:1                ; 12 bits   ; 24 LEs        ; 0 LEs                ; 24 LEs                 ; Yes        ; |cnn_vibration_monitor_10M08|m08_cnn1d:cnn1d|subsample:subsample_ch1|subsample_data_out[0]                                                                                  ;
; 3:1                ; 12 bits   ; 24 LEs        ; 0 LEs                ; 24 LEs                 ; Yes        ; |cnn_vibration_monitor_10M08|m08_cnn1d:cnn1d|subsample:subsample_ch3|subsample_data_out[2]                                                                                  ;
; 3:1                ; 18 bits   ; 36 LEs        ; 0 LEs                ; 36 LEs                 ; Yes        ; |cnn_vibration_monitor_10M08|adc:u0|adc_modular_adc_0:modular_adc_0|altera_modular_adc_control:control_internal|altera_modular_adc_control_fsm:u_control_fsm|avrg_sum[15]   ;
; 3:1                ; 27 bits   ; 54 LEs        ; 0 LEs                ; 54 LEs                 ; Yes        ; |cnn_vibration_monitor_10M08|led_counter[0]                                                                                                                                 ;
; 3:1                ; 2 bits    ; 4 LEs         ; 2 LEs                ; 2 LEs                  ; Yes        ; |cnn_vibration_monitor_10M08|led[0]~reg0                                                                                                                                    ;
; 4:1                ; 5 bits    ; 10 LEs        ; 5 LEs                ; 5 LEs                  ; Yes        ; |cnn_vibration_monitor_10M08|m10_adc2axi:adc2axi|adc_c_channel[0]                                                                                                           ;
; 4:1                ; 23 bits   ; 46 LEs        ; 0 LEs                ; 46 LEs                 ; Yes        ; |cnn_vibration_monitor_10M08|m08_cnn1d:cnn1d|nrn_layer:fc_1|relu:relu|relu_data_out[17]                                                                                     ;
; 4:1                ; 4 bits    ; 8 LEs         ; 4 LEs                ; 4 LEs                  ; Yes        ; |cnn_vibration_monitor_10M08|m08_cnn1d:cnn1d|nrn_layer:fc_2|nrn_in[3]                                                                                                       ;
; 4:1                ; 5 bits    ; 10 LEs        ; 5 LEs                ; 5 LEs                  ; Yes        ; |cnn_vibration_monitor_10M08|m08_cnn1d:cnn1d|nrn_layer:fc_2|nrn_ram_address[3]                                                                                              ;
; 4:1                ; 2 bits    ; 4 LEs         ; 4 LEs                ; 0 LEs                  ; Yes        ; |cnn_vibration_monitor_10M08|m08_cnn1d:cnn1d|nrn_layer:fc_1|mult_reduce:mult_reduce|mult_reduce_valid_out                                                                   ;
; 4:1                ; 24 bits   ; 48 LEs        ; 24 LEs               ; 24 LEs                 ; Yes        ; |cnn_vibration_monitor_10M08|m08_cnn1d:cnn1d|p2s:p2s|p2s_serial_out[10]                                                                                                     ;
; 4:1                ; 4 bits    ; 8 LEs         ; 4 LEs                ; 4 LEs                  ; Yes        ; |cnn_vibration_monitor_10M08|m08_cnn1d:cnn1d|nrn_layer:fc_1|nrn_in[3]                                                                                                       ;
; 4:1                ; 7 bits    ; 14 LEs        ; 7 LEs                ; 7 LEs                  ; Yes        ; |cnn_vibration_monitor_10M08|m08_cnn1d:cnn1d|nrn_layer:fc_1|nrn_ram_address[3]                                                                                              ;
; 4:1                ; 2 bits    ; 4 LEs         ; 4 LEs                ; 0 LEs                  ; Yes        ; |cnn_vibration_monitor_10M08|m08_cnn1d:cnn1d|gavgpool_layer:gavgpool_layer|gavgpool:GLOBAL_AVERAGE_POOLING[0].gavgpool|accum:accumulator|accum_valid_out                    ;
; 4:1                ; 23 bits   ; 46 LEs        ; 0 LEs                ; 46 LEs                 ; Yes        ; |cnn_vibration_monitor_10M08|m08_cnn1d:cnn1d|activation_layer:relu_layer|relu:RELU[0].relu|relu_data_out[7]                                                                 ;
; 4:1                ; 23 bits   ; 46 LEs        ; 0 LEs                ; 46 LEs                 ; Yes        ; |cnn_vibration_monitor_10M08|m08_cnn1d:cnn1d|activation_layer:relu_layer|relu:RELU[1].relu|relu_data_out[10]                                                                ;
; 4:1                ; 2 bits    ; 4 LEs         ; 4 LEs                ; 0 LEs                  ; Yes        ; |cnn_vibration_monitor_10M08|m08_cnn1d:cnn1d|conv1d_layer:conv1d_layer|conv1d:CONVOLUTION_1D[0].conv1d|mult_reduce:multiply_reduce|mult_reduce_ready_in                     ;
; 4:1                ; 2 bits    ; 4 LEs         ; 4 LEs                ; 0 LEs                  ; Yes        ; |cnn_vibration_monitor_10M08|m08_cnn1d:cnn1d|subsample:subsample_ch1|subsample_valid_out                                                                                    ;
; 4:1                ; 75 bits   ; 150 LEs       ; 0 LEs                ; 150 LEs                ; Yes        ; |cnn_vibration_monitor_10M08|m08_cnn1d:cnn1d|gavgpool_layer:gavgpool_layer|gavgpool:GLOBAL_AVERAGE_POOLING[1].gavgpool|accum:accumulator|accumulator[0]                     ;
; 4:1                ; 9 bits    ; 18 LEs        ; 0 LEs                ; 18 LEs                 ; Yes        ; |cnn_vibration_monitor_10M08|m08_cnn1d:cnn1d|subsample:subsample_ch1|count[6]                                                                                               ;
; 4:1                ; 52 bits   ; 104 LEs       ; 0 LEs                ; 104 LEs                ; Yes        ; |cnn_vibration_monitor_10M08|m08_cnn1d:cnn1d|nrn_layer:fc_2|mult_reduce:mult_reduce|accumulator[4]                                                                          ;
; 4:1                ; 52 bits   ; 104 LEs       ; 0 LEs                ; 104 LEs                ; Yes        ; |cnn_vibration_monitor_10M08|m08_cnn1d:cnn1d|nrn_layer:fc_1|mult_reduce:mult_reduce|accumulator[26]                                                                         ;
; 4:1                ; 99 bits   ; 198 LEs       ; 0 LEs                ; 198 LEs                ; Yes        ; |cnn_vibration_monitor_10M08|m08_cnn1d:cnn1d|conv1d_layer:conv1d_layer|conv1d:CONVOLUTION_1D[0].conv1d|mult_reduce:multiply_reduce|accumulator[1]                           ;
; 4:1                ; 3 bits    ; 6 LEs         ; 3 LEs                ; 3 LEs                  ; Yes        ; |cnn_vibration_monitor_10M08|m08_cnn1d:cnn1d|conv1d_layer:conv1d_layer|conv1d:CONVOLUTION_1D[0].conv1d|weight_select[0]                                                     ;
; 5:1                ; 3 bits    ; 9 LEs         ; 3 LEs                ; 6 LEs                  ; Yes        ; |cnn_vibration_monitor_10M08|m08_cnn1d:cnn1d|conv1d_layer:conv1d_layer|conv1d:CONVOLUTION_1D[0].conv1d|p2s:parallel_to_serial|count[0]                                      ;
; 10:1               ; 12 bits   ; 72 LEs        ; 36 LEs               ; 36 LEs                 ; Yes        ; |cnn_vibration_monitor_10M08|m08_cnn1d:cnn1d|conv1d_layer:conv1d_layer|conv1d:CONVOLUTION_1D[0].conv1d|p2s:parallel_to_serial|p2s_serial_out[21]                            ;
; 6:1                ; 3 bits    ; 12 LEs        ; 3 LEs                ; 9 LEs                  ; Yes        ; |cnn_vibration_monitor_10M08|m08_cnn1d:cnn1d|nrn_layer:fc_2|in_buf_address[0]                                                                                               ;
; 7:1                ; 3 bits    ; 12 LEs        ; 6 LEs                ; 6 LEs                  ; Yes        ; |cnn_vibration_monitor_10M08|m08_cnn1d:cnn1d|nrn_layer:fc_2|state[1]                                                                                                        ;
; 7:1                ; 2 bits    ; 8 LEs         ; 4 LEs                ; 4 LEs                  ; Yes        ; |cnn_vibration_monitor_10M08|m08_cnn1d:cnn1d|p2s:p2s|state[0]                                                                                                               ;
; 6:1                ; 3 bits    ; 12 LEs        ; 3 LEs                ; 9 LEs                  ; Yes        ; |cnn_vibration_monitor_10M08|m08_cnn1d:cnn1d|nrn_layer:fc_1|in_buf_address[0]                                                                                               ;
; 7:1                ; 3 bits    ; 12 LEs        ; 6 LEs                ; 6 LEs                  ; Yes        ; |cnn_vibration_monitor_10M08|m08_cnn1d:cnn1d|nrn_layer:fc_1|state[1]                                                                                                        ;
; 7:1                ; 2 bits    ; 8 LEs         ; 4 LEs                ; 4 LEs                  ; Yes        ; |cnn_vibration_monitor_10M08|m08_cnn1d:cnn1d|conv1d_layer:conv1d_layer|conv1d:CONVOLUTION_1D[0].conv1d|p2s:parallel_to_serial|state[10]                                     ;
; 6:1                ; 3 bits    ; 12 LEs        ; 6 LEs                ; 6 LEs                  ; Yes        ; |cnn_vibration_monitor_10M08|adc:u0|adc_modular_adc_0:modular_adc_0|altera_modular_adc_control:control_internal|altera_modular_adc_control_fsm:u_control_fsm|chsel[1]       ;
; 3:1                ; 2 bits    ; 4 LEs         ; 2 LEs                ; 2 LEs                  ; No         ; |cnn_vibration_monitor_10M08|adc:u0|adc_modular_adc_0:modular_adc_0|altera_modular_adc_control:control_internal|altera_modular_adc_control_fsm:u_control_fsm|ctrl_state_nxt ;
; 8:1                ; 48 bits   ; 240 LEs       ; 192 LEs              ; 48 LEs                 ; No         ; |cnn_vibration_monitor_10M08|m08_cnn1d:cnn1d|conv1d_layer:conv1d_layer|conv1d:CONVOLUTION_1D[0].conv1d|Mux20                                                                ;
+--------------------+-----------+---------------+----------------------+------------------------+------------+-----------------------------------------------------------------------------------------------------------------------------------------------------------------------------+


+-------------------------------------------------------------------------------------------------------------------------------------------------------+
; Source assignments for m08_cnn1d:cnn1d|conv1d_layer:conv1d_layer|sp_ram:conv1d_weights|altsyncram:altsyncram_component|altsyncram_mck1:auto_generated ;
+---------------------------------+--------------+------+-----------------------------------------------------------------------------------------------+
; Assignment                      ; Value        ; From ; To                                                                                            ;
+---------------------------------+--------------+------+-----------------------------------------------------------------------------------------------+
; OPTIMIZE_POWER_DURING_SYNTHESIS ; EXTRA_EFFORT ; -    ; -                                                                                             ;
+---------------------------------+--------------+------+-----------------------------------------------------------------------------------------------+


+------------------------------------------------------------------------------------------------------------------------------------------------------+
; Source assignments for m08_cnn1d:cnn1d|conv1d_layer:conv1d_layer|sp_ram:conv1d_biases|altsyncram:altsyncram_component|altsyncram_57k1:auto_generated ;
+---------------------------------+--------------+------+----------------------------------------------------------------------------------------------+
; Assignment                      ; Value        ; From ; To                                                                                           ;
+---------------------------------+--------------+------+----------------------------------------------------------------------------------------------+
; OPTIMIZE_POWER_DURING_SYNTHESIS ; EXTRA_EFFORT ; -    ; -                                                                                            ;
+---------------------------------+--------------+------+----------------------------------------------------------------------------------------------+


+--------------------------------------------------------------------------------------------------------------------------------------------------------------------------------------------------+
; Source assignments for m08_cnn1d:cnn1d|conv1d_layer:conv1d_layer|conv1d:CONVOLUTION_1D[0].conv1d|mult_reduce:multiply_reduce|mult:multiplier|lpm_mult:lpm_mult_component|mult_4ms:auto_generated ;
+----------------+-------+------+------------------------------------------------------------------------------------------------------------------------------------------------------------------+
; Assignment     ; Value ; From ; To                                                                                                                                                               ;
+----------------+-------+------+------------------------------------------------------------------------------------------------------------------------------------------------------------------+
; POWER_UP_LEVEL ; LOW   ; -    ; dffe10                                                                                                                                                           ;
; POWER_UP_LEVEL ; LOW   ; -    ; dffe100                                                                                                                                                          ;
; POWER_UP_LEVEL ; LOW   ; -    ; dffe101                                                                                                                                                          ;
; POWER_UP_LEVEL ; LOW   ; -    ; dffe102                                                                                                                                                          ;
; POWER_UP_LEVEL ; LOW   ; -    ; dffe103                                                                                                                                                          ;
; POWER_UP_LEVEL ; LOW   ; -    ; dffe104                                                                                                                                                          ;
; POWER_UP_LEVEL ; LOW   ; -    ; dffe105                                                                                                                                                          ;
; POWER_UP_LEVEL ; LOW   ; -    ; dffe106                                                                                                                                                          ;
; POWER_UP_LEVEL ; LOW   ; -    ; dffe107                                                                                                                                                          ;
; POWER_UP_LEVEL ; LOW   ; -    ; dffe108                                                                                                                                                          ;
; POWER_UP_LEVEL ; LOW   ; -    ; dffe109                                                                                                                                                          ;
; POWER_UP_LEVEL ; LOW   ; -    ; dffe11                                                                                                                                                           ;
; POWER_UP_LEVEL ; LOW   ; -    ; dffe110                                                                                                                                                          ;
; POWER_UP_LEVEL ; LOW   ; -    ; dffe111                                                                                                                                                          ;
; POWER_UP_LEVEL ; LOW   ; -    ; dffe112                                                                                                                                                          ;
; POWER_UP_LEVEL ; LOW   ; -    ; dffe113                                                                                                                                                          ;
; POWER_UP_LEVEL ; LOW   ; -    ; dffe114                                                                                                                                                          ;
; POWER_UP_LEVEL ; LOW   ; -    ; dffe115                                                                                                                                                          ;
; POWER_UP_LEVEL ; LOW   ; -    ; dffe116                                                                                                                                                          ;
; POWER_UP_LEVEL ; LOW   ; -    ; dffe117                                                                                                                                                          ;
; POWER_UP_LEVEL ; LOW   ; -    ; dffe118                                                                                                                                                          ;
; POWER_UP_LEVEL ; LOW   ; -    ; dffe119                                                                                                                                                          ;
; POWER_UP_LEVEL ; LOW   ; -    ; dffe12                                                                                                                                                           ;
; POWER_UP_LEVEL ; LOW   ; -    ; dffe120                                                                                                                                                          ;
; POWER_UP_LEVEL ; LOW   ; -    ; dffe121                                                                                                                                                          ;
; POWER_UP_LEVEL ; LOW   ; -    ; dffe122                                                                                                                                                          ;
; POWER_UP_LEVEL ; LOW   ; -    ; dffe123                                                                                                                                                          ;
; POWER_UP_LEVEL ; LOW   ; -    ; dffe124                                                                                                                                                          ;
; POWER_UP_LEVEL ; LOW   ; -    ; dffe125                                                                                                                                                          ;
; POWER_UP_LEVEL ; LOW   ; -    ; dffe126                                                                                                                                                          ;
; POWER_UP_LEVEL ; LOW   ; -    ; dffe127                                                                                                                                                          ;
; POWER_UP_LEVEL ; LOW   ; -    ; dffe128                                                                                                                                                          ;
; POWER_UP_LEVEL ; LOW   ; -    ; dffe129                                                                                                                                                          ;
; POWER_UP_LEVEL ; LOW   ; -    ; dffe13                                                                                                                                                           ;
; POWER_UP_LEVEL ; LOW   ; -    ; dffe130                                                                                                                                                          ;
; POWER_UP_LEVEL ; LOW   ; -    ; dffe131                                                                                                                                                          ;
; POWER_UP_LEVEL ; LOW   ; -    ; dffe132                                                                                                                                                          ;
; POWER_UP_LEVEL ; LOW   ; -    ; dffe133                                                                                                                                                          ;
; POWER_UP_LEVEL ; LOW   ; -    ; dffe134                                                                                                                                                          ;
; POWER_UP_LEVEL ; LOW   ; -    ; dffe135                                                                                                                                                          ;
; POWER_UP_LEVEL ; LOW   ; -    ; dffe136                                                                                                                                                          ;
; POWER_UP_LEVEL ; LOW   ; -    ; dffe137                                                                                                                                                          ;
; POWER_UP_LEVEL ; LOW   ; -    ; dffe138                                                                                                                                                          ;
; POWER_UP_LEVEL ; LOW   ; -    ; dffe14                                                                                                                                                           ;
; POWER_UP_LEVEL ; LOW   ; -    ; dffe15                                                                                                                                                           ;
; POWER_UP_LEVEL ; LOW   ; -    ; dffe16                                                                                                                                                           ;
; POWER_UP_LEVEL ; LOW   ; -    ; dffe17                                                                                                                                                           ;
; POWER_UP_LEVEL ; LOW   ; -    ; dffe18                                                                                                                                                           ;
; POWER_UP_LEVEL ; LOW   ; -    ; dffe19                                                                                                                                                           ;
; POWER_UP_LEVEL ; LOW   ; -    ; dffe20                                                                                                                                                           ;
; POWER_UP_LEVEL ; LOW   ; -    ; dffe21                                                                                                                                                           ;
; POWER_UP_LEVEL ; LOW   ; -    ; dffe22                                                                                                                                                           ;
; POWER_UP_LEVEL ; LOW   ; -    ; dffe23                                                                                                                                                           ;
; POWER_UP_LEVEL ; LOW   ; -    ; dffe24                                                                                                                                                           ;
; POWER_UP_LEVEL ; LOW   ; -    ; dffe25                                                                                                                                                           ;
; POWER_UP_LEVEL ; LOW   ; -    ; dffe26                                                                                                                                                           ;
; POWER_UP_LEVEL ; LOW   ; -    ; dffe27                                                                                                                                                           ;
; POWER_UP_LEVEL ; LOW   ; -    ; dffe28                                                                                                                                                           ;
; POWER_UP_LEVEL ; LOW   ; -    ; dffe29                                                                                                                                                           ;
; POWER_UP_LEVEL ; LOW   ; -    ; dffe30                                                                                                                                                           ;
; POWER_UP_LEVEL ; LOW   ; -    ; dffe31                                                                                                                                                           ;
; POWER_UP_LEVEL ; LOW   ; -    ; dffe32                                                                                                                                                           ;
; POWER_UP_LEVEL ; LOW   ; -    ; dffe33                                                                                                                                                           ;
; POWER_UP_LEVEL ; LOW   ; -    ; dffe34                                                                                                                                                           ;
; POWER_UP_LEVEL ; LOW   ; -    ; dffe35                                                                                                                                                           ;
; POWER_UP_LEVEL ; LOW   ; -    ; dffe36                                                                                                                                                           ;
; POWER_UP_LEVEL ; LOW   ; -    ; dffe37                                                                                                                                                           ;
; POWER_UP_LEVEL ; LOW   ; -    ; dffe38                                                                                                                                                           ;
; POWER_UP_LEVEL ; LOW   ; -    ; dffe39                                                                                                                                                           ;
; POWER_UP_LEVEL ; LOW   ; -    ; dffe40                                                                                                                                                           ;
; POWER_UP_LEVEL ; LOW   ; -    ; dffe41                                                                                                                                                           ;
; POWER_UP_LEVEL ; LOW   ; -    ; dffe42                                                                                                                                                           ;
; POWER_UP_LEVEL ; LOW   ; -    ; dffe43                                                                                                                                                           ;
; POWER_UP_LEVEL ; LOW   ; -    ; dffe44                                                                                                                                                           ;
; POWER_UP_LEVEL ; LOW   ; -    ; dffe45                                                                                                                                                           ;
; POWER_UP_LEVEL ; LOW   ; -    ; dffe46                                                                                                                                                           ;
; POWER_UP_LEVEL ; LOW   ; -    ; dffe47                                                                                                                                                           ;
; POWER_UP_LEVEL ; LOW   ; -    ; dffe48                                                                                                                                                           ;
; POWER_UP_LEVEL ; LOW   ; -    ; dffe49                                                                                                                                                           ;
; POWER_UP_LEVEL ; LOW   ; -    ; dffe50                                                                                                                                                           ;
; POWER_UP_LEVEL ; LOW   ; -    ; dffe51                                                                                                                                                           ;
; POWER_UP_LEVEL ; LOW   ; -    ; dffe52                                                                                                                                                           ;
; POWER_UP_LEVEL ; LOW   ; -    ; dffe53                                                                                                                                                           ;
; POWER_UP_LEVEL ; LOW   ; -    ; dffe54                                                                                                                                                           ;
; POWER_UP_LEVEL ; LOW   ; -    ; dffe55                                                                                                                                                           ;
; POWER_UP_LEVEL ; LOW   ; -    ; dffe56                                                                                                                                                           ;
; POWER_UP_LEVEL ; LOW   ; -    ; dffe57                                                                                                                                                           ;
; POWER_UP_LEVEL ; LOW   ; -    ; dffe58                                                                                                                                                           ;
; POWER_UP_LEVEL ; LOW   ; -    ; dffe59                                                                                                                                                           ;
; POWER_UP_LEVEL ; LOW   ; -    ; dffe60                                                                                                                                                           ;
; POWER_UP_LEVEL ; LOW   ; -    ; dffe61                                                                                                                                                           ;
; POWER_UP_LEVEL ; LOW   ; -    ; dffe62                                                                                                                                                           ;
; POWER_UP_LEVEL ; LOW   ; -    ; dffe63                                                                                                                                                           ;
; POWER_UP_LEVEL ; LOW   ; -    ; dffe64                                                                                                                                                           ;
; POWER_UP_LEVEL ; LOW   ; -    ; dffe65                                                                                                                                                           ;
; POWER_UP_LEVEL ; LOW   ; -    ; dffe66                                                                                                                                                           ;
; POWER_UP_LEVEL ; LOW   ; -    ; dffe67                                                                                                                                                           ;
; POWER_UP_LEVEL ; LOW   ; -    ; dffe68                                                                                                                                                           ;
; POWER_UP_LEVEL ; LOW   ; -    ; dffe69                                                                                                                                                           ;
; POWER_UP_LEVEL ; LOW   ; -    ; dffe70                                                                                                                                                           ;
; POWER_UP_LEVEL ; LOW   ; -    ; dffe71                                                                                                                                                           ;
; POWER_UP_LEVEL ; LOW   ; -    ; dffe72                                                                                                                                                           ;
; POWER_UP_LEVEL ; LOW   ; -    ; dffe73                                                                                                                                                           ;
; POWER_UP_LEVEL ; LOW   ; -    ; dffe74                                                                                                                                                           ;
; POWER_UP_LEVEL ; LOW   ; -    ; dffe75                                                                                                                                                           ;
; POWER_UP_LEVEL ; LOW   ; -    ; dffe76                                                                                                                                                           ;
; POWER_UP_LEVEL ; LOW   ; -    ; dffe77                                                                                                                                                           ;
; POWER_UP_LEVEL ; LOW   ; -    ; dffe78                                                                                                                                                           ;
; POWER_UP_LEVEL ; LOW   ; -    ; dffe79                                                                                                                                                           ;
; POWER_UP_LEVEL ; LOW   ; -    ; dffe80                                                                                                                                                           ;
; POWER_UP_LEVEL ; LOW   ; -    ; dffe81                                                                                                                                                           ;
; POWER_UP_LEVEL ; LOW   ; -    ; dffe82                                                                                                                                                           ;
; POWER_UP_LEVEL ; LOW   ; -    ; dffe83                                                                                                                                                           ;
; POWER_UP_LEVEL ; LOW   ; -    ; dffe84                                                                                                                                                           ;
; POWER_UP_LEVEL ; LOW   ; -    ; dffe85                                                                                                                                                           ;
; POWER_UP_LEVEL ; LOW   ; -    ; dffe86                                                                                                                                                           ;
; POWER_UP_LEVEL ; LOW   ; -    ; dffe87                                                                                                                                                           ;
; POWER_UP_LEVEL ; LOW   ; -    ; dffe88                                                                                                                                                           ;
; POWER_UP_LEVEL ; LOW   ; -    ; dffe89                                                                                                                                                           ;
; POWER_UP_LEVEL ; LOW   ; -    ; dffe9                                                                                                                                                            ;
; POWER_UP_LEVEL ; LOW   ; -    ; dffe90                                                                                                                                                           ;
; POWER_UP_LEVEL ; LOW   ; -    ; dffe91                                                                                                                                                           ;
; POWER_UP_LEVEL ; LOW   ; -    ; dffe92                                                                                                                                                           ;
; POWER_UP_LEVEL ; LOW   ; -    ; dffe93                                                                                                                                                           ;
; POWER_UP_LEVEL ; LOW   ; -    ; dffe94                                                                                                                                                           ;
; POWER_UP_LEVEL ; LOW   ; -    ; dffe95                                                                                                                                                           ;
; POWER_UP_LEVEL ; LOW   ; -    ; dffe96                                                                                                                                                           ;
; POWER_UP_LEVEL ; LOW   ; -    ; dffe97                                                                                                                                                           ;
; POWER_UP_LEVEL ; LOW   ; -    ; dffe98                                                                                                                                                           ;
; POWER_UP_LEVEL ; LOW   ; -    ; dffe99                                                                                                                                                           ;
+----------------+-------+------+------------------------------------------------------------------------------------------------------------------------------------------------------------------+


+--------------------------------------------------------------------------------------------------------------------------------------------------------------------------------------------------+
; Source assignments for m08_cnn1d:cnn1d|conv1d_layer:conv1d_layer|conv1d:CONVOLUTION_1D[1].conv1d|mult_reduce:multiply_reduce|mult:multiplier|lpm_mult:lpm_mult_component|mult_4ms:auto_generated ;
+----------------+-------+------+------------------------------------------------------------------------------------------------------------------------------------------------------------------+
; Assignment     ; Value ; From ; To                                                                                                                                                               ;
+----------------+-------+------+------------------------------------------------------------------------------------------------------------------------------------------------------------------+
; POWER_UP_LEVEL ; LOW   ; -    ; dffe10                                                                                                                                                           ;
; POWER_UP_LEVEL ; LOW   ; -    ; dffe100                                                                                                                                                          ;
; POWER_UP_LEVEL ; LOW   ; -    ; dffe101                                                                                                                                                          ;
; POWER_UP_LEVEL ; LOW   ; -    ; dffe102                                                                                                                                                          ;
; POWER_UP_LEVEL ; LOW   ; -    ; dffe103                                                                                                                                                          ;
; POWER_UP_LEVEL ; LOW   ; -    ; dffe104                                                                                                                                                          ;
; POWER_UP_LEVEL ; LOW   ; -    ; dffe105                                                                                                                                                          ;
; POWER_UP_LEVEL ; LOW   ; -    ; dffe106                                                                                                                                                          ;
; POWER_UP_LEVEL ; LOW   ; -    ; dffe107                                                                                                                                                          ;
; POWER_UP_LEVEL ; LOW   ; -    ; dffe108                                                                                                                                                          ;
; POWER_UP_LEVEL ; LOW   ; -    ; dffe109                                                                                                                                                          ;
; POWER_UP_LEVEL ; LOW   ; -    ; dffe11                                                                                                                                                           ;
; POWER_UP_LEVEL ; LOW   ; -    ; dffe110                                                                                                                                                          ;
; POWER_UP_LEVEL ; LOW   ; -    ; dffe111                                                                                                                                                          ;
; POWER_UP_LEVEL ; LOW   ; -    ; dffe112                                                                                                                                                          ;
; POWER_UP_LEVEL ; LOW   ; -    ; dffe113                                                                                                                                                          ;
; POWER_UP_LEVEL ; LOW   ; -    ; dffe114                                                                                                                                                          ;
; POWER_UP_LEVEL ; LOW   ; -    ; dffe115                                                                                                                                                          ;
; POWER_UP_LEVEL ; LOW   ; -    ; dffe116                                                                                                                                                          ;
; POWER_UP_LEVEL ; LOW   ; -    ; dffe117                                                                                                                                                          ;
; POWER_UP_LEVEL ; LOW   ; -    ; dffe118                                                                                                                                                          ;
; POWER_UP_LEVEL ; LOW   ; -    ; dffe119                                                                                                                                                          ;
; POWER_UP_LEVEL ; LOW   ; -    ; dffe12                                                                                                                                                           ;
; POWER_UP_LEVEL ; LOW   ; -    ; dffe120                                                                                                                                                          ;
; POWER_UP_LEVEL ; LOW   ; -    ; dffe121                                                                                                                                                          ;
; POWER_UP_LEVEL ; LOW   ; -    ; dffe122                                                                                                                                                          ;
; POWER_UP_LEVEL ; LOW   ; -    ; dffe123                                                                                                                                                          ;
; POWER_UP_LEVEL ; LOW   ; -    ; dffe124                                                                                                                                                          ;
; POWER_UP_LEVEL ; LOW   ; -    ; dffe125                                                                                                                                                          ;
; POWER_UP_LEVEL ; LOW   ; -    ; dffe126                                                                                                                                                          ;
; POWER_UP_LEVEL ; LOW   ; -    ; dffe127                                                                                                                                                          ;
; POWER_UP_LEVEL ; LOW   ; -    ; dffe128                                                                                                                                                          ;
; POWER_UP_LEVEL ; LOW   ; -    ; dffe129                                                                                                                                                          ;
; POWER_UP_LEVEL ; LOW   ; -    ; dffe13                                                                                                                                                           ;
; POWER_UP_LEVEL ; LOW   ; -    ; dffe130                                                                                                                                                          ;
; POWER_UP_LEVEL ; LOW   ; -    ; dffe131                                                                                                                                                          ;
; POWER_UP_LEVEL ; LOW   ; -    ; dffe132                                                                                                                                                          ;
; POWER_UP_LEVEL ; LOW   ; -    ; dffe133                                                                                                                                                          ;
; POWER_UP_LEVEL ; LOW   ; -    ; dffe134                                                                                                                                                          ;
; POWER_UP_LEVEL ; LOW   ; -    ; dffe135                                                                                                                                                          ;
; POWER_UP_LEVEL ; LOW   ; -    ; dffe136                                                                                                                                                          ;
; POWER_UP_LEVEL ; LOW   ; -    ; dffe137                                                                                                                                                          ;
; POWER_UP_LEVEL ; LOW   ; -    ; dffe138                                                                                                                                                          ;
; POWER_UP_LEVEL ; LOW   ; -    ; dffe14                                                                                                                                                           ;
; POWER_UP_LEVEL ; LOW   ; -    ; dffe15                                                                                                                                                           ;
; POWER_UP_LEVEL ; LOW   ; -    ; dffe16                                                                                                                                                           ;
; POWER_UP_LEVEL ; LOW   ; -    ; dffe17                                                                                                                                                           ;
; POWER_UP_LEVEL ; LOW   ; -    ; dffe18                                                                                                                                                           ;
; POWER_UP_LEVEL ; LOW   ; -    ; dffe19                                                                                                                                                           ;
; POWER_UP_LEVEL ; LOW   ; -    ; dffe20                                                                                                                                                           ;
; POWER_UP_LEVEL ; LOW   ; -    ; dffe21                                                                                                                                                           ;
; POWER_UP_LEVEL ; LOW   ; -    ; dffe22                                                                                                                                                           ;
; POWER_UP_LEVEL ; LOW   ; -    ; dffe23                                                                                                                                                           ;
; POWER_UP_LEVEL ; LOW   ; -    ; dffe24                                                                                                                                                           ;
; POWER_UP_LEVEL ; LOW   ; -    ; dffe25                                                                                                                                                           ;
; POWER_UP_LEVEL ; LOW   ; -    ; dffe26                                                                                                                                                           ;
; POWER_UP_LEVEL ; LOW   ; -    ; dffe27                                                                                                                                                           ;
; POWER_UP_LEVEL ; LOW   ; -    ; dffe28                                                                                                                                                           ;
; POWER_UP_LEVEL ; LOW   ; -    ; dffe29                                                                                                                                                           ;
; POWER_UP_LEVEL ; LOW   ; -    ; dffe30                                                                                                                                                           ;
; POWER_UP_LEVEL ; LOW   ; -    ; dffe31                                                                                                                                                           ;
; POWER_UP_LEVEL ; LOW   ; -    ; dffe32                                                                                                                                                           ;
; POWER_UP_LEVEL ; LOW   ; -    ; dffe33                                                                                                                                                           ;
; POWER_UP_LEVEL ; LOW   ; -    ; dffe34                                                                                                                                                           ;
; POWER_UP_LEVEL ; LOW   ; -    ; dffe35                                                                                                                                                           ;
; POWER_UP_LEVEL ; LOW   ; -    ; dffe36                                                                                                                                                           ;
; POWER_UP_LEVEL ; LOW   ; -    ; dffe37                                                                                                                                                           ;
; POWER_UP_LEVEL ; LOW   ; -    ; dffe38                                                                                                                                                           ;
; POWER_UP_LEVEL ; LOW   ; -    ; dffe39                                                                                                                                                           ;
; POWER_UP_LEVEL ; LOW   ; -    ; dffe40                                                                                                                                                           ;
; POWER_UP_LEVEL ; LOW   ; -    ; dffe41                                                                                                                                                           ;
; POWER_UP_LEVEL ; LOW   ; -    ; dffe42                                                                                                                                                           ;
; POWER_UP_LEVEL ; LOW   ; -    ; dffe43                                                                                                                                                           ;
; POWER_UP_LEVEL ; LOW   ; -    ; dffe44                                                                                                                                                           ;
; POWER_UP_LEVEL ; LOW   ; -    ; dffe45                                                                                                                                                           ;
; POWER_UP_LEVEL ; LOW   ; -    ; dffe46                                                                                                                                                           ;
; POWER_UP_LEVEL ; LOW   ; -    ; dffe47                                                                                                                                                           ;
; POWER_UP_LEVEL ; LOW   ; -    ; dffe48                                                                                                                                                           ;
; POWER_UP_LEVEL ; LOW   ; -    ; dffe49                                                                                                                                                           ;
; POWER_UP_LEVEL ; LOW   ; -    ; dffe50                                                                                                                                                           ;
; POWER_UP_LEVEL ; LOW   ; -    ; dffe51                                                                                                                                                           ;
; POWER_UP_LEVEL ; LOW   ; -    ; dffe52                                                                                                                                                           ;
; POWER_UP_LEVEL ; LOW   ; -    ; dffe53                                                                                                                                                           ;
; POWER_UP_LEVEL ; LOW   ; -    ; dffe54                                                                                                                                                           ;
; POWER_UP_LEVEL ; LOW   ; -    ; dffe55                                                                                                                                                           ;
; POWER_UP_LEVEL ; LOW   ; -    ; dffe56                                                                                                                                                           ;
; POWER_UP_LEVEL ; LOW   ; -    ; dffe57                                                                                                                                                           ;
; POWER_UP_LEVEL ; LOW   ; -    ; dffe58                                                                                                                                                           ;
; POWER_UP_LEVEL ; LOW   ; -    ; dffe59                                                                                                                                                           ;
; POWER_UP_LEVEL ; LOW   ; -    ; dffe60                                                                                                                                                           ;
; POWER_UP_LEVEL ; LOW   ; -    ; dffe61                                                                                                                                                           ;
; POWER_UP_LEVEL ; LOW   ; -    ; dffe62                                                                                                                                                           ;
; POWER_UP_LEVEL ; LOW   ; -    ; dffe63                                                                                                                                                           ;
; POWER_UP_LEVEL ; LOW   ; -    ; dffe64                                                                                                                                                           ;
; POWER_UP_LEVEL ; LOW   ; -    ; dffe65                                                                                                                                                           ;
; POWER_UP_LEVEL ; LOW   ; -    ; dffe66                                                                                                                                                           ;
; POWER_UP_LEVEL ; LOW   ; -    ; dffe67                                                                                                                                                           ;
; POWER_UP_LEVEL ; LOW   ; -    ; dffe68                                                                                                                                                           ;
; POWER_UP_LEVEL ; LOW   ; -    ; dffe69                                                                                                                                                           ;
; POWER_UP_LEVEL ; LOW   ; -    ; dffe70                                                                                                                                                           ;
; POWER_UP_LEVEL ; LOW   ; -    ; dffe71                                                                                                                                                           ;
; POWER_UP_LEVEL ; LOW   ; -    ; dffe72                                                                                                                                                           ;
; POWER_UP_LEVEL ; LOW   ; -    ; dffe73                                                                                                                                                           ;
; POWER_UP_LEVEL ; LOW   ; -    ; dffe74                                                                                                                                                           ;
; POWER_UP_LEVEL ; LOW   ; -    ; dffe75                                                                                                                                                           ;
; POWER_UP_LEVEL ; LOW   ; -    ; dffe76                                                                                                                                                           ;
; POWER_UP_LEVEL ; LOW   ; -    ; dffe77                                                                                                                                                           ;
; POWER_UP_LEVEL ; LOW   ; -    ; dffe78                                                                                                                                                           ;
; POWER_UP_LEVEL ; LOW   ; -    ; dffe79                                                                                                                                                           ;
; POWER_UP_LEVEL ; LOW   ; -    ; dffe80                                                                                                                                                           ;
; POWER_UP_LEVEL ; LOW   ; -    ; dffe81                                                                                                                                                           ;
; POWER_UP_LEVEL ; LOW   ; -    ; dffe82                                                                                                                                                           ;
; POWER_UP_LEVEL ; LOW   ; -    ; dffe83                                                                                                                                                           ;
; POWER_UP_LEVEL ; LOW   ; -    ; dffe84                                                                                                                                                           ;
; POWER_UP_LEVEL ; LOW   ; -    ; dffe85                                                                                                                                                           ;
; POWER_UP_LEVEL ; LOW   ; -    ; dffe86                                                                                                                                                           ;
; POWER_UP_LEVEL ; LOW   ; -    ; dffe87                                                                                                                                                           ;
; POWER_UP_LEVEL ; LOW   ; -    ; dffe88                                                                                                                                                           ;
; POWER_UP_LEVEL ; LOW   ; -    ; dffe89                                                                                                                                                           ;
; POWER_UP_LEVEL ; LOW   ; -    ; dffe9                                                                                                                                                            ;
; POWER_UP_LEVEL ; LOW   ; -    ; dffe90                                                                                                                                                           ;
; POWER_UP_LEVEL ; LOW   ; -    ; dffe91                                                                                                                                                           ;
; POWER_UP_LEVEL ; LOW   ; -    ; dffe92                                                                                                                                                           ;
; POWER_UP_LEVEL ; LOW   ; -    ; dffe93                                                                                                                                                           ;
; POWER_UP_LEVEL ; LOW   ; -    ; dffe94                                                                                                                                                           ;
; POWER_UP_LEVEL ; LOW   ; -    ; dffe95                                                                                                                                                           ;
; POWER_UP_LEVEL ; LOW   ; -    ; dffe96                                                                                                                                                           ;
; POWER_UP_LEVEL ; LOW   ; -    ; dffe97                                                                                                                                                           ;
; POWER_UP_LEVEL ; LOW   ; -    ; dffe98                                                                                                                                                           ;
; POWER_UP_LEVEL ; LOW   ; -    ; dffe99                                                                                                                                                           ;
+----------------+-------+------+------------------------------------------------------------------------------------------------------------------------------------------------------------------+


+------------------------------------------------------------------------------------------------------------------------------------------+
; Source assignments for m08_cnn1d:cnn1d|nrn_layer:fc_1|sp_ram_clken:in_buf|altsyncram:altsyncram_component|altsyncram_i0g1:auto_generated ;
+---------------------------------+--------------+------+----------------------------------------------------------------------------------+
; Assignment                      ; Value        ; From ; To                                                                               ;
+---------------------------------+--------------+------+----------------------------------------------------------------------------------+
; OPTIMIZE_POWER_DURING_SYNTHESIS ; EXTRA_EFFORT ; -    ; -                                                                                ;
+---------------------------------+--------------+------+----------------------------------------------------------------------------------+


+-------------------------------------------------------------------------------------------------------------------------------------------+
; Source assignments for m08_cnn1d:cnn1d|nrn_layer:fc_1|sp_ram_clken:nrn_ram|altsyncram:altsyncram_component|altsyncram_q3l1:auto_generated ;
+---------------------------------+--------------+------+-----------------------------------------------------------------------------------+
; Assignment                      ; Value        ; From ; To                                                                                ;
+---------------------------------+--------------+------+-----------------------------------------------------------------------------------+
; OPTIMIZE_POWER_DURING_SYNTHESIS ; EXTRA_EFFORT ; -    ; -                                                                                 ;
+---------------------------------+--------------+------+-----------------------------------------------------------------------------------+


+---------------------------------------------------------------------------------------------------------------------------------------------------+
; Source assignments for m08_cnn1d:cnn1d|nrn_layer:fc_1|mult_reduce:mult_reduce|mult:multiplier|lpm_mult:lpm_mult_component|mult_4ms:auto_generated ;
+----------------+-------+------+-------------------------------------------------------------------------------------------------------------------+
; Assignment     ; Value ; From ; To                                                                                                                ;
+----------------+-------+------+-------------------------------------------------------------------------------------------------------------------+
; POWER_UP_LEVEL ; LOW   ; -    ; dffe10                                                                                                            ;
; POWER_UP_LEVEL ; LOW   ; -    ; dffe100                                                                                                           ;
; POWER_UP_LEVEL ; LOW   ; -    ; dffe101                                                                                                           ;
; POWER_UP_LEVEL ; LOW   ; -    ; dffe102                                                                                                           ;
; POWER_UP_LEVEL ; LOW   ; -    ; dffe103                                                                                                           ;
; POWER_UP_LEVEL ; LOW   ; -    ; dffe104                                                                                                           ;
; POWER_UP_LEVEL ; LOW   ; -    ; dffe105                                                                                                           ;
; POWER_UP_LEVEL ; LOW   ; -    ; dffe106                                                                                                           ;
; POWER_UP_LEVEL ; LOW   ; -    ; dffe107                                                                                                           ;
; POWER_UP_LEVEL ; LOW   ; -    ; dffe108                                                                                                           ;
; POWER_UP_LEVEL ; LOW   ; -    ; dffe109                                                                                                           ;
; POWER_UP_LEVEL ; LOW   ; -    ; dffe11                                                                                                            ;
; POWER_UP_LEVEL ; LOW   ; -    ; dffe110                                                                                                           ;
; POWER_UP_LEVEL ; LOW   ; -    ; dffe111                                                                                                           ;
; POWER_UP_LEVEL ; LOW   ; -    ; dffe112                                                                                                           ;
; POWER_UP_LEVEL ; LOW   ; -    ; dffe113                                                                                                           ;
; POWER_UP_LEVEL ; LOW   ; -    ; dffe114                                                                                                           ;
; POWER_UP_LEVEL ; LOW   ; -    ; dffe115                                                                                                           ;
; POWER_UP_LEVEL ; LOW   ; -    ; dffe116                                                                                                           ;
; POWER_UP_LEVEL ; LOW   ; -    ; dffe117                                                                                                           ;
; POWER_UP_LEVEL ; LOW   ; -    ; dffe118                                                                                                           ;
; POWER_UP_LEVEL ; LOW   ; -    ; dffe119                                                                                                           ;
; POWER_UP_LEVEL ; LOW   ; -    ; dffe12                                                                                                            ;
; POWER_UP_LEVEL ; LOW   ; -    ; dffe120                                                                                                           ;
; POWER_UP_LEVEL ; LOW   ; -    ; dffe121                                                                                                           ;
; POWER_UP_LEVEL ; LOW   ; -    ; dffe122                                                                                                           ;
; POWER_UP_LEVEL ; LOW   ; -    ; dffe123                                                                                                           ;
; POWER_UP_LEVEL ; LOW   ; -    ; dffe124                                                                                                           ;
; POWER_UP_LEVEL ; LOW   ; -    ; dffe125                                                                                                           ;
; POWER_UP_LEVEL ; LOW   ; -    ; dffe126                                                                                                           ;
; POWER_UP_LEVEL ; LOW   ; -    ; dffe127                                                                                                           ;
; POWER_UP_LEVEL ; LOW   ; -    ; dffe128                                                                                                           ;
; POWER_UP_LEVEL ; LOW   ; -    ; dffe129                                                                                                           ;
; POWER_UP_LEVEL ; LOW   ; -    ; dffe13                                                                                                            ;
; POWER_UP_LEVEL ; LOW   ; -    ; dffe130                                                                                                           ;
; POWER_UP_LEVEL ; LOW   ; -    ; dffe131                                                                                                           ;
; POWER_UP_LEVEL ; LOW   ; -    ; dffe132                                                                                                           ;
; POWER_UP_LEVEL ; LOW   ; -    ; dffe133                                                                                                           ;
; POWER_UP_LEVEL ; LOW   ; -    ; dffe134                                                                                                           ;
; POWER_UP_LEVEL ; LOW   ; -    ; dffe135                                                                                                           ;
; POWER_UP_LEVEL ; LOW   ; -    ; dffe136                                                                                                           ;
; POWER_UP_LEVEL ; LOW   ; -    ; dffe137                                                                                                           ;
; POWER_UP_LEVEL ; LOW   ; -    ; dffe138                                                                                                           ;
; POWER_UP_LEVEL ; LOW   ; -    ; dffe14                                                                                                            ;
; POWER_UP_LEVEL ; LOW   ; -    ; dffe15                                                                                                            ;
; POWER_UP_LEVEL ; LOW   ; -    ; dffe16                                                                                                            ;
; POWER_UP_LEVEL ; LOW   ; -    ; dffe17                                                                                                            ;
; POWER_UP_LEVEL ; LOW   ; -    ; dffe18                                                                                                            ;
; POWER_UP_LEVEL ; LOW   ; -    ; dffe19                                                                                                            ;
; POWER_UP_LEVEL ; LOW   ; -    ; dffe20                                                                                                            ;
; POWER_UP_LEVEL ; LOW   ; -    ; dffe21                                                                                                            ;
; POWER_UP_LEVEL ; LOW   ; -    ; dffe22                                                                                                            ;
; POWER_UP_LEVEL ; LOW   ; -    ; dffe23                                                                                                            ;
; POWER_UP_LEVEL ; LOW   ; -    ; dffe24                                                                                                            ;
; POWER_UP_LEVEL ; LOW   ; -    ; dffe25                                                                                                            ;
; POWER_UP_LEVEL ; LOW   ; -    ; dffe26                                                                                                            ;
; POWER_UP_LEVEL ; LOW   ; -    ; dffe27                                                                                                            ;
; POWER_UP_LEVEL ; LOW   ; -    ; dffe28                                                                                                            ;
; POWER_UP_LEVEL ; LOW   ; -    ; dffe29                                                                                                            ;
; POWER_UP_LEVEL ; LOW   ; -    ; dffe30                                                                                                            ;
; POWER_UP_LEVEL ; LOW   ; -    ; dffe31                                                                                                            ;
; POWER_UP_LEVEL ; LOW   ; -    ; dffe32                                                                                                            ;
; POWER_UP_LEVEL ; LOW   ; -    ; dffe33                                                                                                            ;
; POWER_UP_LEVEL ; LOW   ; -    ; dffe34                                                                                                            ;
; POWER_UP_LEVEL ; LOW   ; -    ; dffe35                                                                                                            ;
; POWER_UP_LEVEL ; LOW   ; -    ; dffe36                                                                                                            ;
; POWER_UP_LEVEL ; LOW   ; -    ; dffe37                                                                                                            ;
; POWER_UP_LEVEL ; LOW   ; -    ; dffe38                                                                                                            ;
; POWER_UP_LEVEL ; LOW   ; -    ; dffe39                                                                                                            ;
; POWER_UP_LEVEL ; LOW   ; -    ; dffe40                                                                                                            ;
; POWER_UP_LEVEL ; LOW   ; -    ; dffe41                                                                                                            ;
; POWER_UP_LEVEL ; LOW   ; -    ; dffe42                                                                                                            ;
; POWER_UP_LEVEL ; LOW   ; -    ; dffe43                                                                                                            ;
; POWER_UP_LEVEL ; LOW   ; -    ; dffe44                                                                                                            ;
; POWER_UP_LEVEL ; LOW   ; -    ; dffe45                                                                                                            ;
; POWER_UP_LEVEL ; LOW   ; -    ; dffe46                                                                                                            ;
; POWER_UP_LEVEL ; LOW   ; -    ; dffe47                                                                                                            ;
; POWER_UP_LEVEL ; LOW   ; -    ; dffe48                                                                                                            ;
; POWER_UP_LEVEL ; LOW   ; -    ; dffe49                                                                                                            ;
; POWER_UP_LEVEL ; LOW   ; -    ; dffe50                                                                                                            ;
; POWER_UP_LEVEL ; LOW   ; -    ; dffe51                                                                                                            ;
; POWER_UP_LEVEL ; LOW   ; -    ; dffe52                                                                                                            ;
; POWER_UP_LEVEL ; LOW   ; -    ; dffe53                                                                                                            ;
; POWER_UP_LEVEL ; LOW   ; -    ; dffe54                                                                                                            ;
; POWER_UP_LEVEL ; LOW   ; -    ; dffe55                                                                                                            ;
; POWER_UP_LEVEL ; LOW   ; -    ; dffe56                                                                                                            ;
; POWER_UP_LEVEL ; LOW   ; -    ; dffe57                                                                                                            ;
; POWER_UP_LEVEL ; LOW   ; -    ; dffe58                                                                                                            ;
; POWER_UP_LEVEL ; LOW   ; -    ; dffe59                                                                                                            ;
; POWER_UP_LEVEL ; LOW   ; -    ; dffe60                                                                                                            ;
; POWER_UP_LEVEL ; LOW   ; -    ; dffe61                                                                                                            ;
; POWER_UP_LEVEL ; LOW   ; -    ; dffe62                                                                                                            ;
; POWER_UP_LEVEL ; LOW   ; -    ; dffe63                                                                                                            ;
; POWER_UP_LEVEL ; LOW   ; -    ; dffe64                                                                                                            ;
; POWER_UP_LEVEL ; LOW   ; -    ; dffe65                                                                                                            ;
; POWER_UP_LEVEL ; LOW   ; -    ; dffe66                                                                                                            ;
; POWER_UP_LEVEL ; LOW   ; -    ; dffe67                                                                                                            ;
; POWER_UP_LEVEL ; LOW   ; -    ; dffe68                                                                                                            ;
; POWER_UP_LEVEL ; LOW   ; -    ; dffe69                                                                                                            ;
; POWER_UP_LEVEL ; LOW   ; -    ; dffe70                                                                                                            ;
; POWER_UP_LEVEL ; LOW   ; -    ; dffe71                                                                                                            ;
; POWER_UP_LEVEL ; LOW   ; -    ; dffe72                                                                                                            ;
; POWER_UP_LEVEL ; LOW   ; -    ; dffe73                                                                                                            ;
; POWER_UP_LEVEL ; LOW   ; -    ; dffe74                                                                                                            ;
; POWER_UP_LEVEL ; LOW   ; -    ; dffe75                                                                                                            ;
; POWER_UP_LEVEL ; LOW   ; -    ; dffe76                                                                                                            ;
; POWER_UP_LEVEL ; LOW   ; -    ; dffe77                                                                                                            ;
; POWER_UP_LEVEL ; LOW   ; -    ; dffe78                                                                                                            ;
; POWER_UP_LEVEL ; LOW   ; -    ; dffe79                                                                                                            ;
; POWER_UP_LEVEL ; LOW   ; -    ; dffe80                                                                                                            ;
; POWER_UP_LEVEL ; LOW   ; -    ; dffe81                                                                                                            ;
; POWER_UP_LEVEL ; LOW   ; -    ; dffe82                                                                                                            ;
; POWER_UP_LEVEL ; LOW   ; -    ; dffe83                                                                                                            ;
; POWER_UP_LEVEL ; LOW   ; -    ; dffe84                                                                                                            ;
; POWER_UP_LEVEL ; LOW   ; -    ; dffe85                                                                                                            ;
; POWER_UP_LEVEL ; LOW   ; -    ; dffe86                                                                                                            ;
; POWER_UP_LEVEL ; LOW   ; -    ; dffe87                                                                                                            ;
; POWER_UP_LEVEL ; LOW   ; -    ; dffe88                                                                                                            ;
; POWER_UP_LEVEL ; LOW   ; -    ; dffe89                                                                                                            ;
; POWER_UP_LEVEL ; LOW   ; -    ; dffe9                                                                                                             ;
; POWER_UP_LEVEL ; LOW   ; -    ; dffe90                                                                                                            ;
; POWER_UP_LEVEL ; LOW   ; -    ; dffe91                                                                                                            ;
; POWER_UP_LEVEL ; LOW   ; -    ; dffe92                                                                                                            ;
; POWER_UP_LEVEL ; LOW   ; -    ; dffe93                                                                                                            ;
; POWER_UP_LEVEL ; LOW   ; -    ; dffe94                                                                                                            ;
; POWER_UP_LEVEL ; LOW   ; -    ; dffe95                                                                                                            ;
; POWER_UP_LEVEL ; LOW   ; -    ; dffe96                                                                                                            ;
; POWER_UP_LEVEL ; LOW   ; -    ; dffe97                                                                                                            ;
; POWER_UP_LEVEL ; LOW   ; -    ; dffe98                                                                                                            ;
; POWER_UP_LEVEL ; LOW   ; -    ; dffe99                                                                                                            ;
+----------------+-------+------+-------------------------------------------------------------------------------------------------------------------+


+------------------------------------------------------------------------------------------------------------------------------------------+
; Source assignments for m08_cnn1d:cnn1d|nrn_layer:fc_2|sp_ram_clken:in_buf|altsyncram:altsyncram_component|altsyncram_i0g1:auto_generated ;
+---------------------------------+--------------+------+----------------------------------------------------------------------------------+
; Assignment                      ; Value        ; From ; To                                                                               ;
+---------------------------------+--------------+------+----------------------------------------------------------------------------------+
; OPTIMIZE_POWER_DURING_SYNTHESIS ; EXTRA_EFFORT ; -    ; -                                                                                ;
+---------------------------------+--------------+------+----------------------------------------------------------------------------------+


+-------------------------------------------------------------------------------------------------------------------------------------------+
; Source assignments for m08_cnn1d:cnn1d|nrn_layer:fc_2|sp_ram_clken:nrn_ram|altsyncram:altsyncram_component|altsyncram_p3l1:auto_generated ;
+---------------------------------+--------------+------+-----------------------------------------------------------------------------------+
; Assignment                      ; Value        ; From ; To                                                                                ;
+---------------------------------+--------------+------+-----------------------------------------------------------------------------------+
; OPTIMIZE_POWER_DURING_SYNTHESIS ; EXTRA_EFFORT ; -    ; -                                                                                 ;
+---------------------------------+--------------+------+-----------------------------------------------------------------------------------+


+---------------------------------------------------------------------------------------------------------------------------------------------------+
; Source assignments for m08_cnn1d:cnn1d|nrn_layer:fc_2|mult_reduce:mult_reduce|mult:multiplier|lpm_mult:lpm_mult_component|mult_4ms:auto_generated ;
+----------------+-------+------+-------------------------------------------------------------------------------------------------------------------+
; Assignment     ; Value ; From ; To                                                                                                                ;
+----------------+-------+------+-------------------------------------------------------------------------------------------------------------------+
; POWER_UP_LEVEL ; LOW   ; -    ; dffe10                                                                                                            ;
; POWER_UP_LEVEL ; LOW   ; -    ; dffe100                                                                                                           ;
; POWER_UP_LEVEL ; LOW   ; -    ; dffe101                                                                                                           ;
; POWER_UP_LEVEL ; LOW   ; -    ; dffe102                                                                                                           ;
; POWER_UP_LEVEL ; LOW   ; -    ; dffe103                                                                                                           ;
; POWER_UP_LEVEL ; LOW   ; -    ; dffe104                                                                                                           ;
; POWER_UP_LEVEL ; LOW   ; -    ; dffe105                                                                                                           ;
; POWER_UP_LEVEL ; LOW   ; -    ; dffe106                                                                                                           ;
; POWER_UP_LEVEL ; LOW   ; -    ; dffe107                                                                                                           ;
; POWER_UP_LEVEL ; LOW   ; -    ; dffe108                                                                                                           ;
; POWER_UP_LEVEL ; LOW   ; -    ; dffe109                                                                                                           ;
; POWER_UP_LEVEL ; LOW   ; -    ; dffe11                                                                                                            ;
; POWER_UP_LEVEL ; LOW   ; -    ; dffe110                                                                                                           ;
; POWER_UP_LEVEL ; LOW   ; -    ; dffe111                                                                                                           ;
; POWER_UP_LEVEL ; LOW   ; -    ; dffe112                                                                                                           ;
; POWER_UP_LEVEL ; LOW   ; -    ; dffe113                                                                                                           ;
; POWER_UP_LEVEL ; LOW   ; -    ; dffe114                                                                                                           ;
; POWER_UP_LEVEL ; LOW   ; -    ; dffe115                                                                                                           ;
; POWER_UP_LEVEL ; LOW   ; -    ; dffe116                                                                                                           ;
; POWER_UP_LEVEL ; LOW   ; -    ; dffe117                                                                                                           ;
; POWER_UP_LEVEL ; LOW   ; -    ; dffe118                                                                                                           ;
; POWER_UP_LEVEL ; LOW   ; -    ; dffe119                                                                                                           ;
; POWER_UP_LEVEL ; LOW   ; -    ; dffe12                                                                                                            ;
; POWER_UP_LEVEL ; LOW   ; -    ; dffe120                                                                                                           ;
; POWER_UP_LEVEL ; LOW   ; -    ; dffe121                                                                                                           ;
; POWER_UP_LEVEL ; LOW   ; -    ; dffe122                                                                                                           ;
; POWER_UP_LEVEL ; LOW   ; -    ; dffe123                                                                                                           ;
; POWER_UP_LEVEL ; LOW   ; -    ; dffe124                                                                                                           ;
; POWER_UP_LEVEL ; LOW   ; -    ; dffe125                                                                                                           ;
; POWER_UP_LEVEL ; LOW   ; -    ; dffe126                                                                                                           ;
; POWER_UP_LEVEL ; LOW   ; -    ; dffe127                                                                                                           ;
; POWER_UP_LEVEL ; LOW   ; -    ; dffe128                                                                                                           ;
; POWER_UP_LEVEL ; LOW   ; -    ; dffe129                                                                                                           ;
; POWER_UP_LEVEL ; LOW   ; -    ; dffe13                                                                                                            ;
; POWER_UP_LEVEL ; LOW   ; -    ; dffe130                                                                                                           ;
; POWER_UP_LEVEL ; LOW   ; -    ; dffe131                                                                                                           ;
; POWER_UP_LEVEL ; LOW   ; -    ; dffe132                                                                                                           ;
; POWER_UP_LEVEL ; LOW   ; -    ; dffe133                                                                                                           ;
; POWER_UP_LEVEL ; LOW   ; -    ; dffe134                                                                                                           ;
; POWER_UP_LEVEL ; LOW   ; -    ; dffe135                                                                                                           ;
; POWER_UP_LEVEL ; LOW   ; -    ; dffe136                                                                                                           ;
; POWER_UP_LEVEL ; LOW   ; -    ; dffe137                                                                                                           ;
; POWER_UP_LEVEL ; LOW   ; -    ; dffe138                                                                                                           ;
; POWER_UP_LEVEL ; LOW   ; -    ; dffe14                                                                                                            ;
; POWER_UP_LEVEL ; LOW   ; -    ; dffe15                                                                                                            ;
; POWER_UP_LEVEL ; LOW   ; -    ; dffe16                                                                                                            ;
; POWER_UP_LEVEL ; LOW   ; -    ; dffe17                                                                                                            ;
; POWER_UP_LEVEL ; LOW   ; -    ; dffe18                                                                                                            ;
; POWER_UP_LEVEL ; LOW   ; -    ; dffe19                                                                                                            ;
; POWER_UP_LEVEL ; LOW   ; -    ; dffe20                                                                                                            ;
; POWER_UP_LEVEL ; LOW   ; -    ; dffe21                                                                                                            ;
; POWER_UP_LEVEL ; LOW   ; -    ; dffe22                                                                                                            ;
; POWER_UP_LEVEL ; LOW   ; -    ; dffe23                                                                                                            ;
; POWER_UP_LEVEL ; LOW   ; -    ; dffe24                                                                                                            ;
; POWER_UP_LEVEL ; LOW   ; -    ; dffe25                                                                                                            ;
; POWER_UP_LEVEL ; LOW   ; -    ; dffe26                                                                                                            ;
; POWER_UP_LEVEL ; LOW   ; -    ; dffe27                                                                                                            ;
; POWER_UP_LEVEL ; LOW   ; -    ; dffe28                                                                                                            ;
; POWER_UP_LEVEL ; LOW   ; -    ; dffe29                                                                                                            ;
; POWER_UP_LEVEL ; LOW   ; -    ; dffe30                                                                                                            ;
; POWER_UP_LEVEL ; LOW   ; -    ; dffe31                                                                                                            ;
; POWER_UP_LEVEL ; LOW   ; -    ; dffe32                                                                                                            ;
; POWER_UP_LEVEL ; LOW   ; -    ; dffe33                                                                                                            ;
; POWER_UP_LEVEL ; LOW   ; -    ; dffe34                                                                                                            ;
; POWER_UP_LEVEL ; LOW   ; -    ; dffe35                                                                                                            ;
; POWER_UP_LEVEL ; LOW   ; -    ; dffe36                                                                                                            ;
; POWER_UP_LEVEL ; LOW   ; -    ; dffe37                                                                                                            ;
; POWER_UP_LEVEL ; LOW   ; -    ; dffe38                                                                                                            ;
; POWER_UP_LEVEL ; LOW   ; -    ; dffe39                                                                                                            ;
; POWER_UP_LEVEL ; LOW   ; -    ; dffe40                                                                                                            ;
; POWER_UP_LEVEL ; LOW   ; -    ; dffe41                                                                                                            ;
; POWER_UP_LEVEL ; LOW   ; -    ; dffe42                                                                                                            ;
; POWER_UP_LEVEL ; LOW   ; -    ; dffe43                                                                                                            ;
; POWER_UP_LEVEL ; LOW   ; -    ; dffe44                                                                                                            ;
; POWER_UP_LEVEL ; LOW   ; -    ; dffe45                                                                                                            ;
; POWER_UP_LEVEL ; LOW   ; -    ; dffe46                                                                                                            ;
; POWER_UP_LEVEL ; LOW   ; -    ; dffe47                                                                                                            ;
; POWER_UP_LEVEL ; LOW   ; -    ; dffe48                                                                                                            ;
; POWER_UP_LEVEL ; LOW   ; -    ; dffe49                                                                                                            ;
; POWER_UP_LEVEL ; LOW   ; -    ; dffe50                                                                                                            ;
; POWER_UP_LEVEL ; LOW   ; -    ; dffe51                                                                                                            ;
; POWER_UP_LEVEL ; LOW   ; -    ; dffe52                                                                                                            ;
; POWER_UP_LEVEL ; LOW   ; -    ; dffe53                                                                                                            ;
; POWER_UP_LEVEL ; LOW   ; -    ; dffe54                                                                                                            ;
; POWER_UP_LEVEL ; LOW   ; -    ; dffe55                                                                                                            ;
; POWER_UP_LEVEL ; LOW   ; -    ; dffe56                                                                                                            ;
; POWER_UP_LEVEL ; LOW   ; -    ; dffe57                                                                                                            ;
; POWER_UP_LEVEL ; LOW   ; -    ; dffe58                                                                                                            ;
; POWER_UP_LEVEL ; LOW   ; -    ; dffe59                                                                                                            ;
; POWER_UP_LEVEL ; LOW   ; -    ; dffe60                                                                                                            ;
; POWER_UP_LEVEL ; LOW   ; -    ; dffe61                                                                                                            ;
; POWER_UP_LEVEL ; LOW   ; -    ; dffe62                                                                                                            ;
; POWER_UP_LEVEL ; LOW   ; -    ; dffe63                                                                                                            ;
; POWER_UP_LEVEL ; LOW   ; -    ; dffe64                                                                                                            ;
; POWER_UP_LEVEL ; LOW   ; -    ; dffe65                                                                                                            ;
; POWER_UP_LEVEL ; LOW   ; -    ; dffe66                                                                                                            ;
; POWER_UP_LEVEL ; LOW   ; -    ; dffe67                                                                                                            ;
; POWER_UP_LEVEL ; LOW   ; -    ; dffe68                                                                                                            ;
; POWER_UP_LEVEL ; LOW   ; -    ; dffe69                                                                                                            ;
; POWER_UP_LEVEL ; LOW   ; -    ; dffe70                                                                                                            ;
; POWER_UP_LEVEL ; LOW   ; -    ; dffe71                                                                                                            ;
; POWER_UP_LEVEL ; LOW   ; -    ; dffe72                                                                                                            ;
; POWER_UP_LEVEL ; LOW   ; -    ; dffe73                                                                                                            ;
; POWER_UP_LEVEL ; LOW   ; -    ; dffe74                                                                                                            ;
; POWER_UP_LEVEL ; LOW   ; -    ; dffe75                                                                                                            ;
; POWER_UP_LEVEL ; LOW   ; -    ; dffe76                                                                                                            ;
; POWER_UP_LEVEL ; LOW   ; -    ; dffe77                                                                                                            ;
; POWER_UP_LEVEL ; LOW   ; -    ; dffe78                                                                                                            ;
; POWER_UP_LEVEL ; LOW   ; -    ; dffe79                                                                                                            ;
; POWER_UP_LEVEL ; LOW   ; -    ; dffe80                                                                                                            ;
; POWER_UP_LEVEL ; LOW   ; -    ; dffe81                                                                                                            ;
; POWER_UP_LEVEL ; LOW   ; -    ; dffe82                                                                                                            ;
; POWER_UP_LEVEL ; LOW   ; -    ; dffe83                                                                                                            ;
; POWER_UP_LEVEL ; LOW   ; -    ; dffe84                                                                                                            ;
; POWER_UP_LEVEL ; LOW   ; -    ; dffe85                                                                                                            ;
; POWER_UP_LEVEL ; LOW   ; -    ; dffe86                                                                                                            ;
; POWER_UP_LEVEL ; LOW   ; -    ; dffe87                                                                                                            ;
; POWER_UP_LEVEL ; LOW   ; -    ; dffe88                                                                                                            ;
; POWER_UP_LEVEL ; LOW   ; -    ; dffe89                                                                                                            ;
; POWER_UP_LEVEL ; LOW   ; -    ; dffe9                                                                                                             ;
; POWER_UP_LEVEL ; LOW   ; -    ; dffe90                                                                                                            ;
; POWER_UP_LEVEL ; LOW   ; -    ; dffe91                                                                                                            ;
; POWER_UP_LEVEL ; LOW   ; -    ; dffe92                                                                                                            ;
; POWER_UP_LEVEL ; LOW   ; -    ; dffe93                                                                                                            ;
; POWER_UP_LEVEL ; LOW   ; -    ; dffe94                                                                                                            ;
; POWER_UP_LEVEL ; LOW   ; -    ; dffe95                                                                                                            ;
; POWER_UP_LEVEL ; LOW   ; -    ; dffe96                                                                                                            ;
; POWER_UP_LEVEL ; LOW   ; -    ; dffe97                                                                                                            ;
; POWER_UP_LEVEL ; LOW   ; -    ; dffe98                                                                                                            ;
; POWER_UP_LEVEL ; LOW   ; -    ; dffe99                                                                                                            ;
+----------------+-------+------+-------------------------------------------------------------------------------------------------------------------+


+-----------------------------------------------------+
; Source assignments for adc:u0|adc_altpll_0:altpll_0 ;
+----------------+-------+------+---------------------+
; Assignment     ; Value ; From ; To                  ;
+----------------+-------+------+---------------------+
; POWER_UP_LEVEL ; HIGH  ; -    ; pfdena_reg          ;
+----------------+-------+------+---------------------+


+-------------------------------------------------------------------------------------------------------------------------+
; Source assignments for adc:u0|adc_altpll_0:altpll_0|adc_altpll_0_stdsync_sv6:stdsync2|adc_altpll_0_dffpipe_l2c:dffpipe3 ;
+---------------------------------+-------+------+------------------------------------------------------------------------+
; Assignment                      ; Value ; From ; To                                                                     ;
+---------------------------------+-------+------+------------------------------------------------------------------------+
; AUTO_SHIFT_REGISTER_RECOGNITION ; OFF   ; -    ; -                                                                      ;
+---------------------------------+-------+------+------------------------------------------------------------------------+


+-------------------------------------------------------------------------------------------------------------------------------------------------------------------------------------------------------+
; Source assignments for adc:u0|adc_modular_adc_0:modular_adc_0|altera_modular_adc_control:control_internal|altera_modular_adc_control_fsm:u_control_fsm|altera_std_synchronizer:u_clk_dft_synchronizer ;
+-----------------------------+------------------------+------+-----------------------------------------------------------------------------------------------------------------------------------------+
; Assignment                  ; Value                  ; From ; To                                                                                                                                      ;
+-----------------------------+------------------------+------+-----------------------------------------------------------------------------------------------------------------------------------------+
; ADV_NETLIST_OPT_ALLOWED     ; NEVER_ALLOW            ; -    ; dreg[0]                                                                                                                                 ;
; SYNCHRONIZER_IDENTIFICATION ; FORCED_IF_ASYNCHRONOUS ; -    ; dreg[0]                                                                                                                                 ;
; DONT_MERGE_REGISTER         ; ON                     ; -    ; dreg[0]                                                                                                                                 ;
; PRESERVE_REGISTER           ; ON                     ; -    ; dreg[0]                                                                                                                                 ;
; ADV_NETLIST_OPT_ALLOWED     ; NEVER_ALLOW            ; -    ; din_s1                                                                                                                                  ;
; SYNCHRONIZER_IDENTIFICATION ; FORCED_IF_ASYNCHRONOUS ; -    ; din_s1                                                                                                                                  ;
; DONT_MERGE_REGISTER         ; ON                     ; -    ; din_s1                                                                                                                                  ;
; PRESERVE_REGISTER           ; ON                     ; -    ; din_s1                                                                                                                                  ;
+-----------------------------+------------------------+------+-----------------------------------------------------------------------------------------------------------------------------------------+


+---------------------------------------------------------------------------------------------------------------------------------------------------------------------------------------------------+
; Source assignments for adc:u0|adc_modular_adc_0:modular_adc_0|altera_modular_adc_control:control_internal|altera_modular_adc_control_fsm:u_control_fsm|altera_std_synchronizer:u_eoc_synchronizer ;
+-----------------------------+------------------------+------+-------------------------------------------------------------------------------------------------------------------------------------+
; Assignment                  ; Value                  ; From ; To                                                                                                                                  ;
+-----------------------------+------------------------+------+-------------------------------------------------------------------------------------------------------------------------------------+
; ADV_NETLIST_OPT_ALLOWED     ; NEVER_ALLOW            ; -    ; dreg[0]                                                                                                                             ;
; SYNCHRONIZER_IDENTIFICATION ; FORCED_IF_ASYNCHRONOUS ; -    ; dreg[0]                                                                                                                             ;
; DONT_MERGE_REGISTER         ; ON                     ; -    ; dreg[0]                                                                                                                             ;
; PRESERVE_REGISTER           ; ON                     ; -    ; dreg[0]                                                                                                                             ;
; ADV_NETLIST_OPT_ALLOWED     ; NEVER_ALLOW            ; -    ; din_s1                                                                                                                              ;
; SYNCHRONIZER_IDENTIFICATION ; FORCED_IF_ASYNCHRONOUS ; -    ; din_s1                                                                                                                              ;
; DONT_MERGE_REGISTER         ; ON                     ; -    ; din_s1                                                                                                                              ;
; PRESERVE_REGISTER           ; ON                     ; -    ; din_s1                                                                                                                              ;
+-----------------------------+------------------------+------+-------------------------------------------------------------------------------------------------------------------------------------+


+----------------------------------------------------------------------------------------------------------------------------------------------------------------------------------------------------------------------------------------------------------------------------------------------------------+
; Source assignments for adc:u0|adc_modular_adc_0:modular_adc_0|altera_modular_adc_control:control_internal|altera_modular_adc_control_fsm:u_control_fsm|altera_modular_adc_control_avrg_fifo:ts_avrg_fifo|scfifo:scfifo_component|scfifo_do61:auto_generated|a_dpfifo_3k41:dpfifo|altsyncram_rmn1:FIFOram ;
+---------------------------------+--------------+------+--------------------------------------------------------------------------------------------------------------------------------------------------------------------------------------------------------------------------------------------------+
; Assignment                      ; Value        ; From ; To                                                                                                                                                                                                                                               ;
+---------------------------------+--------------+------+--------------------------------------------------------------------------------------------------------------------------------------------------------------------------------------------------------------------------------------------------+
; OPTIMIZE_POWER_DURING_SYNTHESIS ; EXTRA_EFFORT ; -    ; -                                                                                                                                                                                                                                                ;
+---------------------------------+--------------+------+--------------------------------------------------------------------------------------------------------------------------------------------------------------------------------------------------------------------------------------------------+


+-----------------------------------------------------------------------------------------------------------------+
; Source assignments for adc:u0|altera_reset_controller:rst_controller|altera_reset_synchronizer:alt_rst_sync_uq1 ;
+-------------------+-------+------+------------------------------------------------------------------------------+
; Assignment        ; Value ; From ; To                                                                           ;
+-------------------+-------+------+------------------------------------------------------------------------------+
; PRESERVE_REGISTER ; on    ; -    ; altera_reset_synchronizer_int_chain[1]                                       ;
; PRESERVE_REGISTER ; on    ; -    ; altera_reset_synchronizer_int_chain[0]                                       ;
+-------------------+-------+------+------------------------------------------------------------------------------+


+---------------------------------------------------------------------------------------------------------------------+
; Source assignments for adc:u0|altera_reset_controller:rst_controller|altera_reset_synchronizer:alt_rst_req_sync_uq1 ;
+-------------------+-------+------+----------------------------------------------------------------------------------+
; Assignment        ; Value ; From ; To                                                                               ;
+-------------------+-------+------+----------------------------------------------------------------------------------+
; PRESERVE_REGISTER ; on    ; -    ; altera_reset_synchronizer_int_chain[0]                                           ;
; PRESERVE_REGISTER ; on    ; -    ; altera_reset_synchronizer_int_chain[1]                                           ;
+-------------------+-------+------+----------------------------------------------------------------------------------+


+------------------------------------------------------------------+
; Parameter Settings for User Entity Instance: m10_adc2axi:adc2axi ;
+----------------+-------+-----------------------------------------+
; Parameter Name ; Value ; Type                                    ;
+----------------+-------+-----------------------------------------+
; CHANNELS       ; 2     ; Signed Integer                          ;
+----------------+-------+-----------------------------------------+
Note: In order to hide this table in the UI and the text report file, please set the "Show Parameter Settings in Synthesis Report" option in "Analysis and Synthesis Settings -> More Settings" to "Off".


+--------------------------------------------------------------------------+
; Parameter Settings for User Entity Instance: m10_adc2axi:adc2axi|s2p:s2p ;
+----------------+-------+-------------------------------------------------+
; Parameter Name ; Value ; Type                                            ;
+----------------+-------+-------------------------------------------------+
; DATA_WIDTH     ; 12    ; Signed Integer                                  ;
; NUM_ELEMENTS   ; 2     ; Signed Integer                                  ;
+----------------+-------+-------------------------------------------------+
Note: In order to hide this table in the UI and the text report file, please set the "Show Parameter Settings in Synthesis Report" option in "Analysis and Synthesis Settings -> More Settings" to "Off".


+--------------------------------------------------------------------------------------------+
; Parameter Settings for User Entity Instance: m08_cnn1d:cnn1d                               ;
+------------------------+--------------------------------------------------+----------------+
; Parameter Name         ; Value                                            ; Type           ;
+------------------------+--------------------------------------------------+----------------+
; DATA_WIDTH             ; 24                                               ; Signed Integer ;
; CONV_WEIGHTS_INIT_FILE ; ./../../test/weights/conv1d_1_weights_12I12F.hex ; String         ;
; CONV_BIASES_INIT_FILE  ; ./../../test/weights/conv1d_1_biases_12I12F.hex  ; String         ;
; NUM_FILTERS            ; 2                                                ; Signed Integer ;
; FILTER_SIZE            ; 5                                                ; Signed Integer ;
; PIPE_WIDTH             ; 4                                                ; Signed Integer ;
; FRACTION               ; 12                                               ; Signed Integer ;
; POOL_SIZE              ; 512                                              ; Signed Integer ;
; SUBSAMPLE_FACTOR       ; 400                                              ; Signed Integer ;
; FC_1_INPUTS            ; 8                                                ; Signed Integer ;
; FC_1_NEURONS           ; 8                                                ; Signed Integer ;
; FC_1_PARAMS            ; ./../../test/weights/fc_parameters_1_12I12F.hex  ; String         ;
; FC_2_INPUTS            ; 8                                                ; Signed Integer ;
; FC_2_NEURONS           ; 2                                                ; Signed Integer ;
; FC_2_PARAMS            ; ./../../test/weights/fc_parameters_2_12I12F.hex  ; String         ;
+------------------------+--------------------------------------------------+----------------+
Note: In order to hide this table in the UI and the text report file, please set the "Show Parameter Settings in Synthesis Report" option in "Analysis and Synthesis Settings -> More Settings" to "Off".


+--------------------------------------------------------------------------------------+
; Parameter Settings for User Entity Instance: m08_cnn1d:cnn1d|subsample:subsample_ch1 ;
+------------------+-------+-----------------------------------------------------------+
; Parameter Name   ; Value ; Type                                                      ;
+------------------+-------+-----------------------------------------------------------+
; DATA_WIDTH       ; 12    ; Signed Integer                                            ;
; SUBSAMPLE_FACTOR ; 400   ; Signed Integer                                            ;
+------------------+-------+-----------------------------------------------------------+
Note: In order to hide this table in the UI and the text report file, please set the "Show Parameter Settings in Synthesis Report" option in "Analysis and Synthesis Settings -> More Settings" to "Off".


+--------------------------------------------------------------------------------------+
; Parameter Settings for User Entity Instance: m08_cnn1d:cnn1d|subsample:subsample_ch3 ;
+------------------+-------+-----------------------------------------------------------+
; Parameter Name   ; Value ; Type                                                      ;
+------------------+-------+-----------------------------------------------------------+
; DATA_WIDTH       ; 12    ; Signed Integer                                            ;
; SUBSAMPLE_FACTOR ; 400   ; Signed Integer                                            ;
+------------------+-------+-----------------------------------------------------------+
Note: In order to hide this table in the UI and the text report file, please set the "Show Parameter Settings in Synthesis Report" option in "Analysis and Synthesis Settings -> More Settings" to "Off".


+----------------------------------------------------------------------------------------+
; Parameter Settings for User Entity Instance: m08_cnn1d:cnn1d|conv1d_layer:conv1d_layer ;
+-------------------+--------------------------------------------------+-----------------+
; Parameter Name    ; Value                                            ; Type            ;
+-------------------+--------------------------------------------------+-----------------+
; DATA_WIDTH        ; 24                                               ; Signed Integer  ;
; WEIGHTS_INIT_FILE ; ./../../test/weights/conv1d_1_weights_12I12F.hex ; String          ;
; BIASES_INIT_FILE  ; ./../../test/weights/conv1d_1_biases_12I12F.hex  ; String          ;
; NUM_FILTERS       ; 2                                                ; Signed Integer  ;
; FILTER_SIZE       ; 5                                                ; Signed Integer  ;
; PIPE_WIDTH        ; 4                                                ; Signed Integer  ;
; FRACTION          ; 12                                               ; Signed Integer  ;
+-------------------+--------------------------------------------------+-----------------+
Note: In order to hide this table in the UI and the text report file, please set the "Show Parameter Settings in Synthesis Report" option in "Analysis and Synthesis Settings -> More Settings" to "Off".


+--------------------------------------------------------------------------------------------------------------+
; Parameter Settings for User Entity Instance: m08_cnn1d:cnn1d|conv1d_layer:conv1d_layer|sp_ram:conv1d_weights ;
+----------------+--------------------------------------------------+------------------------------------------+
; Parameter Name ; Value                                            ; Type                                     ;
+----------------+--------------------------------------------------+------------------------------------------+
; WIDTH          ; 120                                              ; Signed Integer                           ;
; DEPTH          ; 2                                                ; Signed Integer                           ;
; INIT_FILE      ; ./../../test/weights/conv1d_1_weights_12I12F.hex ; String                                   ;
; ADDRESS_WIDTH  ; 1                                                ; Signed Integer                           ;
+----------------+--------------------------------------------------+------------------------------------------+
Note: In order to hide this table in the UI and the text report file, please set the "Show Parameter Settings in Synthesis Report" option in "Analysis and Synthesis Settings -> More Settings" to "Off".


+----------------------------------------------------------------------------------------------------------------------------------------------+
; Parameter Settings for User Entity Instance: m08_cnn1d:cnn1d|conv1d_layer:conv1d_layer|sp_ram:conv1d_weights|altsyncram:altsyncram_component ;
+------------------------------------+--------------------------------------------------+------------------------------------------------------+
; Parameter Name                     ; Value                                            ; Type                                                 ;
+------------------------------------+--------------------------------------------------+------------------------------------------------------+
; BYTE_SIZE_BLOCK                    ; 8                                                ; Untyped                                              ;
; AUTO_CARRY_CHAINS                  ; ON                                               ; AUTO_CARRY                                           ;
; IGNORE_CARRY_BUFFERS               ; OFF                                              ; IGNORE_CARRY                                         ;
; AUTO_CASCADE_CHAINS                ; ON                                               ; AUTO_CASCADE                                         ;
; IGNORE_CASCADE_BUFFERS             ; OFF                                              ; IGNORE_CASCADE                                       ;
; WIDTH_BYTEENA                      ; 1                                                ; Untyped                                              ;
; OPERATION_MODE                     ; SINGLE_PORT                                      ; Untyped                                              ;
; WIDTH_A                            ; 120                                              ; Signed Integer                                       ;
; WIDTHAD_A                          ; 1                                                ; Signed Integer                                       ;
; NUMWORDS_A                         ; 2                                                ; Signed Integer                                       ;
; OUTDATA_REG_A                      ; CLOCK0                                           ; Untyped                                              ;
; ADDRESS_ACLR_A                     ; NONE                                             ; Untyped                                              ;
; OUTDATA_ACLR_A                     ; NONE                                             ; Untyped                                              ;
; WRCONTROL_ACLR_A                   ; NONE                                             ; Untyped                                              ;
; INDATA_ACLR_A                      ; NONE                                             ; Untyped                                              ;
; BYTEENA_ACLR_A                     ; NONE                                             ; Untyped                                              ;
; WIDTH_B                            ; 1                                                ; Untyped                                              ;
; WIDTHAD_B                          ; 1                                                ; Untyped                                              ;
; NUMWORDS_B                         ; 1                                                ; Untyped                                              ;
; INDATA_REG_B                       ; CLOCK1                                           ; Untyped                                              ;
; WRCONTROL_WRADDRESS_REG_B          ; CLOCK1                                           ; Untyped                                              ;
; RDCONTROL_REG_B                    ; CLOCK1                                           ; Untyped                                              ;
; ADDRESS_REG_B                      ; CLOCK1                                           ; Untyped                                              ;
; OUTDATA_REG_B                      ; UNREGISTERED                                     ; Untyped                                              ;
; BYTEENA_REG_B                      ; CLOCK1                                           ; Untyped                                              ;
; INDATA_ACLR_B                      ; NONE                                             ; Untyped                                              ;
; WRCONTROL_ACLR_B                   ; NONE                                             ; Untyped                                              ;
; ADDRESS_ACLR_B                     ; NONE                                             ; Untyped                                              ;
; OUTDATA_ACLR_B                     ; NONE                                             ; Untyped                                              ;
; RDCONTROL_ACLR_B                   ; NONE                                             ; Untyped                                              ;
; BYTEENA_ACLR_B                     ; NONE                                             ; Untyped                                              ;
; WIDTH_BYTEENA_A                    ; 1                                                ; Signed Integer                                       ;
; WIDTH_BYTEENA_B                    ; 1                                                ; Untyped                                              ;
; RAM_BLOCK_TYPE                     ; AUTO                                             ; Untyped                                              ;
; BYTE_SIZE                          ; 8                                                ; Untyped                                              ;
; READ_DURING_WRITE_MODE_MIXED_PORTS ; DONT_CARE                                        ; Untyped                                              ;
; READ_DURING_WRITE_MODE_PORT_A      ; NEW_DATA_NO_NBE_READ                             ; Untyped                                              ;
; READ_DURING_WRITE_MODE_PORT_B      ; NEW_DATA_NO_NBE_READ                             ; Untyped                                              ;
; INIT_FILE                          ; ./../../test/weights/conv1d_1_weights_12I12F.hex ; Untyped                                              ;
; INIT_FILE_LAYOUT                   ; PORT_A                                           ; Untyped                                              ;
; MAXIMUM_DEPTH                      ; 0                                                ; Untyped                                              ;
; CLOCK_ENABLE_INPUT_A               ; BYPASS                                           ; Untyped                                              ;
; CLOCK_ENABLE_INPUT_B               ; NORMAL                                           ; Untyped                                              ;
; CLOCK_ENABLE_OUTPUT_A              ; BYPASS                                           ; Untyped                                              ;
; CLOCK_ENABLE_OUTPUT_B              ; NORMAL                                           ; Untyped                                              ;
; CLOCK_ENABLE_CORE_A                ; USE_INPUT_CLKEN                                  ; Untyped                                              ;
; CLOCK_ENABLE_CORE_B                ; USE_INPUT_CLKEN                                  ; Untyped                                              ;
; ENABLE_ECC                         ; FALSE                                            ; Untyped                                              ;
; ECC_PIPELINE_STAGE_ENABLED         ; FALSE                                            ; Untyped                                              ;
; WIDTH_ECCSTATUS                    ; 3                                                ; Untyped                                              ;
; DEVICE_FAMILY                      ; MAX 10                                           ; Untyped                                              ;
; CBXI_PARAMETER                     ; altsyncram_mck1                                  ; Untyped                                              ;
+------------------------------------+--------------------------------------------------+------------------------------------------------------+
Note: In order to hide this table in the UI and the text report file, please set the "Show Parameter Settings in Synthesis Report" option in "Analysis and Synthesis Settings -> More Settings" to "Off".


+-------------------------------------------------------------------------------------------------------------+
; Parameter Settings for User Entity Instance: m08_cnn1d:cnn1d|conv1d_layer:conv1d_layer|sp_ram:conv1d_biases ;
+----------------+-------------------------------------------------+------------------------------------------+
; Parameter Name ; Value                                           ; Type                                     ;
+----------------+-------------------------------------------------+------------------------------------------+
; WIDTH          ; 24                                              ; Signed Integer                           ;
; DEPTH          ; 2                                               ; Signed Integer                           ;
; INIT_FILE      ; ./../../test/weights/conv1d_1_biases_12I12F.hex ; String                                   ;
; ADDRESS_WIDTH  ; 1                                               ; Signed Integer                           ;
+----------------+-------------------------------------------------+------------------------------------------+
Note: In order to hide this table in the UI and the text report file, please set the "Show Parameter Settings in Synthesis Report" option in "Analysis and Synthesis Settings -> More Settings" to "Off".


+---------------------------------------------------------------------------------------------------------------------------------------------+
; Parameter Settings for User Entity Instance: m08_cnn1d:cnn1d|conv1d_layer:conv1d_layer|sp_ram:conv1d_biases|altsyncram:altsyncram_component ;
+------------------------------------+-------------------------------------------------+------------------------------------------------------+
; Parameter Name                     ; Value                                           ; Type                                                 ;
+------------------------------------+-------------------------------------------------+------------------------------------------------------+
; BYTE_SIZE_BLOCK                    ; 8                                               ; Untyped                                              ;
; AUTO_CARRY_CHAINS                  ; ON                                              ; AUTO_CARRY                                           ;
; IGNORE_CARRY_BUFFERS               ; OFF                                             ; IGNORE_CARRY                                         ;
; AUTO_CASCADE_CHAINS                ; ON                                              ; AUTO_CASCADE                                         ;
; IGNORE_CASCADE_BUFFERS             ; OFF                                             ; IGNORE_CASCADE                                       ;
; WIDTH_BYTEENA                      ; 1                                               ; Untyped                                              ;
; OPERATION_MODE                     ; SINGLE_PORT                                     ; Untyped                                              ;
; WIDTH_A                            ; 24                                              ; Signed Integer                                       ;
; WIDTHAD_A                          ; 1                                               ; Signed Integer                                       ;
; NUMWORDS_A                         ; 2                                               ; Signed Integer                                       ;
; OUTDATA_REG_A                      ; CLOCK0                                          ; Untyped                                              ;
; ADDRESS_ACLR_A                     ; NONE                                            ; Untyped                                              ;
; OUTDATA_ACLR_A                     ; NONE                                            ; Untyped                                              ;
; WRCONTROL_ACLR_A                   ; NONE                                            ; Untyped                                              ;
; INDATA_ACLR_A                      ; NONE                                            ; Untyped                                              ;
; BYTEENA_ACLR_A                     ; NONE                                            ; Untyped                                              ;
; WIDTH_B                            ; 1                                               ; Untyped                                              ;
; WIDTHAD_B                          ; 1                                               ; Untyped                                              ;
; NUMWORDS_B                         ; 1                                               ; Untyped                                              ;
; INDATA_REG_B                       ; CLOCK1                                          ; Untyped                                              ;
; WRCONTROL_WRADDRESS_REG_B          ; CLOCK1                                          ; Untyped                                              ;
; RDCONTROL_REG_B                    ; CLOCK1                                          ; Untyped                                              ;
; ADDRESS_REG_B                      ; CLOCK1                                          ; Untyped                                              ;
; OUTDATA_REG_B                      ; UNREGISTERED                                    ; Untyped                                              ;
; BYTEENA_REG_B                      ; CLOCK1                                          ; Untyped                                              ;
; INDATA_ACLR_B                      ; NONE                                            ; Untyped                                              ;
; WRCONTROL_ACLR_B                   ; NONE                                            ; Untyped                                              ;
; ADDRESS_ACLR_B                     ; NONE                                            ; Untyped                                              ;
; OUTDATA_ACLR_B                     ; NONE                                            ; Untyped                                              ;
; RDCONTROL_ACLR_B                   ; NONE                                            ; Untyped                                              ;
; BYTEENA_ACLR_B                     ; NONE                                            ; Untyped                                              ;
; WIDTH_BYTEENA_A                    ; 1                                               ; Signed Integer                                       ;
; WIDTH_BYTEENA_B                    ; 1                                               ; Untyped                                              ;
; RAM_BLOCK_TYPE                     ; AUTO                                            ; Untyped                                              ;
; BYTE_SIZE                          ; 8                                               ; Untyped                                              ;
; READ_DURING_WRITE_MODE_MIXED_PORTS ; DONT_CARE                                       ; Untyped                                              ;
; READ_DURING_WRITE_MODE_PORT_A      ; NEW_DATA_NO_NBE_READ                            ; Untyped                                              ;
; READ_DURING_WRITE_MODE_PORT_B      ; NEW_DATA_NO_NBE_READ                            ; Untyped                                              ;
; INIT_FILE                          ; ./../../test/weights/conv1d_1_biases_12I12F.hex ; Untyped                                              ;
; INIT_FILE_LAYOUT                   ; PORT_A                                          ; Untyped                                              ;
; MAXIMUM_DEPTH                      ; 0                                               ; Untyped                                              ;
; CLOCK_ENABLE_INPUT_A               ; BYPASS                                          ; Untyped                                              ;
; CLOCK_ENABLE_INPUT_B               ; NORMAL                                          ; Untyped                                              ;
; CLOCK_ENABLE_OUTPUT_A              ; BYPASS                                          ; Untyped                                              ;
; CLOCK_ENABLE_OUTPUT_B              ; NORMAL                                          ; Untyped                                              ;
; CLOCK_ENABLE_CORE_A                ; USE_INPUT_CLKEN                                 ; Untyped                                              ;
; CLOCK_ENABLE_CORE_B                ; USE_INPUT_CLKEN                                 ; Untyped                                              ;
; ENABLE_ECC                         ; FALSE                                           ; Untyped                                              ;
; ECC_PIPELINE_STAGE_ENABLED         ; FALSE                                           ; Untyped                                              ;
; WIDTH_ECCSTATUS                    ; 3                                               ; Untyped                                              ;
; DEVICE_FAMILY                      ; MAX 10                                          ; Untyped                                              ;
; CBXI_PARAMETER                     ; altsyncram_57k1                                 ; Untyped                                              ;
+------------------------------------+-------------------------------------------------+------------------------------------------------------+
Note: In order to hide this table in the UI and the text report file, please set the "Show Parameter Settings in Synthesis Report" option in "Analysis and Synthesis Settings -> More Settings" to "Off".


+------------------------------------------------------------------------------------------------------------------------+
; Parameter Settings for User Entity Instance: m08_cnn1d:cnn1d|conv1d_layer:conv1d_layer|conv1d:CONVOLUTION_1D[0].conv1d ;
+----------------+-------+-----------------------------------------------------------------------------------------------+
; Parameter Name ; Value ; Type                                                                                          ;
+----------------+-------+-----------------------------------------------------------------------------------------------+
; DATA_WIDTH     ; 24    ; Signed Integer                                                                                ;
; FILTER_SIZE    ; 5     ; Signed Integer                                                                                ;
; PIPE_WIDTH     ; 4     ; Signed Integer                                                                                ;
; FRACTION       ; 12    ; Signed Integer                                                                                ;
+----------------+-------+-----------------------------------------------------------------------------------------------+
Note: In order to hide this table in the UI and the text report file, please set the "Show Parameter Settings in Synthesis Report" option in "Analysis and Synthesis Settings -> More Settings" to "Off".


+-----------------------------------------------------------------------------------------------------------------------------------------------+
; Parameter Settings for User Entity Instance: m08_cnn1d:cnn1d|conv1d_layer:conv1d_layer|conv1d:CONVOLUTION_1D[0].conv1d|p2s:parallel_to_serial ;
+----------------+-------+----------------------------------------------------------------------------------------------------------------------+
; Parameter Name ; Value ; Type                                                                                                                 ;
+----------------+-------+----------------------------------------------------------------------------------------------------------------------+
; DATA_WIDTH     ; 24    ; Signed Integer                                                                                                       ;
; NUM_ELEMENTS   ; 5     ; Signed Integer                                                                                                       ;
+----------------+-------+----------------------------------------------------------------------------------------------------------------------+
Note: In order to hide this table in the UI and the text report file, please set the "Show Parameter Settings in Synthesis Report" option in "Analysis and Synthesis Settings -> More Settings" to "Off".


+----------------------------------------------------------------------------------------------------------------------------------------------------+
; Parameter Settings for User Entity Instance: m08_cnn1d:cnn1d|conv1d_layer:conv1d_layer|conv1d:CONVOLUTION_1D[0].conv1d|mult_reduce:multiply_reduce ;
+----------------+-------+---------------------------------------------------------------------------------------------------------------------------+
; Parameter Name ; Value ; Type                                                                                                                      ;
+----------------+-------+---------------------------------------------------------------------------------------------------------------------------+
; DATA_WIDTH     ; 24    ; Signed Integer                                                                                                            ;
; NUM_ELEMENTS   ; 5     ; Signed Integer                                                                                                            ;
; PIPE_WIDTH     ; 4     ; Signed Integer                                                                                                            ;
+----------------+-------+---------------------------------------------------------------------------------------------------------------------------+
Note: In order to hide this table in the UI and the text report file, please set the "Show Parameter Settings in Synthesis Report" option in "Analysis and Synthesis Settings -> More Settings" to "Off".


+--------------------------------------------------------------------------------------------------------------------------------------------------------------------+
; Parameter Settings for User Entity Instance: m08_cnn1d:cnn1d|conv1d_layer:conv1d_layer|conv1d:CONVOLUTION_1D[0].conv1d|mult_reduce:multiply_reduce|mult:multiplier ;
+----------------+-------+-------------------------------------------------------------------------------------------------------------------------------------------+
; Parameter Name ; Value ; Type                                                                                                                                      ;
+----------------+-------+-------------------------------------------------------------------------------------------------------------------------------------------+
; DATA_WIDTH     ; 24    ; Signed Integer                                                                                                                            ;
; PIPE_WIDTH     ; 4     ; Signed Integer                                                                                                                            ;
+----------------+-------+-------------------------------------------------------------------------------------------------------------------------------------------+
Note: In order to hide this table in the UI and the text report file, please set the "Show Parameter Settings in Synthesis Report" option in "Analysis and Synthesis Settings -> More Settings" to "Off".


+------------------------------------------------------------------------------------------------------------------------------------------------------------------------------------------------+
; Parameter Settings for User Entity Instance: m08_cnn1d:cnn1d|conv1d_layer:conv1d_layer|conv1d:CONVOLUTION_1D[0].conv1d|mult_reduce:multiply_reduce|mult:multiplier|lpm_mult:lpm_mult_component ;
+------------------------------------------------+----------+------------------------------------------------------------------------------------------------------------------------------------+
; Parameter Name                                 ; Value    ; Type                                                                                                                               ;
+------------------------------------------------+----------+------------------------------------------------------------------------------------------------------------------------------------+
; AUTO_CARRY_CHAINS                              ; ON       ; AUTO_CARRY                                                                                                                         ;
; IGNORE_CARRY_BUFFERS                           ; OFF      ; IGNORE_CARRY                                                                                                                       ;
; AUTO_CASCADE_CHAINS                            ; ON       ; AUTO_CASCADE                                                                                                                       ;
; IGNORE_CASCADE_BUFFERS                         ; OFF      ; IGNORE_CASCADE                                                                                                                     ;
; LPM_WIDTHA                                     ; 24       ; Signed Integer                                                                                                                     ;
; LPM_WIDTHB                                     ; 24       ; Signed Integer                                                                                                                     ;
; LPM_WIDTHP                                     ; 48       ; Signed Integer                                                                                                                     ;
; LPM_WIDTHR                                     ; 0        ; Untyped                                                                                                                            ;
; LPM_WIDTHS                                     ; 1        ; Untyped                                                                                                                            ;
; LPM_REPRESENTATION                             ; SIGNED   ; Untyped                                                                                                                            ;
; LPM_PIPELINE                                   ; 4        ; Signed Integer                                                                                                                     ;
; LATENCY                                        ; 0        ; Untyped                                                                                                                            ;
; INPUT_A_IS_CONSTANT                            ; NO       ; Untyped                                                                                                                            ;
; INPUT_B_IS_CONSTANT                            ; NO       ; Untyped                                                                                                                            ;
; USE_EAB                                        ; OFF      ; Untyped                                                                                                                            ;
; MAXIMIZE_SPEED                                 ; 5        ; Untyped                                                                                                                            ;
; DEVICE_FAMILY                                  ; MAX 10   ; Untyped                                                                                                                            ;
; CARRY_CHAIN                                    ; MANUAL   ; Untyped                                                                                                                            ;
; APEX20K_TECHNOLOGY_MAPPER                      ; LUT      ; TECH_MAPPER_APEX20K                                                                                                                ;
; DEDICATED_MULTIPLIER_CIRCUITRY                 ; YES      ; Untyped                                                                                                                            ;
; DEDICATED_MULTIPLIER_MIN_INPUT_WIDTH_FOR_AUTO  ; 0        ; Untyped                                                                                                                            ;
; DEDICATED_MULTIPLIER_MIN_OUTPUT_WIDTH_FOR_AUTO ; 0        ; Untyped                                                                                                                            ;
; CBXI_PARAMETER                                 ; mult_4ms ; Untyped                                                                                                                            ;
; INPUT_A_FIXED_VALUE                            ; Bx       ; Untyped                                                                                                                            ;
; INPUT_B_FIXED_VALUE                            ; Bx       ; Untyped                                                                                                                            ;
; USE_AHDL_IMPLEMENTATION                        ; OFF      ; Untyped                                                                                                                            ;
+------------------------------------------------+----------+------------------------------------------------------------------------------------------------------------------------------------+
Note: In order to hide this table in the UI and the text report file, please set the "Show Parameter Settings in Synthesis Report" option in "Analysis and Synthesis Settings -> More Settings" to "Off".


+------------------------------------------------------------------------------------------------------------------------+
; Parameter Settings for User Entity Instance: m08_cnn1d:cnn1d|conv1d_layer:conv1d_layer|conv1d:CONVOLUTION_1D[1].conv1d ;
+----------------+-------+-----------------------------------------------------------------------------------------------+
; Parameter Name ; Value ; Type                                                                                          ;
+----------------+-------+-----------------------------------------------------------------------------------------------+
; DATA_WIDTH     ; 24    ; Signed Integer                                                                                ;
; FILTER_SIZE    ; 5     ; Signed Integer                                                                                ;
; PIPE_WIDTH     ; 4     ; Signed Integer                                                                                ;
; FRACTION       ; 12    ; Signed Integer                                                                                ;
+----------------+-------+-----------------------------------------------------------------------------------------------+
Note: In order to hide this table in the UI and the text report file, please set the "Show Parameter Settings in Synthesis Report" option in "Analysis and Synthesis Settings -> More Settings" to "Off".


+-----------------------------------------------------------------------------------------------------------------------------------------------+
; Parameter Settings for User Entity Instance: m08_cnn1d:cnn1d|conv1d_layer:conv1d_layer|conv1d:CONVOLUTION_1D[1].conv1d|p2s:parallel_to_serial ;
+----------------+-------+----------------------------------------------------------------------------------------------------------------------+
; Parameter Name ; Value ; Type                                                                                                                 ;
+----------------+-------+----------------------------------------------------------------------------------------------------------------------+
; DATA_WIDTH     ; 24    ; Signed Integer                                                                                                       ;
; NUM_ELEMENTS   ; 5     ; Signed Integer                                                                                                       ;
+----------------+-------+----------------------------------------------------------------------------------------------------------------------+
Note: In order to hide this table in the UI and the text report file, please set the "Show Parameter Settings in Synthesis Report" option in "Analysis and Synthesis Settings -> More Settings" to "Off".


+----------------------------------------------------------------------------------------------------------------------------------------------------+
; Parameter Settings for User Entity Instance: m08_cnn1d:cnn1d|conv1d_layer:conv1d_layer|conv1d:CONVOLUTION_1D[1].conv1d|mult_reduce:multiply_reduce ;
+----------------+-------+---------------------------------------------------------------------------------------------------------------------------+
; Parameter Name ; Value ; Type                                                                                                                      ;
+----------------+-------+---------------------------------------------------------------------------------------------------------------------------+
; DATA_WIDTH     ; 24    ; Signed Integer                                                                                                            ;
; NUM_ELEMENTS   ; 5     ; Signed Integer                                                                                                            ;
; PIPE_WIDTH     ; 4     ; Signed Integer                                                                                                            ;
+----------------+-------+---------------------------------------------------------------------------------------------------------------------------+
Note: In order to hide this table in the UI and the text report file, please set the "Show Parameter Settings in Synthesis Report" option in "Analysis and Synthesis Settings -> More Settings" to "Off".


+--------------------------------------------------------------------------------------------------------------------------------------------------------------------+
; Parameter Settings for User Entity Instance: m08_cnn1d:cnn1d|conv1d_layer:conv1d_layer|conv1d:CONVOLUTION_1D[1].conv1d|mult_reduce:multiply_reduce|mult:multiplier ;
+----------------+-------+-------------------------------------------------------------------------------------------------------------------------------------------+
; Parameter Name ; Value ; Type                                                                                                                                      ;
+----------------+-------+-------------------------------------------------------------------------------------------------------------------------------------------+
; DATA_WIDTH     ; 24    ; Signed Integer                                                                                                                            ;
; PIPE_WIDTH     ; 4     ; Signed Integer                                                                                                                            ;
+----------------+-------+-------------------------------------------------------------------------------------------------------------------------------------------+
Note: In order to hide this table in the UI and the text report file, please set the "Show Parameter Settings in Synthesis Report" option in "Analysis and Synthesis Settings -> More Settings" to "Off".


+------------------------------------------------------------------------------------------------------------------------------------------------------------------------------------------------+
; Parameter Settings for User Entity Instance: m08_cnn1d:cnn1d|conv1d_layer:conv1d_layer|conv1d:CONVOLUTION_1D[1].conv1d|mult_reduce:multiply_reduce|mult:multiplier|lpm_mult:lpm_mult_component ;
+------------------------------------------------+----------+------------------------------------------------------------------------------------------------------------------------------------+
; Parameter Name                                 ; Value    ; Type                                                                                                                               ;
+------------------------------------------------+----------+------------------------------------------------------------------------------------------------------------------------------------+
; AUTO_CARRY_CHAINS                              ; ON       ; AUTO_CARRY                                                                                                                         ;
; IGNORE_CARRY_BUFFERS                           ; OFF      ; IGNORE_CARRY                                                                                                                       ;
; AUTO_CASCADE_CHAINS                            ; ON       ; AUTO_CASCADE                                                                                                                       ;
; IGNORE_CASCADE_BUFFERS                         ; OFF      ; IGNORE_CASCADE                                                                                                                     ;
; LPM_WIDTHA                                     ; 24       ; Signed Integer                                                                                                                     ;
; LPM_WIDTHB                                     ; 24       ; Signed Integer                                                                                                                     ;
; LPM_WIDTHP                                     ; 48       ; Signed Integer                                                                                                                     ;
; LPM_WIDTHR                                     ; 0        ; Untyped                                                                                                                            ;
; LPM_WIDTHS                                     ; 1        ; Untyped                                                                                                                            ;
; LPM_REPRESENTATION                             ; SIGNED   ; Untyped                                                                                                                            ;
; LPM_PIPELINE                                   ; 4        ; Signed Integer                                                                                                                     ;
; LATENCY                                        ; 0        ; Untyped                                                                                                                            ;
; INPUT_A_IS_CONSTANT                            ; NO       ; Untyped                                                                                                                            ;
; INPUT_B_IS_CONSTANT                            ; NO       ; Untyped                                                                                                                            ;
; USE_EAB                                        ; OFF      ; Untyped                                                                                                                            ;
; MAXIMIZE_SPEED                                 ; 5        ; Untyped                                                                                                                            ;
; DEVICE_FAMILY                                  ; MAX 10   ; Untyped                                                                                                                            ;
; CARRY_CHAIN                                    ; MANUAL   ; Untyped                                                                                                                            ;
; APEX20K_TECHNOLOGY_MAPPER                      ; LUT      ; TECH_MAPPER_APEX20K                                                                                                                ;
; DEDICATED_MULTIPLIER_CIRCUITRY                 ; YES      ; Untyped                                                                                                                            ;
; DEDICATED_MULTIPLIER_MIN_INPUT_WIDTH_FOR_AUTO  ; 0        ; Untyped                                                                                                                            ;
; DEDICATED_MULTIPLIER_MIN_OUTPUT_WIDTH_FOR_AUTO ; 0        ; Untyped                                                                                                                            ;
; CBXI_PARAMETER                                 ; mult_4ms ; Untyped                                                                                                                            ;
; INPUT_A_FIXED_VALUE                            ; Bx       ; Untyped                                                                                                                            ;
; INPUT_B_FIXED_VALUE                            ; Bx       ; Untyped                                                                                                                            ;
; USE_AHDL_IMPLEMENTATION                        ; OFF      ; Untyped                                                                                                                            ;
+------------------------------------------------+----------+------------------------------------------------------------------------------------------------------------------------------------+
Note: In order to hide this table in the UI and the text report file, please set the "Show Parameter Settings in Synthesis Report" option in "Analysis and Synthesis Settings -> More Settings" to "Off".


+------------------------------------------------------------------------------------------+
; Parameter Settings for User Entity Instance: m08_cnn1d:cnn1d|activation_layer:relu_layer ;
+---------------------+-------+------------------------------------------------------------+
; Parameter Name      ; Value ; Type                                                       ;
+---------------------+-------+------------------------------------------------------------+
; ACTIVATION_FUNCTION ; ReLU  ; String                                                     ;
; DATA_WIDTH          ; 24    ; Signed Integer                                             ;
; NUM_INPUTS          ; 2     ; Signed Integer                                             ;
+---------------------+-------+------------------------------------------------------------+
Note: In order to hide this table in the UI and the text report file, please set the "Show Parameter Settings in Synthesis Report" option in "Analysis and Synthesis Settings -> More Settings" to "Off".


+------------------------------------------------------------------------------------------------------------+
; Parameter Settings for User Entity Instance: m08_cnn1d:cnn1d|activation_layer:relu_layer|relu:RELU[0].relu ;
+----------------+--------------------------+----------------------------------------------------------------+
; Parameter Name ; Value                    ; Type                                                           ;
+----------------+--------------------------+----------------------------------------------------------------+
; DATA_WIDTH     ; 24                       ; Signed Integer                                                 ;
; CLIPPED        ; 0                        ; Signed Integer                                                 ;
; CLIP           ; 000000000000000000000000 ; Unsigned Binary                                                ;
+----------------+--------------------------+----------------------------------------------------------------+
Note: In order to hide this table in the UI and the text report file, please set the "Show Parameter Settings in Synthesis Report" option in "Analysis and Synthesis Settings -> More Settings" to "Off".


+------------------------------------------------------------------------------------------------------------+
; Parameter Settings for User Entity Instance: m08_cnn1d:cnn1d|activation_layer:relu_layer|relu:RELU[1].relu ;
+----------------+--------------------------+----------------------------------------------------------------+
; Parameter Name ; Value                    ; Type                                                           ;
+----------------+--------------------------+----------------------------------------------------------------+
; DATA_WIDTH     ; 24                       ; Signed Integer                                                 ;
; CLIPPED        ; 0                        ; Signed Integer                                                 ;
; CLIP           ; 000000000000000000000000 ; Unsigned Binary                                                ;
+----------------+--------------------------+----------------------------------------------------------------+
Note: In order to hide this table in the UI and the text report file, please set the "Show Parameter Settings in Synthesis Report" option in "Analysis and Synthesis Settings -> More Settings" to "Off".


+--------------------------------------------------------------------------------------------+
; Parameter Settings for User Entity Instance: m08_cnn1d:cnn1d|gavgpool_layer:gavgpool_layer ;
+----------------+-------+-------------------------------------------------------------------+
; Parameter Name ; Value ; Type                                                              ;
+----------------+-------+-------------------------------------------------------------------+
; DATA_WIDTH     ; 24    ; Signed Integer                                                    ;
; POOL_SIZE      ; 512   ; Signed Integer                                                    ;
; NUM_POOLS      ; 2     ; Signed Integer                                                    ;
; PIPE_WIDTH     ; 4     ; Signed Integer                                                    ;
+----------------+-------+-------------------------------------------------------------------+
Note: In order to hide this table in the UI and the text report file, please set the "Show Parameter Settings in Synthesis Report" option in "Analysis and Synthesis Settings -> More Settings" to "Off".


+----------------------------------------------------------------------------------------------------------------------------------------+
; Parameter Settings for User Entity Instance: m08_cnn1d:cnn1d|gavgpool_layer:gavgpool_layer|gavgpool:GLOBAL_AVERAGE_POOLING[0].gavgpool ;
+----------------+-------+---------------------------------------------------------------------------------------------------------------+
; Parameter Name ; Value ; Type                                                                                                          ;
+----------------+-------+---------------------------------------------------------------------------------------------------------------+
; DATA_WIDTH     ; 24    ; Signed Integer                                                                                                ;
; POOL_SIZE      ; 512   ; Signed Integer                                                                                                ;
; PIPE_WIDTH     ; 4     ; Signed Integer                                                                                                ;
+----------------+-------+---------------------------------------------------------------------------------------------------------------+
Note: In order to hide this table in the UI and the text report file, please set the "Show Parameter Settings in Synthesis Report" option in "Analysis and Synthesis Settings -> More Settings" to "Off".


+----------------------------------------------------------------------------------------------------------------------------------------------------------+
; Parameter Settings for User Entity Instance: m08_cnn1d:cnn1d|gavgpool_layer:gavgpool_layer|gavgpool:GLOBAL_AVERAGE_POOLING[0].gavgpool|accum:accumulator ;
+----------------+-------+---------------------------------------------------------------------------------------------------------------------------------+
; Parameter Name ; Value ; Type                                                                                                                            ;
+----------------+-------+---------------------------------------------------------------------------------------------------------------------------------+
; DATA_WIDTH     ; 24    ; Signed Integer                                                                                                                  ;
; POOL_SIZE      ; 512   ; Signed Integer                                                                                                                  ;
+----------------+-------+---------------------------------------------------------------------------------------------------------------------------------+
Note: In order to hide this table in the UI and the text report file, please set the "Show Parameter Settings in Synthesis Report" option in "Analysis and Synthesis Settings -> More Settings" to "Off".


+----------------------------------------------------------------------------------------------------------------------------------------+
; Parameter Settings for User Entity Instance: m08_cnn1d:cnn1d|gavgpool_layer:gavgpool_layer|gavgpool:GLOBAL_AVERAGE_POOLING[1].gavgpool ;
+----------------+-------+---------------------------------------------------------------------------------------------------------------+
; Parameter Name ; Value ; Type                                                                                                          ;
+----------------+-------+---------------------------------------------------------------------------------------------------------------+
; DATA_WIDTH     ; 24    ; Signed Integer                                                                                                ;
; POOL_SIZE      ; 512   ; Signed Integer                                                                                                ;
; PIPE_WIDTH     ; 4     ; Signed Integer                                                                                                ;
+----------------+-------+---------------------------------------------------------------------------------------------------------------+
Note: In order to hide this table in the UI and the text report file, please set the "Show Parameter Settings in Synthesis Report" option in "Analysis and Synthesis Settings -> More Settings" to "Off".


+----------------------------------------------------------------------------------------------------------------------------------------------------------+
; Parameter Settings for User Entity Instance: m08_cnn1d:cnn1d|gavgpool_layer:gavgpool_layer|gavgpool:GLOBAL_AVERAGE_POOLING[1].gavgpool|accum:accumulator ;
+----------------+-------+---------------------------------------------------------------------------------------------------------------------------------+
; Parameter Name ; Value ; Type                                                                                                                            ;
+----------------+-------+---------------------------------------------------------------------------------------------------------------------------------+
; DATA_WIDTH     ; 24    ; Signed Integer                                                                                                                  ;
; POOL_SIZE      ; 512   ; Signed Integer                                                                                                                  ;
+----------------+-------+---------------------------------------------------------------------------------------------------------------------------------+
Note: In order to hide this table in the UI and the text report file, please set the "Show Parameter Settings in Synthesis Report" option in "Analysis and Synthesis Settings -> More Settings" to "Off".


+----------------------------------------------------------------------+
; Parameter Settings for User Entity Instance: m08_cnn1d:cnn1d|p2s:p2s ;
+----------------+-------+---------------------------------------------+
; Parameter Name ; Value ; Type                                        ;
+----------------+-------+---------------------------------------------+
; DATA_WIDTH     ; 24    ; Signed Integer                              ;
; NUM_ELEMENTS   ; 2     ; Signed Integer                              ;
+----------------+-------+---------------------------------------------+
Note: In order to hide this table in the UI and the text report file, please set the "Show Parameter Settings in Synthesis Report" option in "Analysis and Synthesis Settings -> More Settings" to "Off".


+--------------------------------------------------------------------------------------+
; Parameter Settings for User Entity Instance: m08_cnn1d:cnn1d|nrn_layer:fc_1          ;
+------------------+-------------------------------------------------+-----------------+
; Parameter Name   ; Value                                           ; Type            ;
+------------------+-------------------------------------------------+-----------------+
; DATA_WIDTH       ; 24                                              ; Signed Integer  ;
; PARAMS_INIT_FILE ; ./../../test/weights/fc_parameters_1_12I12F.hex ; String          ;
; NUM_NEURONS      ; 8                                               ; Signed Integer  ;
; NEURON_INPUTS    ; 8                                               ; Signed Integer  ;
; PIPE_WIDTH       ; 4                                               ; Signed Integer  ;
; ACTIVATION_FUNC  ; relu                                            ; String          ;
; FRACTION         ; 12                                              ; Signed Integer  ;
; CLIPPED          ; 0                                               ; Signed Integer  ;
; CLIP             ; 000000000000000000000000                        ; Unsigned Binary ;
; TANH_SAMPLES     ; 64                                              ; Signed Integer  ;
; TANH_LUT         ;                                                 ; String          ;
; TANH_MAX         ; 000000000000001111100000                        ; Signed Binary   ;
; TANH_MIN         ; 000000001111110000000000                        ; Signed Binary   ;
; ID_MSB           ; 10                                              ; Signed Integer  ;
; ID_LSB           ; 5                                               ; Signed Integer  ;
+------------------+-------------------------------------------------+-----------------+
Note: In order to hide this table in the UI and the text report file, please set the "Show Parameter Settings in Synthesis Report" option in "Analysis and Synthesis Settings -> More Settings" to "Off".


+-------------------------------------------------------------------------------------------------+
; Parameter Settings for User Entity Instance: m08_cnn1d:cnn1d|nrn_layer:fc_1|sp_ram_clken:in_buf ;
+----------------+-------+------------------------------------------------------------------------+
; Parameter Name ; Value ; Type                                                                   ;
+----------------+-------+------------------------------------------------------------------------+
; WIDTH          ; 24    ; Signed Integer                                                         ;
; DEPTH          ; 8     ; Signed Integer                                                         ;
; INIT_FILE      ;       ; String                                                                 ;
; ADDRESS_WIDTH  ; 3     ; Signed Integer                                                         ;
+----------------+-------+------------------------------------------------------------------------+
Note: In order to hide this table in the UI and the text report file, please set the "Show Parameter Settings in Synthesis Report" option in "Analysis and Synthesis Settings -> More Settings" to "Off".


+---------------------------------------------------------------------------------------------------------------------------------+
; Parameter Settings for User Entity Instance: m08_cnn1d:cnn1d|nrn_layer:fc_1|sp_ram_clken:in_buf|altsyncram:altsyncram_component ;
+------------------------------------+----------------------+---------------------------------------------------------------------+
; Parameter Name                     ; Value                ; Type                                                                ;
+------------------------------------+----------------------+---------------------------------------------------------------------+
; BYTE_SIZE_BLOCK                    ; 8                    ; Untyped                                                             ;
; AUTO_CARRY_CHAINS                  ; ON                   ; AUTO_CARRY                                                          ;
; IGNORE_CARRY_BUFFERS               ; OFF                  ; IGNORE_CARRY                                                        ;
; AUTO_CASCADE_CHAINS                ; ON                   ; AUTO_CASCADE                                                        ;
; IGNORE_CASCADE_BUFFERS             ; OFF                  ; IGNORE_CASCADE                                                      ;
; WIDTH_BYTEENA                      ; 1                    ; Untyped                                                             ;
; OPERATION_MODE                     ; SINGLE_PORT          ; Untyped                                                             ;
; WIDTH_A                            ; 24                   ; Signed Integer                                                      ;
; WIDTHAD_A                          ; 3                    ; Signed Integer                                                      ;
; NUMWORDS_A                         ; 8                    ; Signed Integer                                                      ;
; OUTDATA_REG_A                      ; CLOCK0               ; Untyped                                                             ;
; ADDRESS_ACLR_A                     ; NONE                 ; Untyped                                                             ;
; OUTDATA_ACLR_A                     ; NONE                 ; Untyped                                                             ;
; WRCONTROL_ACLR_A                   ; NONE                 ; Untyped                                                             ;
; INDATA_ACLR_A                      ; NONE                 ; Untyped                                                             ;
; BYTEENA_ACLR_A                     ; NONE                 ; Untyped                                                             ;
; WIDTH_B                            ; 1                    ; Untyped                                                             ;
; WIDTHAD_B                          ; 1                    ; Untyped                                                             ;
; NUMWORDS_B                         ; 1                    ; Untyped                                                             ;
; INDATA_REG_B                       ; CLOCK1               ; Untyped                                                             ;
; WRCONTROL_WRADDRESS_REG_B          ; CLOCK1               ; Untyped                                                             ;
; RDCONTROL_REG_B                    ; CLOCK1               ; Untyped                                                             ;
; ADDRESS_REG_B                      ; CLOCK1               ; Untyped                                                             ;
; OUTDATA_REG_B                      ; UNREGISTERED         ; Untyped                                                             ;
; BYTEENA_REG_B                      ; CLOCK1               ; Untyped                                                             ;
; INDATA_ACLR_B                      ; NONE                 ; Untyped                                                             ;
; WRCONTROL_ACLR_B                   ; NONE                 ; Untyped                                                             ;
; ADDRESS_ACLR_B                     ; NONE                 ; Untyped                                                             ;
; OUTDATA_ACLR_B                     ; NONE                 ; Untyped                                                             ;
; RDCONTROL_ACLR_B                   ; NONE                 ; Untyped                                                             ;
; BYTEENA_ACLR_B                     ; NONE                 ; Untyped                                                             ;
; WIDTH_BYTEENA_A                    ; 1                    ; Signed Integer                                                      ;
; WIDTH_BYTEENA_B                    ; 1                    ; Untyped                                                             ;
; RAM_BLOCK_TYPE                     ; AUTO                 ; Untyped                                                             ;
; BYTE_SIZE                          ; 8                    ; Untyped                                                             ;
; READ_DURING_WRITE_MODE_MIXED_PORTS ; DONT_CARE            ; Untyped                                                             ;
; READ_DURING_WRITE_MODE_PORT_A      ; NEW_DATA_NO_NBE_READ ; Untyped                                                             ;
; READ_DURING_WRITE_MODE_PORT_B      ; NEW_DATA_NO_NBE_READ ; Untyped                                                             ;
; INIT_FILE                          ;                      ; Untyped                                                             ;
; INIT_FILE_LAYOUT                   ; PORT_A               ; Untyped                                                             ;
; MAXIMUM_DEPTH                      ; 0                    ; Untyped                                                             ;
; CLOCK_ENABLE_INPUT_A               ; NORMAL               ; Untyped                                                             ;
; CLOCK_ENABLE_INPUT_B               ; NORMAL               ; Untyped                                                             ;
; CLOCK_ENABLE_OUTPUT_A              ; NORMAL               ; Untyped                                                             ;
; CLOCK_ENABLE_OUTPUT_B              ; NORMAL               ; Untyped                                                             ;
; CLOCK_ENABLE_CORE_A                ; USE_INPUT_CLKEN      ; Untyped                                                             ;
; CLOCK_ENABLE_CORE_B                ; USE_INPUT_CLKEN      ; Untyped                                                             ;
; ENABLE_ECC                         ; FALSE                ; Untyped                                                             ;
; ECC_PIPELINE_STAGE_ENABLED         ; FALSE                ; Untyped                                                             ;
; WIDTH_ECCSTATUS                    ; 3                    ; Untyped                                                             ;
; DEVICE_FAMILY                      ; MAX 10               ; Untyped                                                             ;
; CBXI_PARAMETER                     ; altsyncram_i0g1      ; Untyped                                                             ;
+------------------------------------+----------------------+---------------------------------------------------------------------+
Note: In order to hide this table in the UI and the text report file, please set the "Show Parameter Settings in Synthesis Report" option in "Analysis and Synthesis Settings -> More Settings" to "Off".


+--------------------------------------------------------------------------------------------------+
; Parameter Settings for User Entity Instance: m08_cnn1d:cnn1d|nrn_layer:fc_1|sp_ram_clken:nrn_ram ;
+----------------+-------------------------------------------------+-------------------------------+
; Parameter Name ; Value                                           ; Type                          ;
+----------------+-------------------------------------------------+-------------------------------+
; WIDTH          ; 24                                              ; Signed Integer                ;
; DEPTH          ; 72                                              ; Signed Integer                ;
; INIT_FILE      ; ./../../test/weights/fc_parameters_1_12I12F.hex ; String                        ;
; ADDRESS_WIDTH  ; 7                                               ; Signed Integer                ;
+----------------+-------------------------------------------------+-------------------------------+
Note: In order to hide this table in the UI and the text report file, please set the "Show Parameter Settings in Synthesis Report" option in "Analysis and Synthesis Settings -> More Settings" to "Off".


+----------------------------------------------------------------------------------------------------------------------------------+
; Parameter Settings for User Entity Instance: m08_cnn1d:cnn1d|nrn_layer:fc_1|sp_ram_clken:nrn_ram|altsyncram:altsyncram_component ;
+------------------------------------+-------------------------------------------------+-------------------------------------------+
; Parameter Name                     ; Value                                           ; Type                                      ;
+------------------------------------+-------------------------------------------------+-------------------------------------------+
; BYTE_SIZE_BLOCK                    ; 8                                               ; Untyped                                   ;
; AUTO_CARRY_CHAINS                  ; ON                                              ; AUTO_CARRY                                ;
; IGNORE_CARRY_BUFFERS               ; OFF                                             ; IGNORE_CARRY                              ;
; AUTO_CASCADE_CHAINS                ; ON                                              ; AUTO_CASCADE                              ;
; IGNORE_CASCADE_BUFFERS             ; OFF                                             ; IGNORE_CASCADE                            ;
; WIDTH_BYTEENA                      ; 1                                               ; Untyped                                   ;
; OPERATION_MODE                     ; SINGLE_PORT                                     ; Untyped                                   ;
; WIDTH_A                            ; 24                                              ; Signed Integer                            ;
; WIDTHAD_A                          ; 7                                               ; Signed Integer                            ;
; NUMWORDS_A                         ; 72                                              ; Signed Integer                            ;
; OUTDATA_REG_A                      ; CLOCK0                                          ; Untyped                                   ;
; ADDRESS_ACLR_A                     ; NONE                                            ; Untyped                                   ;
; OUTDATA_ACLR_A                     ; NONE                                            ; Untyped                                   ;
; WRCONTROL_ACLR_A                   ; NONE                                            ; Untyped                                   ;
; INDATA_ACLR_A                      ; NONE                                            ; Untyped                                   ;
; BYTEENA_ACLR_A                     ; NONE                                            ; Untyped                                   ;
; WIDTH_B                            ; 1                                               ; Untyped                                   ;
; WIDTHAD_B                          ; 1                                               ; Untyped                                   ;
; NUMWORDS_B                         ; 1                                               ; Untyped                                   ;
; INDATA_REG_B                       ; CLOCK1                                          ; Untyped                                   ;
; WRCONTROL_WRADDRESS_REG_B          ; CLOCK1                                          ; Untyped                                   ;
; RDCONTROL_REG_B                    ; CLOCK1                                          ; Untyped                                   ;
; ADDRESS_REG_B                      ; CLOCK1                                          ; Untyped                                   ;
; OUTDATA_REG_B                      ; UNREGISTERED                                    ; Untyped                                   ;
; BYTEENA_REG_B                      ; CLOCK1                                          ; Untyped                                   ;
; INDATA_ACLR_B                      ; NONE                                            ; Untyped                                   ;
; WRCONTROL_ACLR_B                   ; NONE                                            ; Untyped                                   ;
; ADDRESS_ACLR_B                     ; NONE                                            ; Untyped                                   ;
; OUTDATA_ACLR_B                     ; NONE                                            ; Untyped                                   ;
; RDCONTROL_ACLR_B                   ; NONE                                            ; Untyped                                   ;
; BYTEENA_ACLR_B                     ; NONE                                            ; Untyped                                   ;
; WIDTH_BYTEENA_A                    ; 1                                               ; Signed Integer                            ;
; WIDTH_BYTEENA_B                    ; 1                                               ; Untyped                                   ;
; RAM_BLOCK_TYPE                     ; AUTO                                            ; Untyped                                   ;
; BYTE_SIZE                          ; 8                                               ; Untyped                                   ;
; READ_DURING_WRITE_MODE_MIXED_PORTS ; DONT_CARE                                       ; Untyped                                   ;
; READ_DURING_WRITE_MODE_PORT_A      ; NEW_DATA_NO_NBE_READ                            ; Untyped                                   ;
; READ_DURING_WRITE_MODE_PORT_B      ; NEW_DATA_NO_NBE_READ                            ; Untyped                                   ;
; INIT_FILE                          ; ./../../test/weights/fc_parameters_1_12I12F.hex ; Untyped                                   ;
; INIT_FILE_LAYOUT                   ; PORT_A                                          ; Untyped                                   ;
; MAXIMUM_DEPTH                      ; 0                                               ; Untyped                                   ;
; CLOCK_ENABLE_INPUT_A               ; NORMAL                                          ; Untyped                                   ;
; CLOCK_ENABLE_INPUT_B               ; NORMAL                                          ; Untyped                                   ;
; CLOCK_ENABLE_OUTPUT_A              ; NORMAL                                          ; Untyped                                   ;
; CLOCK_ENABLE_OUTPUT_B              ; NORMAL                                          ; Untyped                                   ;
; CLOCK_ENABLE_CORE_A                ; USE_INPUT_CLKEN                                 ; Untyped                                   ;
; CLOCK_ENABLE_CORE_B                ; USE_INPUT_CLKEN                                 ; Untyped                                   ;
; ENABLE_ECC                         ; FALSE                                           ; Untyped                                   ;
; ECC_PIPELINE_STAGE_ENABLED         ; FALSE                                           ; Untyped                                   ;
; WIDTH_ECCSTATUS                    ; 3                                               ; Untyped                                   ;
; DEVICE_FAMILY                      ; MAX 10                                          ; Untyped                                   ;
; CBXI_PARAMETER                     ; altsyncram_q3l1                                 ; Untyped                                   ;
+------------------------------------+-------------------------------------------------+-------------------------------------------+
Note: In order to hide this table in the UI and the text report file, please set the "Show Parameter Settings in Synthesis Report" option in "Analysis and Synthesis Settings -> More Settings" to "Off".


+-----------------------------------------------------------------------------------------------------+
; Parameter Settings for User Entity Instance: m08_cnn1d:cnn1d|nrn_layer:fc_1|mult_reduce:mult_reduce ;
+----------------+-------+----------------------------------------------------------------------------+
; Parameter Name ; Value ; Type                                                                       ;
+----------------+-------+----------------------------------------------------------------------------+
; DATA_WIDTH     ; 24    ; Signed Integer                                                             ;
; NUM_ELEMENTS   ; 9     ; Signed Integer                                                             ;
; PIPE_WIDTH     ; 4     ; Signed Integer                                                             ;
+----------------+-------+----------------------------------------------------------------------------+
Note: In order to hide this table in the UI and the text report file, please set the "Show Parameter Settings in Synthesis Report" option in "Analysis and Synthesis Settings -> More Settings" to "Off".


+---------------------------------------------------------------------------------------------------------------------+
; Parameter Settings for User Entity Instance: m08_cnn1d:cnn1d|nrn_layer:fc_1|mult_reduce:mult_reduce|mult:multiplier ;
+----------------+-------+--------------------------------------------------------------------------------------------+
; Parameter Name ; Value ; Type                                                                                       ;
+----------------+-------+--------------------------------------------------------------------------------------------+
; DATA_WIDTH     ; 24    ; Signed Integer                                                                             ;
; PIPE_WIDTH     ; 4     ; Signed Integer                                                                             ;
+----------------+-------+--------------------------------------------------------------------------------------------+
Note: In order to hide this table in the UI and the text report file, please set the "Show Parameter Settings in Synthesis Report" option in "Analysis and Synthesis Settings -> More Settings" to "Off".


+-------------------------------------------------------------------------------------------------------------------------------------------------+
; Parameter Settings for User Entity Instance: m08_cnn1d:cnn1d|nrn_layer:fc_1|mult_reduce:mult_reduce|mult:multiplier|lpm_mult:lpm_mult_component ;
+------------------------------------------------+----------+-------------------------------------------------------------------------------------+
; Parameter Name                                 ; Value    ; Type                                                                                ;
+------------------------------------------------+----------+-------------------------------------------------------------------------------------+
; AUTO_CARRY_CHAINS                              ; ON       ; AUTO_CARRY                                                                          ;
; IGNORE_CARRY_BUFFERS                           ; OFF      ; IGNORE_CARRY                                                                        ;
; AUTO_CASCADE_CHAINS                            ; ON       ; AUTO_CASCADE                                                                        ;
; IGNORE_CASCADE_BUFFERS                         ; OFF      ; IGNORE_CASCADE                                                                      ;
; LPM_WIDTHA                                     ; 24       ; Signed Integer                                                                      ;
; LPM_WIDTHB                                     ; 24       ; Signed Integer                                                                      ;
; LPM_WIDTHP                                     ; 48       ; Signed Integer                                                                      ;
; LPM_WIDTHR                                     ; 0        ; Untyped                                                                             ;
; LPM_WIDTHS                                     ; 1        ; Untyped                                                                             ;
; LPM_REPRESENTATION                             ; SIGNED   ; Untyped                                                                             ;
; LPM_PIPELINE                                   ; 4        ; Signed Integer                                                                      ;
; LATENCY                                        ; 0        ; Untyped                                                                             ;
; INPUT_A_IS_CONSTANT                            ; NO       ; Untyped                                                                             ;
; INPUT_B_IS_CONSTANT                            ; NO       ; Untyped                                                                             ;
; USE_EAB                                        ; OFF      ; Untyped                                                                             ;
; MAXIMIZE_SPEED                                 ; 5        ; Untyped                                                                             ;
; DEVICE_FAMILY                                  ; MAX 10   ; Untyped                                                                             ;
; CARRY_CHAIN                                    ; MANUAL   ; Untyped                                                                             ;
; APEX20K_TECHNOLOGY_MAPPER                      ; LUT      ; TECH_MAPPER_APEX20K                                                                 ;
; DEDICATED_MULTIPLIER_CIRCUITRY                 ; YES      ; Untyped                                                                             ;
; DEDICATED_MULTIPLIER_MIN_INPUT_WIDTH_FOR_AUTO  ; 0        ; Untyped                                                                             ;
; DEDICATED_MULTIPLIER_MIN_OUTPUT_WIDTH_FOR_AUTO ; 0        ; Untyped                                                                             ;
; CBXI_PARAMETER                                 ; mult_4ms ; Untyped                                                                             ;
; INPUT_A_FIXED_VALUE                            ; Bx       ; Untyped                                                                             ;
; INPUT_B_FIXED_VALUE                            ; Bx       ; Untyped                                                                             ;
; USE_AHDL_IMPLEMENTATION                        ; OFF      ; Untyped                                                                             ;
+------------------------------------------------+----------+-------------------------------------------------------------------------------------+
Note: In order to hide this table in the UI and the text report file, please set the "Show Parameter Settings in Synthesis Report" option in "Analysis and Synthesis Settings -> More Settings" to "Off".


+---------------------------------------------------------------------------------------+
; Parameter Settings for User Entity Instance: m08_cnn1d:cnn1d|nrn_layer:fc_1|relu:relu ;
+----------------+--------------------------+-------------------------------------------+
; Parameter Name ; Value                    ; Type                                      ;
+----------------+--------------------------+-------------------------------------------+
; DATA_WIDTH     ; 24                       ; Signed Integer                            ;
; CLIPPED        ; 0                        ; Signed Integer                            ;
; CLIP           ; 000000000000000000000000 ; Unsigned Binary                           ;
+----------------+--------------------------+-------------------------------------------+
Note: In order to hide this table in the UI and the text report file, please set the "Show Parameter Settings in Synthesis Report" option in "Analysis and Synthesis Settings -> More Settings" to "Off".


+--------------------------------------------------------------------------------------+
; Parameter Settings for User Entity Instance: m08_cnn1d:cnn1d|nrn_layer:fc_2          ;
+------------------+-------------------------------------------------+-----------------+
; Parameter Name   ; Value                                           ; Type            ;
+------------------+-------------------------------------------------+-----------------+
; DATA_WIDTH       ; 24                                              ; Signed Integer  ;
; PARAMS_INIT_FILE ; ./../../test/weights/fc_parameters_2_12I12F.hex ; String          ;
; NUM_NEURONS      ; 2                                               ; Signed Integer  ;
; NEURON_INPUTS    ; 8                                               ; Signed Integer  ;
; PIPE_WIDTH       ; 4                                               ; Signed Integer  ;
; ACTIVATION_FUNC  ; relu                                            ; String          ;
; FRACTION         ; 12                                              ; Signed Integer  ;
; CLIPPED          ; 0                                               ; Signed Integer  ;
; CLIP             ; 000000000000000000000000                        ; Unsigned Binary ;
; TANH_SAMPLES     ; 64                                              ; Signed Integer  ;
; TANH_LUT         ;                                                 ; String          ;
; TANH_MAX         ; 000000000000001111100000                        ; Signed Binary   ;
; TANH_MIN         ; 000000001111110000000000                        ; Signed Binary   ;
; ID_MSB           ; 10                                              ; Signed Integer  ;
; ID_LSB           ; 5                                               ; Signed Integer  ;
+------------------+-------------------------------------------------+-----------------+
Note: In order to hide this table in the UI and the text report file, please set the "Show Parameter Settings in Synthesis Report" option in "Analysis and Synthesis Settings -> More Settings" to "Off".


+-------------------------------------------------------------------------------------------------+
; Parameter Settings for User Entity Instance: m08_cnn1d:cnn1d|nrn_layer:fc_2|sp_ram_clken:in_buf ;
+----------------+-------+------------------------------------------------------------------------+
; Parameter Name ; Value ; Type                                                                   ;
+----------------+-------+------------------------------------------------------------------------+
; WIDTH          ; 24    ; Signed Integer                                                         ;
; DEPTH          ; 8     ; Signed Integer                                                         ;
; INIT_FILE      ;       ; String                                                                 ;
; ADDRESS_WIDTH  ; 3     ; Signed Integer                                                         ;
+----------------+-------+------------------------------------------------------------------------+
Note: In order to hide this table in the UI and the text report file, please set the "Show Parameter Settings in Synthesis Report" option in "Analysis and Synthesis Settings -> More Settings" to "Off".


+---------------------------------------------------------------------------------------------------------------------------------+
; Parameter Settings for User Entity Instance: m08_cnn1d:cnn1d|nrn_layer:fc_2|sp_ram_clken:in_buf|altsyncram:altsyncram_component ;
+------------------------------------+----------------------+---------------------------------------------------------------------+
; Parameter Name                     ; Value                ; Type                                                                ;
+------------------------------------+----------------------+---------------------------------------------------------------------+
; BYTE_SIZE_BLOCK                    ; 8                    ; Untyped                                                             ;
; AUTO_CARRY_CHAINS                  ; ON                   ; AUTO_CARRY                                                          ;
; IGNORE_CARRY_BUFFERS               ; OFF                  ; IGNORE_CARRY                                                        ;
; AUTO_CASCADE_CHAINS                ; ON                   ; AUTO_CASCADE                                                        ;
; IGNORE_CASCADE_BUFFERS             ; OFF                  ; IGNORE_CASCADE                                                      ;
; WIDTH_BYTEENA                      ; 1                    ; Untyped                                                             ;
; OPERATION_MODE                     ; SINGLE_PORT          ; Untyped                                                             ;
; WIDTH_A                            ; 24                   ; Signed Integer                                                      ;
; WIDTHAD_A                          ; 3                    ; Signed Integer                                                      ;
; NUMWORDS_A                         ; 8                    ; Signed Integer                                                      ;
; OUTDATA_REG_A                      ; CLOCK0               ; Untyped                                                             ;
; ADDRESS_ACLR_A                     ; NONE                 ; Untyped                                                             ;
; OUTDATA_ACLR_A                     ; NONE                 ; Untyped                                                             ;
; WRCONTROL_ACLR_A                   ; NONE                 ; Untyped                                                             ;
; INDATA_ACLR_A                      ; NONE                 ; Untyped                                                             ;
; BYTEENA_ACLR_A                     ; NONE                 ; Untyped                                                             ;
; WIDTH_B                            ; 1                    ; Untyped                                                             ;
; WIDTHAD_B                          ; 1                    ; Untyped                                                             ;
; NUMWORDS_B                         ; 1                    ; Untyped                                                             ;
; INDATA_REG_B                       ; CLOCK1               ; Untyped                                                             ;
; WRCONTROL_WRADDRESS_REG_B          ; CLOCK1               ; Untyped                                                             ;
; RDCONTROL_REG_B                    ; CLOCK1               ; Untyped                                                             ;
; ADDRESS_REG_B                      ; CLOCK1               ; Untyped                                                             ;
; OUTDATA_REG_B                      ; UNREGISTERED         ; Untyped                                                             ;
; BYTEENA_REG_B                      ; CLOCK1               ; Untyped                                                             ;
; INDATA_ACLR_B                      ; NONE                 ; Untyped                                                             ;
; WRCONTROL_ACLR_B                   ; NONE                 ; Untyped                                                             ;
; ADDRESS_ACLR_B                     ; NONE                 ; Untyped                                                             ;
; OUTDATA_ACLR_B                     ; NONE                 ; Untyped                                                             ;
; RDCONTROL_ACLR_B                   ; NONE                 ; Untyped                                                             ;
; BYTEENA_ACLR_B                     ; NONE                 ; Untyped                                                             ;
; WIDTH_BYTEENA_A                    ; 1                    ; Signed Integer                                                      ;
; WIDTH_BYTEENA_B                    ; 1                    ; Untyped                                                             ;
; RAM_BLOCK_TYPE                     ; AUTO                 ; Untyped                                                             ;
; BYTE_SIZE                          ; 8                    ; Untyped                                                             ;
; READ_DURING_WRITE_MODE_MIXED_PORTS ; DONT_CARE            ; Untyped                                                             ;
; READ_DURING_WRITE_MODE_PORT_A      ; NEW_DATA_NO_NBE_READ ; Untyped                                                             ;
; READ_DURING_WRITE_MODE_PORT_B      ; NEW_DATA_NO_NBE_READ ; Untyped                                                             ;
; INIT_FILE                          ;                      ; Untyped                                                             ;
; INIT_FILE_LAYOUT                   ; PORT_A               ; Untyped                                                             ;
; MAXIMUM_DEPTH                      ; 0                    ; Untyped                                                             ;
; CLOCK_ENABLE_INPUT_A               ; NORMAL               ; Untyped                                                             ;
; CLOCK_ENABLE_INPUT_B               ; NORMAL               ; Untyped                                                             ;
; CLOCK_ENABLE_OUTPUT_A              ; NORMAL               ; Untyped                                                             ;
; CLOCK_ENABLE_OUTPUT_B              ; NORMAL               ; Untyped                                                             ;
; CLOCK_ENABLE_CORE_A                ; USE_INPUT_CLKEN      ; Untyped                                                             ;
; CLOCK_ENABLE_CORE_B                ; USE_INPUT_CLKEN      ; Untyped                                                             ;
; ENABLE_ECC                         ; FALSE                ; Untyped                                                             ;
; ECC_PIPELINE_STAGE_ENABLED         ; FALSE                ; Untyped                                                             ;
; WIDTH_ECCSTATUS                    ; 3                    ; Untyped                                                             ;
; DEVICE_FAMILY                      ; MAX 10               ; Untyped                                                             ;
; CBXI_PARAMETER                     ; altsyncram_i0g1      ; Untyped                                                             ;
+------------------------------------+----------------------+---------------------------------------------------------------------+
Note: In order to hide this table in the UI and the text report file, please set the "Show Parameter Settings in Synthesis Report" option in "Analysis and Synthesis Settings -> More Settings" to "Off".


+--------------------------------------------------------------------------------------------------+
; Parameter Settings for User Entity Instance: m08_cnn1d:cnn1d|nrn_layer:fc_2|sp_ram_clken:nrn_ram ;
+----------------+-------------------------------------------------+-------------------------------+
; Parameter Name ; Value                                           ; Type                          ;
+----------------+-------------------------------------------------+-------------------------------+
; WIDTH          ; 24                                              ; Signed Integer                ;
; DEPTH          ; 18                                              ; Signed Integer                ;
; INIT_FILE      ; ./../../test/weights/fc_parameters_2_12I12F.hex ; String                        ;
; ADDRESS_WIDTH  ; 5                                               ; Signed Integer                ;
+----------------+-------------------------------------------------+-------------------------------+
Note: In order to hide this table in the UI and the text report file, please set the "Show Parameter Settings in Synthesis Report" option in "Analysis and Synthesis Settings -> More Settings" to "Off".


+----------------------------------------------------------------------------------------------------------------------------------+
; Parameter Settings for User Entity Instance: m08_cnn1d:cnn1d|nrn_layer:fc_2|sp_ram_clken:nrn_ram|altsyncram:altsyncram_component ;
+------------------------------------+-------------------------------------------------+-------------------------------------------+
; Parameter Name                     ; Value                                           ; Type                                      ;
+------------------------------------+-------------------------------------------------+-------------------------------------------+
; BYTE_SIZE_BLOCK                    ; 8                                               ; Untyped                                   ;
; AUTO_CARRY_CHAINS                  ; ON                                              ; AUTO_CARRY                                ;
; IGNORE_CARRY_BUFFERS               ; OFF                                             ; IGNORE_CARRY                              ;
; AUTO_CASCADE_CHAINS                ; ON                                              ; AUTO_CASCADE                              ;
; IGNORE_CASCADE_BUFFERS             ; OFF                                             ; IGNORE_CASCADE                            ;
; WIDTH_BYTEENA                      ; 1                                               ; Untyped                                   ;
; OPERATION_MODE                     ; SINGLE_PORT                                     ; Untyped                                   ;
; WIDTH_A                            ; 24                                              ; Signed Integer                            ;
; WIDTHAD_A                          ; 5                                               ; Signed Integer                            ;
; NUMWORDS_A                         ; 18                                              ; Signed Integer                            ;
; OUTDATA_REG_A                      ; CLOCK0                                          ; Untyped                                   ;
; ADDRESS_ACLR_A                     ; NONE                                            ; Untyped                                   ;
; OUTDATA_ACLR_A                     ; NONE                                            ; Untyped                                   ;
; WRCONTROL_ACLR_A                   ; NONE                                            ; Untyped                                   ;
; INDATA_ACLR_A                      ; NONE                                            ; Untyped                                   ;
; BYTEENA_ACLR_A                     ; NONE                                            ; Untyped                                   ;
; WIDTH_B                            ; 1                                               ; Untyped                                   ;
; WIDTHAD_B                          ; 1                                               ; Untyped                                   ;
; NUMWORDS_B                         ; 1                                               ; Untyped                                   ;
; INDATA_REG_B                       ; CLOCK1                                          ; Untyped                                   ;
; WRCONTROL_WRADDRESS_REG_B          ; CLOCK1                                          ; Untyped                                   ;
; RDCONTROL_REG_B                    ; CLOCK1                                          ; Untyped                                   ;
; ADDRESS_REG_B                      ; CLOCK1                                          ; Untyped                                   ;
; OUTDATA_REG_B                      ; UNREGISTERED                                    ; Untyped                                   ;
; BYTEENA_REG_B                      ; CLOCK1                                          ; Untyped                                   ;
; INDATA_ACLR_B                      ; NONE                                            ; Untyped                                   ;
; WRCONTROL_ACLR_B                   ; NONE                                            ; Untyped                                   ;
; ADDRESS_ACLR_B                     ; NONE                                            ; Untyped                                   ;
; OUTDATA_ACLR_B                     ; NONE                                            ; Untyped                                   ;
; RDCONTROL_ACLR_B                   ; NONE                                            ; Untyped                                   ;
; BYTEENA_ACLR_B                     ; NONE                                            ; Untyped                                   ;
; WIDTH_BYTEENA_A                    ; 1                                               ; Signed Integer                            ;
; WIDTH_BYTEENA_B                    ; 1                                               ; Untyped                                   ;
; RAM_BLOCK_TYPE                     ; AUTO                                            ; Untyped                                   ;
; BYTE_SIZE                          ; 8                                               ; Untyped                                   ;
; READ_DURING_WRITE_MODE_MIXED_PORTS ; DONT_CARE                                       ; Untyped                                   ;
; READ_DURING_WRITE_MODE_PORT_A      ; NEW_DATA_NO_NBE_READ                            ; Untyped                                   ;
; READ_DURING_WRITE_MODE_PORT_B      ; NEW_DATA_NO_NBE_READ                            ; Untyped                                   ;
; INIT_FILE                          ; ./../../test/weights/fc_parameters_2_12I12F.hex ; Untyped                                   ;
; INIT_FILE_LAYOUT                   ; PORT_A                                          ; Untyped                                   ;
; MAXIMUM_DEPTH                      ; 0                                               ; Untyped                                   ;
; CLOCK_ENABLE_INPUT_A               ; NORMAL                                          ; Untyped                                   ;
; CLOCK_ENABLE_INPUT_B               ; NORMAL                                          ; Untyped                                   ;
; CLOCK_ENABLE_OUTPUT_A              ; NORMAL                                          ; Untyped                                   ;
; CLOCK_ENABLE_OUTPUT_B              ; NORMAL                                          ; Untyped                                   ;
; CLOCK_ENABLE_CORE_A                ; USE_INPUT_CLKEN                                 ; Untyped                                   ;
; CLOCK_ENABLE_CORE_B                ; USE_INPUT_CLKEN                                 ; Untyped                                   ;
; ENABLE_ECC                         ; FALSE                                           ; Untyped                                   ;
; ECC_PIPELINE_STAGE_ENABLED         ; FALSE                                           ; Untyped                                   ;
; WIDTH_ECCSTATUS                    ; 3                                               ; Untyped                                   ;
; DEVICE_FAMILY                      ; MAX 10                                          ; Untyped                                   ;
; CBXI_PARAMETER                     ; altsyncram_p3l1                                 ; Untyped                                   ;
+------------------------------------+-------------------------------------------------+-------------------------------------------+
Note: In order to hide this table in the UI and the text report file, please set the "Show Parameter Settings in Synthesis Report" option in "Analysis and Synthesis Settings -> More Settings" to "Off".


+-----------------------------------------------------------------------------------------------------+
; Parameter Settings for User Entity Instance: m08_cnn1d:cnn1d|nrn_layer:fc_2|mult_reduce:mult_reduce ;
+----------------+-------+----------------------------------------------------------------------------+
; Parameter Name ; Value ; Type                                                                       ;
+----------------+-------+----------------------------------------------------------------------------+
; DATA_WIDTH     ; 24    ; Signed Integer                                                             ;
; NUM_ELEMENTS   ; 9     ; Signed Integer                                                             ;
; PIPE_WIDTH     ; 4     ; Signed Integer                                                             ;
+----------------+-------+----------------------------------------------------------------------------+
Note: In order to hide this table in the UI and the text report file, please set the "Show Parameter Settings in Synthesis Report" option in "Analysis and Synthesis Settings -> More Settings" to "Off".


+---------------------------------------------------------------------------------------------------------------------+
; Parameter Settings for User Entity Instance: m08_cnn1d:cnn1d|nrn_layer:fc_2|mult_reduce:mult_reduce|mult:multiplier ;
+----------------+-------+--------------------------------------------------------------------------------------------+
; Parameter Name ; Value ; Type                                                                                       ;
+----------------+-------+--------------------------------------------------------------------------------------------+
; DATA_WIDTH     ; 24    ; Signed Integer                                                                             ;
; PIPE_WIDTH     ; 4     ; Signed Integer                                                                             ;
+----------------+-------+--------------------------------------------------------------------------------------------+
Note: In order to hide this table in the UI and the text report file, please set the "Show Parameter Settings in Synthesis Report" option in "Analysis and Synthesis Settings -> More Settings" to "Off".


+-------------------------------------------------------------------------------------------------------------------------------------------------+
; Parameter Settings for User Entity Instance: m08_cnn1d:cnn1d|nrn_layer:fc_2|mult_reduce:mult_reduce|mult:multiplier|lpm_mult:lpm_mult_component ;
+------------------------------------------------+----------+-------------------------------------------------------------------------------------+
; Parameter Name                                 ; Value    ; Type                                                                                ;
+------------------------------------------------+----------+-------------------------------------------------------------------------------------+
; AUTO_CARRY_CHAINS                              ; ON       ; AUTO_CARRY                                                                          ;
; IGNORE_CARRY_BUFFERS                           ; OFF      ; IGNORE_CARRY                                                                        ;
; AUTO_CASCADE_CHAINS                            ; ON       ; AUTO_CASCADE                                                                        ;
; IGNORE_CASCADE_BUFFERS                         ; OFF      ; IGNORE_CASCADE                                                                      ;
; LPM_WIDTHA                                     ; 24       ; Signed Integer                                                                      ;
; LPM_WIDTHB                                     ; 24       ; Signed Integer                                                                      ;
; LPM_WIDTHP                                     ; 48       ; Signed Integer                                                                      ;
; LPM_WIDTHR                                     ; 0        ; Untyped                                                                             ;
; LPM_WIDTHS                                     ; 1        ; Untyped                                                                             ;
; LPM_REPRESENTATION                             ; SIGNED   ; Untyped                                                                             ;
; LPM_PIPELINE                                   ; 4        ; Signed Integer                                                                      ;
; LATENCY                                        ; 0        ; Untyped                                                                             ;
; INPUT_A_IS_CONSTANT                            ; NO       ; Untyped                                                                             ;
; INPUT_B_IS_CONSTANT                            ; NO       ; Untyped                                                                             ;
; USE_EAB                                        ; OFF      ; Untyped                                                                             ;
; MAXIMIZE_SPEED                                 ; 5        ; Untyped                                                                             ;
; DEVICE_FAMILY                                  ; MAX 10   ; Untyped                                                                             ;
; CARRY_CHAIN                                    ; MANUAL   ; Untyped                                                                             ;
; APEX20K_TECHNOLOGY_MAPPER                      ; LUT      ; TECH_MAPPER_APEX20K                                                                 ;
; DEDICATED_MULTIPLIER_CIRCUITRY                 ; YES      ; Untyped                                                                             ;
; DEDICATED_MULTIPLIER_MIN_INPUT_WIDTH_FOR_AUTO  ; 0        ; Untyped                                                                             ;
; DEDICATED_MULTIPLIER_MIN_OUTPUT_WIDTH_FOR_AUTO ; 0        ; Untyped                                                                             ;
; CBXI_PARAMETER                                 ; mult_4ms ; Untyped                                                                             ;
; INPUT_A_FIXED_VALUE                            ; Bx       ; Untyped                                                                             ;
; INPUT_B_FIXED_VALUE                            ; Bx       ; Untyped                                                                             ;
; USE_AHDL_IMPLEMENTATION                        ; OFF      ; Untyped                                                                             ;
+------------------------------------------------+----------+-------------------------------------------------------------------------------------+
Note: In order to hide this table in the UI and the text report file, please set the "Show Parameter Settings in Synthesis Report" option in "Analysis and Synthesis Settings -> More Settings" to "Off".


+---------------------------------------------------------------------------------------+
; Parameter Settings for User Entity Instance: m08_cnn1d:cnn1d|nrn_layer:fc_2|relu:relu ;
+----------------+--------------------------+-------------------------------------------+
; Parameter Name ; Value                    ; Type                                      ;
+----------------+--------------------------+-------------------------------------------+
; DATA_WIDTH     ; 24                       ; Signed Integer                            ;
; CLIPPED        ; 0                        ; Signed Integer                            ;
; CLIP           ; 000000000000000000000000 ; Unsigned Binary                           ;
+----------------+--------------------------+-------------------------------------------+
Note: In order to hide this table in the UI and the text report file, please set the "Show Parameter Settings in Synthesis Report" option in "Analysis and Synthesis Settings -> More Settings" to "Off".


+----------------------------------------------------------------------+
; Parameter Settings for User Entity Instance: m08_cnn1d:cnn1d|s2p:s2p ;
+----------------+-------+---------------------------------------------+
; Parameter Name ; Value ; Type                                        ;
+----------------+-------+---------------------------------------------+
; DATA_WIDTH     ; 24    ; Signed Integer                              ;
; NUM_ELEMENTS   ; 2     ; Signed Integer                              ;
+----------------+-------+---------------------------------------------+
Note: In order to hide this table in the UI and the text report file, please set the "Show Parameter Settings in Synthesis Report" option in "Analysis and Synthesis Settings -> More Settings" to "Off".


+---------------------------------------------------------------------------------------------------------------------------------+
; Parameter Settings for User Entity Instance: adc:u0|adc_modular_adc_0:modular_adc_0|altera_modular_adc_control:control_internal ;
+---------------------------------+-------+---------------------------------------------------------------------------------------+
; Parameter Name                  ; Value ; Type                                                                                  ;
+---------------------------------+-------+---------------------------------------------------------------------------------------+
; clkdiv                          ; 2     ; Signed Integer                                                                        ;
; tsclkdiv                        ; 1     ; Signed Integer                                                                        ;
; tsclksel                        ; 1     ; Signed Integer                                                                        ;
; prescalar                       ; 0     ; Signed Integer                                                                        ;
; refsel                          ; 0     ; Signed Integer                                                                        ;
; device_partname_fivechar_prefix ; 10M08 ; String                                                                                ;
; is_this_first_or_second_adc     ; 1     ; Signed Integer                                                                        ;
; analog_input_pin_mask           ; 1     ; Signed Integer                                                                        ;
; hard_pwd                        ; 0     ; Signed Integer                                                                        ;
; dual_adc_mode                   ; 0     ; Signed Integer                                                                        ;
; enable_usr_sim                  ; 0     ; Signed Integer                                                                        ;
; reference_voltage_sim           ; 49648 ; Signed Integer                                                                        ;
; simfilename_ch0                 ;       ; String                                                                                ;
; simfilename_ch1                 ;       ; String                                                                                ;
; simfilename_ch2                 ;       ; String                                                                                ;
; simfilename_ch3                 ;       ; String                                                                                ;
; simfilename_ch4                 ;       ; String                                                                                ;
; simfilename_ch5                 ;       ; String                                                                                ;
; simfilename_ch6                 ;       ; String                                                                                ;
; simfilename_ch7                 ;       ; String                                                                                ;
; simfilename_ch8                 ;       ; String                                                                                ;
; simfilename_ch9                 ;       ; String                                                                                ;
; simfilename_ch10                ;       ; String                                                                                ;
; simfilename_ch11                ;       ; String                                                                                ;
; simfilename_ch12                ;       ; String                                                                                ;
; simfilename_ch13                ;       ; String                                                                                ;
; simfilename_ch14                ;       ; String                                                                                ;
; simfilename_ch15                ;       ; String                                                                                ;
; simfilename_ch16                ;       ; String                                                                                ;
+---------------------------------+-------+---------------------------------------------------------------------------------------+
Note: In order to hide this table in the UI and the text report file, please set the "Show Parameter Settings in Synthesis Report" option in "Analysis and Synthesis Settings -> More Settings" to "Off".


+------------------------------------------------------------------------------------------------------------------------------------------------------------------------------+
; Parameter Settings for User Entity Instance: adc:u0|adc_modular_adc_0:modular_adc_0|altera_modular_adc_control:control_internal|altera_modular_adc_control_fsm:u_control_fsm ;
+-----------------------------+-------+----------------------------------------------------------------------------------------------------------------------------------------+
; Parameter Name              ; Value ; Type                                                                                                                                   ;
+-----------------------------+-------+----------------------------------------------------------------------------------------------------------------------------------------+
; is_this_first_or_second_adc ; 1     ; Signed Integer                                                                                                                         ;
; dual_adc_mode               ; 0     ; Signed Integer                                                                                                                         ;
+-----------------------------+-------+----------------------------------------------------------------------------------------------------------------------------------------+
Note: In order to hide this table in the UI and the text report file, please set the "Show Parameter Settings in Synthesis Report" option in "Analysis and Synthesis Settings -> More Settings" to "Off".


+-----------------------------------------------------------------------------------------------------------------------------------------------------------------------------------------------------------------------------+
; Parameter Settings for User Entity Instance: adc:u0|adc_modular_adc_0:modular_adc_0|altera_modular_adc_control:control_internal|altera_modular_adc_control_fsm:u_control_fsm|altera_std_synchronizer:u_clk_dft_synchronizer ;
+----------------+-------+----------------------------------------------------------------------------------------------------------------------------------------------------------------------------------------------------+
; Parameter Name ; Value ; Type                                                                                                                                                                                               ;
+----------------+-------+----------------------------------------------------------------------------------------------------------------------------------------------------------------------------------------------------+
; depth          ; 2     ; Signed Integer                                                                                                                                                                                     ;
+----------------+-------+----------------------------------------------------------------------------------------------------------------------------------------------------------------------------------------------------+
Note: In order to hide this table in the UI and the text report file, please set the "Show Parameter Settings in Synthesis Report" option in "Analysis and Synthesis Settings -> More Settings" to "Off".


+-------------------------------------------------------------------------------------------------------------------------------------------------------------------------------------------------------------------------+
; Parameter Settings for User Entity Instance: adc:u0|adc_modular_adc_0:modular_adc_0|altera_modular_adc_control:control_internal|altera_modular_adc_control_fsm:u_control_fsm|altera_std_synchronizer:u_eoc_synchronizer ;
+----------------+-------+------------------------------------------------------------------------------------------------------------------------------------------------------------------------------------------------+
; Parameter Name ; Value ; Type                                                                                                                                                                                           ;
+----------------+-------+------------------------------------------------------------------------------------------------------------------------------------------------------------------------------------------------+
; depth          ; 2     ; Signed Integer                                                                                                                                                                                 ;
+----------------+-------+------------------------------------------------------------------------------------------------------------------------------------------------------------------------------------------------+
Note: In order to hide this table in the UI and the text report file, please set the "Show Parameter Settings in Synthesis Report" option in "Analysis and Synthesis Settings -> More Settings" to "Off".


+--------------------------------------------------------------------------------------------------------------------------------------------------------------------------------------------------------------------------------------------------------+
; Parameter Settings for User Entity Instance: adc:u0|adc_modular_adc_0:modular_adc_0|altera_modular_adc_control:control_internal|altera_modular_adc_control_fsm:u_control_fsm|altera_modular_adc_control_avrg_fifo:ts_avrg_fifo|scfifo:scfifo_component ;
+-------------------------+-------------+----------------------------------------------------------------------------------------------------------------------------------------------------------------------------------------------------------------+
; Parameter Name          ; Value       ; Type                                                                                                                                                                                                           ;
+-------------------------+-------------+----------------------------------------------------------------------------------------------------------------------------------------------------------------------------------------------------------------+
; AUTO_CARRY_CHAINS       ; ON          ; AUTO_CARRY                                                                                                                                                                                                     ;
; IGNORE_CARRY_BUFFERS    ; OFF         ; IGNORE_CARRY                                                                                                                                                                                                   ;
; AUTO_CASCADE_CHAINS     ; ON          ; AUTO_CASCADE                                                                                                                                                                                                   ;
; IGNORE_CASCADE_BUFFERS  ; OFF         ; IGNORE_CASCADE                                                                                                                                                                                                 ;
; lpm_width               ; 12          ; Signed Integer                                                                                                                                                                                                 ;
; LPM_NUMWORDS            ; 64          ; Signed Integer                                                                                                                                                                                                 ;
; LPM_WIDTHU              ; 6           ; Signed Integer                                                                                                                                                                                                 ;
; LPM_SHOWAHEAD           ; OFF         ; Untyped                                                                                                                                                                                                        ;
; UNDERFLOW_CHECKING      ; ON          ; Untyped                                                                                                                                                                                                        ;
; OVERFLOW_CHECKING       ; ON          ; Untyped                                                                                                                                                                                                        ;
; ALLOW_RWCYCLE_WHEN_FULL ; OFF         ; Untyped                                                                                                                                                                                                        ;
; ADD_RAM_OUTPUT_REGISTER ; OFF         ; Untyped                                                                                                                                                                                                        ;
; ALMOST_FULL_VALUE       ; 0           ; Untyped                                                                                                                                                                                                        ;
; ALMOST_EMPTY_VALUE      ; 0           ; Untyped                                                                                                                                                                                                        ;
; ENABLE_ECC              ; FALSE       ; Untyped                                                                                                                                                                                                        ;
; USE_EAB                 ; ON          ; Untyped                                                                                                                                                                                                        ;
; MAXIMIZE_SPEED          ; 5           ; Untyped                                                                                                                                                                                                        ;
; DEVICE_FAMILY           ; MAX 10      ; Untyped                                                                                                                                                                                                        ;
; OPTIMIZE_FOR_SPEED      ; 5           ; Untyped                                                                                                                                                                                                        ;
; CBXI_PARAMETER          ; scfifo_do61 ; Untyped                                                                                                                                                                                                        ;
+-------------------------+-------------+----------------------------------------------------------------------------------------------------------------------------------------------------------------------------------------------------------------+
Note: In order to hide this table in the UI and the text report file, please set the "Show Parameter Settings in Synthesis Report" option in "Analysis and Synthesis Settings -> More Settings" to "Off".


+---------------------------------------------------------------------------------------------------------------------------------------------------------------------------+
; Parameter Settings for User Entity Instance: adc:u0|adc_modular_adc_0:modular_adc_0|altera_modular_adc_control:control_internal|fiftyfivenm_adcblock_top_wrapper:adc_inst ;
+---------------------------------+-------+---------------------------------------------------------------------------------------------------------------------------------+
; Parameter Name                  ; Value ; Type                                                                                                                            ;
+---------------------------------+-------+---------------------------------------------------------------------------------------------------------------------------------+
; clkdiv                          ; 2     ; Signed Integer                                                                                                                  ;
; tsclkdiv                        ; 1     ; Signed Integer                                                                                                                  ;
; tsclksel                        ; 1     ; Signed Integer                                                                                                                  ;
; prescalar                       ; 0     ; Signed Integer                                                                                                                  ;
; refsel                          ; 0     ; Signed Integer                                                                                                                  ;
; device_partname_fivechar_prefix ; 10M08 ; String                                                                                                                          ;
; is_this_first_or_second_adc     ; 1     ; Signed Integer                                                                                                                  ;
; analog_input_pin_mask           ; 1     ; Signed Integer                                                                                                                  ;
; hard_pwd                        ; 0     ; Signed Integer                                                                                                                  ;
; enable_usr_sim                  ; 0     ; Signed Integer                                                                                                                  ;
; reference_voltage_sim           ; 49648 ; Signed Integer                                                                                                                  ;
; simfilename_ch0                 ;       ; String                                                                                                                          ;
; simfilename_ch1                 ;       ; String                                                                                                                          ;
; simfilename_ch2                 ;       ; String                                                                                                                          ;
; simfilename_ch3                 ;       ; String                                                                                                                          ;
; simfilename_ch4                 ;       ; String                                                                                                                          ;
; simfilename_ch5                 ;       ; String                                                                                                                          ;
; simfilename_ch6                 ;       ; String                                                                                                                          ;
; simfilename_ch7                 ;       ; String                                                                                                                          ;
; simfilename_ch8                 ;       ; String                                                                                                                          ;
; simfilename_ch9                 ;       ; String                                                                                                                          ;
; simfilename_ch10                ;       ; String                                                                                                                          ;
; simfilename_ch11                ;       ; String                                                                                                                          ;
; simfilename_ch12                ;       ; String                                                                                                                          ;
; simfilename_ch13                ;       ; String                                                                                                                          ;
; simfilename_ch14                ;       ; String                                                                                                                          ;
; simfilename_ch15                ;       ; String                                                                                                                          ;
; simfilename_ch16                ;       ; String                                                                                                                          ;
+---------------------------------+-------+---------------------------------------------------------------------------------------------------------------------------------+
Note: In order to hide this table in the UI and the text report file, please set the "Show Parameter Settings in Synthesis Report" option in "Analysis and Synthesis Settings -> More Settings" to "Off".


+-----------------------------------------------------------------------------------------------------------------------------------------------------------------------------------------------------------------+
; Parameter Settings for User Entity Instance: adc:u0|adc_modular_adc_0:modular_adc_0|altera_modular_adc_control:control_internal|fiftyfivenm_adcblock_top_wrapper:adc_inst|chsel_code_converter_sw_to_hw:decoder ;
+---------------------------------+-------+-----------------------------------------------------------------------------------------------------------------------------------------------------------------------+
; Parameter Name                  ; Value ; Type                                                                                                                                                                  ;
+---------------------------------+-------+-----------------------------------------------------------------------------------------------------------------------------------------------------------------------+
; device_partname_fivechar_prefix ; 10M08 ; String                                                                                                                                                                ;
; is_this_first_or_second_adc     ; 1     ; Signed Integer                                                                                                                                                        ;
+---------------------------------+-------+-----------------------------------------------------------------------------------------------------------------------------------------------------------------------+
Note: In order to hide this table in the UI and the text report file, please set the "Show Parameter Settings in Synthesis Report" option in "Analysis and Synthesis Settings -> More Settings" to "Off".


+------------------------------------------------------------------------------------------------------------------------------------------------------------------------------------------------------------------------------------+
; Parameter Settings for User Entity Instance: adc:u0|adc_modular_adc_0:modular_adc_0|altera_modular_adc_control:control_internal|fiftyfivenm_adcblock_top_wrapper:adc_inst|fiftyfivenm_adcblock_primitive_wrapper:adcblock_instance ;
+---------------------------------+-------+------------------------------------------------------------------------------------------------------------------------------------------------------------------------------------------+
; Parameter Name                  ; Value ; Type                                                                                                                                                                                     ;
+---------------------------------+-------+------------------------------------------------------------------------------------------------------------------------------------------------------------------------------------------+
; clkdiv                          ; 2     ; Signed Integer                                                                                                                                                                           ;
; tsclkdiv                        ; 1     ; Signed Integer                                                                                                                                                                           ;
; tsclksel                        ; 1     ; Signed Integer                                                                                                                                                                           ;
; prescalar                       ; 0     ; Signed Integer                                                                                                                                                                           ;
; refsel                          ; 0     ; Signed Integer                                                                                                                                                                           ;
; device_partname_fivechar_prefix ; 10M08 ; String                                                                                                                                                                                   ;
; is_this_first_or_second_adc     ; 1     ; Signed Integer                                                                                                                                                                           ;
; analog_input_pin_mask           ; 1     ; Signed Integer                                                                                                                                                                           ;
; hard_pwd                        ; 0     ; Signed Integer                                                                                                                                                                           ;
; enable_usr_sim                  ; 0     ; Signed Integer                                                                                                                                                                           ;
; reference_voltage_sim           ; 49648 ; Signed Integer                                                                                                                                                                           ;
; simfilename_ch0                 ;       ; String                                                                                                                                                                                   ;
; simfilename_ch1                 ;       ; String                                                                                                                                                                                   ;
; simfilename_ch2                 ;       ; String                                                                                                                                                                                   ;
; simfilename_ch3                 ;       ; String                                                                                                                                                                                   ;
; simfilename_ch4                 ;       ; String                                                                                                                                                                                   ;
; simfilename_ch5                 ;       ; String                                                                                                                                                                                   ;
; simfilename_ch6                 ;       ; String                                                                                                                                                                                   ;
; simfilename_ch7                 ;       ; String                                                                                                                                                                                   ;
; simfilename_ch8                 ;       ; String                                                                                                                                                                                   ;
; simfilename_ch9                 ;       ; String                                                                                                                                                                                   ;
; simfilename_ch10                ;       ; String                                                                                                                                                                                   ;
; simfilename_ch11                ;       ; String                                                                                                                                                                                   ;
; simfilename_ch12                ;       ; String                                                                                                                                                                                   ;
; simfilename_ch13                ;       ; String                                                                                                                                                                                   ;
; simfilename_ch14                ;       ; String                                                                                                                                                                                   ;
; simfilename_ch15                ;       ; String                                                                                                                                                                                   ;
; simfilename_ch16                ;       ; String                                                                                                                                                                                   ;
+---------------------------------+-------+------------------------------------------------------------------------------------------------------------------------------------------------------------------------------------------+
Note: In order to hide this table in the UI and the text report file, please set the "Show Parameter Settings in Synthesis Report" option in "Analysis and Synthesis Settings -> More Settings" to "Off".


+--------------------------------------------------------------------------------------------+
; Parameter Settings for User Entity Instance: adc:u0|altera_reset_controller:rst_controller ;
+---------------------------+----------+-----------------------------------------------------+
; Parameter Name            ; Value    ; Type                                                ;
+---------------------------+----------+-----------------------------------------------------+
; NUM_RESET_INPUTS          ; 1        ; Signed Integer                                      ;
; USE_RESET_REQUEST_IN0     ; 0        ; Signed Integer                                      ;
; USE_RESET_REQUEST_IN1     ; 0        ; Signed Integer                                      ;
; USE_RESET_REQUEST_IN2     ; 0        ; Signed Integer                                      ;
; USE_RESET_REQUEST_IN3     ; 0        ; Signed Integer                                      ;
; USE_RESET_REQUEST_IN4     ; 0        ; Signed Integer                                      ;
; USE_RESET_REQUEST_IN5     ; 0        ; Signed Integer                                      ;
; USE_RESET_REQUEST_IN6     ; 0        ; Signed Integer                                      ;
; USE_RESET_REQUEST_IN7     ; 0        ; Signed Integer                                      ;
; USE_RESET_REQUEST_IN8     ; 0        ; Signed Integer                                      ;
; USE_RESET_REQUEST_IN9     ; 0        ; Signed Integer                                      ;
; USE_RESET_REQUEST_IN10    ; 0        ; Signed Integer                                      ;
; USE_RESET_REQUEST_IN11    ; 0        ; Signed Integer                                      ;
; USE_RESET_REQUEST_IN12    ; 0        ; Signed Integer                                      ;
; USE_RESET_REQUEST_IN13    ; 0        ; Signed Integer                                      ;
; USE_RESET_REQUEST_IN14    ; 0        ; Signed Integer                                      ;
; USE_RESET_REQUEST_IN15    ; 0        ; Signed Integer                                      ;
; OUTPUT_RESET_SYNC_EDGES   ; deassert ; String                                              ;
; SYNC_DEPTH                ; 2        ; Signed Integer                                      ;
; RESET_REQUEST_PRESENT     ; 0        ; Signed Integer                                      ;
; RESET_REQ_WAIT_TIME       ; 1        ; Signed Integer                                      ;
; MIN_RST_ASSERTION_TIME    ; 3        ; Signed Integer                                      ;
; RESET_REQ_EARLY_DSRT_TIME ; 1        ; Signed Integer                                      ;
; ADAPT_RESET_REQUEST       ; 0        ; Signed Integer                                      ;
+---------------------------+----------+-----------------------------------------------------+
Note: In order to hide this table in the UI and the text report file, please set the "Show Parameter Settings in Synthesis Report" option in "Analysis and Synthesis Settings -> More Settings" to "Off".


+---------------------------------------------------------------------------------------------------------------------------------------+
; Parameter Settings for User Entity Instance: adc:u0|altera_reset_controller:rst_controller|altera_reset_synchronizer:alt_rst_sync_uq1 ;
+----------------+-------+--------------------------------------------------------------------------------------------------------------+
; Parameter Name ; Value ; Type                                                                                                         ;
+----------------+-------+--------------------------------------------------------------------------------------------------------------+
; ASYNC_RESET    ; 1     ; Unsigned Binary                                                                                              ;
; DEPTH          ; 2     ; Signed Integer                                                                                               ;
+----------------+-------+--------------------------------------------------------------------------------------------------------------+
Note: In order to hide this table in the UI and the text report file, please set the "Show Parameter Settings in Synthesis Report" option in "Analysis and Synthesis Settings -> More Settings" to "Off".


+-------------------------------------------------------------------------------------------------------------------------------------------+
; Parameter Settings for User Entity Instance: adc:u0|altera_reset_controller:rst_controller|altera_reset_synchronizer:alt_rst_req_sync_uq1 ;
+----------------+-------+------------------------------------------------------------------------------------------------------------------+
; Parameter Name ; Value ; Type                                                                                                             ;
+----------------+-------+------------------------------------------------------------------------------------------------------------------+
; ASYNC_RESET    ; 0     ; Signed Integer                                                                                                   ;
; DEPTH          ; 2     ; Signed Integer                                                                                                   ;
+----------------+-------+------------------------------------------------------------------------------------------------------------------+
Note: In order to hide this table in the UI and the text report file, please set the "Show Parameter Settings in Synthesis Report" option in "Analysis and Synthesis Settings -> More Settings" to "Off".


+---------------------------------------------------------------------------------------------------------------------------------------------+
; altsyncram Parameter Settings by Entity Instance                                                                                            ;
+-------------------------------------------+-------------------------------------------------------------------------------------------------+
; Name                                      ; Value                                                                                           ;
+-------------------------------------------+-------------------------------------------------------------------------------------------------+
; Number of entity instances                ; 6                                                                                               ;
; Entity Instance                           ; m08_cnn1d:cnn1d|conv1d_layer:conv1d_layer|sp_ram:conv1d_weights|altsyncram:altsyncram_component ;
;     -- OPERATION_MODE                     ; SINGLE_PORT                                                                                     ;
;     -- WIDTH_A                            ; 120                                                                                             ;
;     -- NUMWORDS_A                         ; 2                                                                                               ;
;     -- OUTDATA_REG_A                      ; CLOCK0                                                                                          ;
;     -- WIDTH_B                            ; 1                                                                                               ;
;     -- NUMWORDS_B                         ; 1                                                                                               ;
;     -- ADDRESS_REG_B                      ; CLOCK1                                                                                          ;
;     -- OUTDATA_REG_B                      ; UNREGISTERED                                                                                    ;
;     -- RAM_BLOCK_TYPE                     ; AUTO                                                                                            ;
;     -- READ_DURING_WRITE_MODE_MIXED_PORTS ; DONT_CARE                                                                                       ;
; Entity Instance                           ; m08_cnn1d:cnn1d|conv1d_layer:conv1d_layer|sp_ram:conv1d_biases|altsyncram:altsyncram_component  ;
;     -- OPERATION_MODE                     ; SINGLE_PORT                                                                                     ;
;     -- WIDTH_A                            ; 24                                                                                              ;
;     -- NUMWORDS_A                         ; 2                                                                                               ;
;     -- OUTDATA_REG_A                      ; CLOCK0                                                                                          ;
;     -- WIDTH_B                            ; 1                                                                                               ;
;     -- NUMWORDS_B                         ; 1                                                                                               ;
;     -- ADDRESS_REG_B                      ; CLOCK1                                                                                          ;
;     -- OUTDATA_REG_B                      ; UNREGISTERED                                                                                    ;
;     -- RAM_BLOCK_TYPE                     ; AUTO                                                                                            ;
;     -- READ_DURING_WRITE_MODE_MIXED_PORTS ; DONT_CARE                                                                                       ;
; Entity Instance                           ; m08_cnn1d:cnn1d|nrn_layer:fc_1|sp_ram_clken:in_buf|altsyncram:altsyncram_component              ;
;     -- OPERATION_MODE                     ; SINGLE_PORT                                                                                     ;
;     -- WIDTH_A                            ; 24                                                                                              ;
;     -- NUMWORDS_A                         ; 8                                                                                               ;
;     -- OUTDATA_REG_A                      ; CLOCK0                                                                                          ;
;     -- WIDTH_B                            ; 1                                                                                               ;
;     -- NUMWORDS_B                         ; 1                                                                                               ;
;     -- ADDRESS_REG_B                      ; CLOCK1                                                                                          ;
;     -- OUTDATA_REG_B                      ; UNREGISTERED                                                                                    ;
;     -- RAM_BLOCK_TYPE                     ; AUTO                                                                                            ;
;     -- READ_DURING_WRITE_MODE_MIXED_PORTS ; DONT_CARE                                                                                       ;
; Entity Instance                           ; m08_cnn1d:cnn1d|nrn_layer:fc_1|sp_ram_clken:nrn_ram|altsyncram:altsyncram_component             ;
;     -- OPERATION_MODE                     ; SINGLE_PORT                                                                                     ;
;     -- WIDTH_A                            ; 24                                                                                              ;
;     -- NUMWORDS_A                         ; 72                                                                                              ;
;     -- OUTDATA_REG_A                      ; CLOCK0                                                                                          ;
;     -- WIDTH_B                            ; 1                                                                                               ;
;     -- NUMWORDS_B                         ; 1                                                                                               ;
;     -- ADDRESS_REG_B                      ; CLOCK1                                                                                          ;
;     -- OUTDATA_REG_B                      ; UNREGISTERED                                                                                    ;
;     -- RAM_BLOCK_TYPE                     ; AUTO                                                                                            ;
;     -- READ_DURING_WRITE_MODE_MIXED_PORTS ; DONT_CARE                                                                                       ;
; Entity Instance                           ; m08_cnn1d:cnn1d|nrn_layer:fc_2|sp_ram_clken:in_buf|altsyncram:altsyncram_component              ;
;     -- OPERATION_MODE                     ; SINGLE_PORT                                                                                     ;
;     -- WIDTH_A                            ; 24                                                                                              ;
;     -- NUMWORDS_A                         ; 8                                                                                               ;
;     -- OUTDATA_REG_A                      ; CLOCK0                                                                                          ;
;     -- WIDTH_B                            ; 1                                                                                               ;
;     -- NUMWORDS_B                         ; 1                                                                                               ;
;     -- ADDRESS_REG_B                      ; CLOCK1                                                                                          ;
;     -- OUTDATA_REG_B                      ; UNREGISTERED                                                                                    ;
;     -- RAM_BLOCK_TYPE                     ; AUTO                                                                                            ;
;     -- READ_DURING_WRITE_MODE_MIXED_PORTS ; DONT_CARE                                                                                       ;
; Entity Instance                           ; m08_cnn1d:cnn1d|nrn_layer:fc_2|sp_ram_clken:nrn_ram|altsyncram:altsyncram_component             ;
;     -- OPERATION_MODE                     ; SINGLE_PORT                                                                                     ;
;     -- WIDTH_A                            ; 24                                                                                              ;
;     -- NUMWORDS_A                         ; 18                                                                                              ;
;     -- OUTDATA_REG_A                      ; CLOCK0                                                                                          ;
;     -- WIDTH_B                            ; 1                                                                                               ;
;     -- NUMWORDS_B                         ; 1                                                                                               ;
;     -- ADDRESS_REG_B                      ; CLOCK1                                                                                          ;
;     -- OUTDATA_REG_B                      ; UNREGISTERED                                                                                    ;
;     -- RAM_BLOCK_TYPE                     ; AUTO                                                                                            ;
;     -- READ_DURING_WRITE_MODE_MIXED_PORTS ; DONT_CARE                                                                                       ;
+-------------------------------------------+-------------------------------------------------------------------------------------------------+


+-------------------------------------------------------------------------------------------------------------------------------------------------------------------------------------------+
; lpm_mult Parameter Settings by Entity Instance                                                                                                                                            ;
+---------------------------------------+---------------------------------------------------------------------------------------------------------------------------------------------------+
; Name                                  ; Value                                                                                                                                             ;
+---------------------------------------+---------------------------------------------------------------------------------------------------------------------------------------------------+
; Number of entity instances            ; 4                                                                                                                                                 ;
; Entity Instance                       ; m08_cnn1d:cnn1d|conv1d_layer:conv1d_layer|conv1d:CONVOLUTION_1D[0].conv1d|mult_reduce:multiply_reduce|mult:multiplier|lpm_mult:lpm_mult_component ;
;     -- LPM_WIDTHA                     ; 24                                                                                                                                                ;
;     -- LPM_WIDTHB                     ; 24                                                                                                                                                ;
;     -- LPM_WIDTHP                     ; 48                                                                                                                                                ;
;     -- LPM_REPRESENTATION             ; SIGNED                                                                                                                                            ;
;     -- INPUT_A_IS_CONSTANT            ; NO                                                                                                                                                ;
;     -- INPUT_B_IS_CONSTANT            ; NO                                                                                                                                                ;
;     -- USE_EAB                        ; OFF                                                                                                                                               ;
;     -- DEDICATED_MULTIPLIER_CIRCUITRY ; YES                                                                                                                                               ;
;     -- INPUT_A_FIXED_VALUE            ; Bx                                                                                                                                                ;
;     -- INPUT_B_FIXED_VALUE            ; Bx                                                                                                                                                ;
; Entity Instance                       ; m08_cnn1d:cnn1d|conv1d_layer:conv1d_layer|conv1d:CONVOLUTION_1D[1].conv1d|mult_reduce:multiply_reduce|mult:multiplier|lpm_mult:lpm_mult_component ;
;     -- LPM_WIDTHA                     ; 24                                                                                                                                                ;
;     -- LPM_WIDTHB                     ; 24                                                                                                                                                ;
;     -- LPM_WIDTHP                     ; 48                                                                                                                                                ;
;     -- LPM_REPRESENTATION             ; SIGNED                                                                                                                                            ;
;     -- INPUT_A_IS_CONSTANT            ; NO                                                                                                                                                ;
;     -- INPUT_B_IS_CONSTANT            ; NO                                                                                                                                                ;
;     -- USE_EAB                        ; OFF                                                                                                                                               ;
;     -- DEDICATED_MULTIPLIER_CIRCUITRY ; YES                                                                                                                                               ;
;     -- INPUT_A_FIXED_VALUE            ; Bx                                                                                                                                                ;
;     -- INPUT_B_FIXED_VALUE            ; Bx                                                                                                                                                ;
; Entity Instance                       ; m08_cnn1d:cnn1d|nrn_layer:fc_1|mult_reduce:mult_reduce|mult:multiplier|lpm_mult:lpm_mult_component                                                ;
;     -- LPM_WIDTHA                     ; 24                                                                                                                                                ;
;     -- LPM_WIDTHB                     ; 24                                                                                                                                                ;
;     -- LPM_WIDTHP                     ; 48                                                                                                                                                ;
;     -- LPM_REPRESENTATION             ; SIGNED                                                                                                                                            ;
;     -- INPUT_A_IS_CONSTANT            ; NO                                                                                                                                                ;
;     -- INPUT_B_IS_CONSTANT            ; NO                                                                                                                                                ;
;     -- USE_EAB                        ; OFF                                                                                                                                               ;
;     -- DEDICATED_MULTIPLIER_CIRCUITRY ; YES                                                                                                                                               ;
;     -- INPUT_A_FIXED_VALUE            ; Bx                                                                                                                                                ;
;     -- INPUT_B_FIXED_VALUE            ; Bx                                                                                                                                                ;
; Entity Instance                       ; m08_cnn1d:cnn1d|nrn_layer:fc_2|mult_reduce:mult_reduce|mult:multiplier|lpm_mult:lpm_mult_component                                                ;
;     -- LPM_WIDTHA                     ; 24                                                                                                                                                ;
;     -- LPM_WIDTHB                     ; 24                                                                                                                                                ;
;     -- LPM_WIDTHP                     ; 48                                                                                                                                                ;
;     -- LPM_REPRESENTATION             ; SIGNED                                                                                                                                            ;
;     -- INPUT_A_IS_CONSTANT            ; NO                                                                                                                                                ;
;     -- INPUT_B_IS_CONSTANT            ; NO                                                                                                                                                ;
;     -- USE_EAB                        ; OFF                                                                                                                                               ;
;     -- DEDICATED_MULTIPLIER_CIRCUITRY ; YES                                                                                                                                               ;
;     -- INPUT_A_FIXED_VALUE            ; Bx                                                                                                                                                ;
;     -- INPUT_B_FIXED_VALUE            ; Bx                                                                                                                                                ;
+---------------------------------------+---------------------------------------------------------------------------------------------------------------------------------------------------+


+----------------------------------------------------------------------------------------------------------------------------------------------------------------------------------------------------------------------------------------+
; scfifo Parameter Settings by Entity Instance                                                                                                                                                                                           ;
+----------------------------+-----------------------------------------------------------------------------------------------------------------------------------------------------------------------------------------------------------+
; Name                       ; Value                                                                                                                                                                                                     ;
+----------------------------+-----------------------------------------------------------------------------------------------------------------------------------------------------------------------------------------------------------+
; Number of entity instances ; 1                                                                                                                                                                                                         ;
; Entity Instance            ; adc:u0|adc_modular_adc_0:modular_adc_0|altera_modular_adc_control:control_internal|altera_modular_adc_control_fsm:u_control_fsm|altera_modular_adc_control_avrg_fifo:ts_avrg_fifo|scfifo:scfifo_component ;
;     -- FIFO Type           ; Single Clock                                                                                                                                                                                              ;
;     -- lpm_width           ; 12                                                                                                                                                                                                        ;
;     -- LPM_NUMWORDS        ; 64                                                                                                                                                                                                        ;
;     -- LPM_SHOWAHEAD       ; OFF                                                                                                                                                                                                       ;
;     -- USE_EAB             ; ON                                                                                                                                                                                                        ;
+----------------------------+-----------------------------------------------------------------------------------------------------------------------------------------------------------------------------------------------------------+


+--------------------------------------------------------------------------------------------------------------------------+
; Port Connectivity Checks: "adc:u0|altera_reset_controller:rst_controller|altera_reset_synchronizer:alt_rst_req_sync_uq1" ;
+----------+-------+----------+--------------------------------------------------------------------------------------------+
; Port     ; Type  ; Severity ; Details                                                                                    ;
+----------+-------+----------+--------------------------------------------------------------------------------------------+
; reset_in ; Input ; Info     ; Stuck at GND                                                                               ;
+----------+-------+----------+--------------------------------------------------------------------------------------------+


+---------------------------------------------------------------------------+
; Port Connectivity Checks: "adc:u0|altera_reset_controller:rst_controller" ;
+----------------+--------+----------+--------------------------------------+
; Port           ; Type   ; Severity ; Details                              ;
+----------------+--------+----------+--------------------------------------+
; reset_req      ; Output ; Info     ; Explicitly unconnected               ;
; reset_req_in0  ; Input  ; Info     ; Stuck at GND                         ;
; reset_in1      ; Input  ; Info     ; Stuck at GND                         ;
; reset_req_in1  ; Input  ; Info     ; Stuck at GND                         ;
; reset_in2      ; Input  ; Info     ; Stuck at GND                         ;
; reset_req_in2  ; Input  ; Info     ; Stuck at GND                         ;
; reset_in3      ; Input  ; Info     ; Stuck at GND                         ;
; reset_req_in3  ; Input  ; Info     ; Stuck at GND                         ;
; reset_in4      ; Input  ; Info     ; Stuck at GND                         ;
; reset_req_in4  ; Input  ; Info     ; Stuck at GND                         ;
; reset_in5      ; Input  ; Info     ; Stuck at GND                         ;
; reset_req_in5  ; Input  ; Info     ; Stuck at GND                         ;
; reset_in6      ; Input  ; Info     ; Stuck at GND                         ;
; reset_req_in6  ; Input  ; Info     ; Stuck at GND                         ;
; reset_in7      ; Input  ; Info     ; Stuck at GND                         ;
; reset_req_in7  ; Input  ; Info     ; Stuck at GND                         ;
; reset_in8      ; Input  ; Info     ; Stuck at GND                         ;
; reset_req_in8  ; Input  ; Info     ; Stuck at GND                         ;
; reset_in9      ; Input  ; Info     ; Stuck at GND                         ;
; reset_req_in9  ; Input  ; Info     ; Stuck at GND                         ;
; reset_in10     ; Input  ; Info     ; Stuck at GND                         ;
; reset_req_in10 ; Input  ; Info     ; Stuck at GND                         ;
; reset_in11     ; Input  ; Info     ; Stuck at GND                         ;
; reset_req_in11 ; Input  ; Info     ; Stuck at GND                         ;
; reset_in12     ; Input  ; Info     ; Stuck at GND                         ;
; reset_req_in12 ; Input  ; Info     ; Stuck at GND                         ;
; reset_in13     ; Input  ; Info     ; Stuck at GND                         ;
; reset_req_in13 ; Input  ; Info     ; Stuck at GND                         ;
; reset_in14     ; Input  ; Info     ; Stuck at GND                         ;
; reset_req_in14 ; Input  ; Info     ; Stuck at GND                         ;
; reset_in15     ; Input  ; Info     ; Stuck at GND                         ;
; reset_req_in15 ; Input  ; Info     ; Stuck at GND                         ;
+----------------+--------+----------+--------------------------------------+


+---------------------------------------------------------------------------------------------------------------------------------------------------------------------------------------------------------------+
; Port Connectivity Checks: "adc:u0|adc_modular_adc_0:modular_adc_0|altera_modular_adc_control:control_internal|altera_modular_adc_control_fsm:u_control_fsm|altera_modular_adc_control_avrg_fifo:ts_avrg_fifo" ;
+-------+--------+----------+-----------------------------------------------------------------------------------------------------------------------------------------------------------------------------------+
; Port  ; Type   ; Severity ; Details                                                                                                                                                                           ;
+-------+--------+----------+-----------------------------------------------------------------------------------------------------------------------------------------------------------------------------------+
; empty ; Output ; Info     ; Explicitly unconnected                                                                                                                                                            ;
; full  ; Output ; Info     ; Explicitly unconnected                                                                                                                                                            ;
+-------+--------+----------+-----------------------------------------------------------------------------------------------------------------------------------------------------------------------------------+


+----------------------------------------------------------------------------------------------------------------+
; Port Connectivity Checks: "adc:u0|adc_modular_adc_0:modular_adc_0|altera_modular_adc_control:control_internal" ;
+------------+--------+----------+-------------------------------------------------------------------------------+
; Port       ; Type   ; Severity ; Details                                                                       ;
+------------+--------+----------+-------------------------------------------------------------------------------+
; sync_valid ; Output ; Info     ; Explicitly unconnected                                                        ;
; sync_ready ; Input  ; Info     ; Stuck at GND                                                                  ;
+------------+--------+----------+-------------------------------------------------------------------------------+


+---------------------------------------------------------------------------------------+
; Port Connectivity Checks: "adc:u0|adc_altpll_0:altpll_0|adc_altpll_0_altpll_6b92:sd1" ;
+----------+-------+----------+---------------------------------------------------------+
; Port     ; Type  ; Severity ; Details                                                 ;
+----------+-------+----------+---------------------------------------------------------+
; inclk[1] ; Input ; Info     ; Stuck at GND                                            ;
+----------+-------+----------+---------------------------------------------------------+


+-----------------------------------------------------------------+
; Port Connectivity Checks: "adc:u0|adc_altpll_0:altpll_0"        ;
+--------------------+--------+----------+------------------------+
; Port               ; Type   ; Severity ; Details                ;
+--------------------+--------+----------+------------------------+
; scandone           ; Output ; Info     ; Explicitly unconnected ;
; scandataout        ; Output ; Info     ; Explicitly unconnected ;
; c2                 ; Output ; Info     ; Explicitly unconnected ;
; c3                 ; Output ; Info     ; Explicitly unconnected ;
; c4                 ; Output ; Info     ; Explicitly unconnected ;
; areset             ; Input  ; Info     ; Stuck at GND           ;
; phasedone          ; Output ; Info     ; Explicitly unconnected ;
; phasecounterselect ; Input  ; Info     ; Stuck at GND           ;
; phaseupdown        ; Input  ; Info     ; Stuck at GND           ;
; phasestep          ; Input  ; Info     ; Stuck at GND           ;
; scanclk            ; Input  ; Info     ; Stuck at GND           ;
; scanclkena         ; Input  ; Info     ; Stuck at GND           ;
; scandata           ; Input  ; Info     ; Stuck at GND           ;
; configupdate       ; Input  ; Info     ; Stuck at GND           ;
+--------------------+--------+----------+------------------------+


+---------------------------------------------------------------------------+
; Port Connectivity Checks: "adc:u0"                                        ;
+------------------------------+--------+----------+------------------------+
; Port                         ; Type   ; Severity ; Details                ;
+------------------------------+--------+----------+------------------------+
; altpll_0_pll_slave_read      ; Input  ; Info     ; Explicitly unconnected ;
; altpll_0_pll_slave_write     ; Input  ; Info     ; Explicitly unconnected ;
; altpll_0_pll_slave_address   ; Input  ; Info     ; Explicitly unconnected ;
; altpll_0_pll_slave_readdata  ; Output ; Info     ; Explicitly unconnected ;
; altpll_0_pll_slave_writedata ; Input  ; Info     ; Explicitly unconnected ;
+------------------------------+--------+----------+------------------------+


+------------------------------------------------------------------------------------------------------------------------------------------+
; Port Connectivity Checks: "m08_cnn1d:cnn1d|nrn_layer:fc_2|mult_reduce:mult_reduce"                                                       ;
+--------------------------------+--------+----------+-------------------------------------------------------------------------------------+
; Port                           ; Type   ; Severity ; Details                                                                             ;
+--------------------------------+--------+----------+-------------------------------------------------------------------------------------+
; mult_reduce_result_out[47..36] ; Output ; Info     ; Connected to dangling logic. Logic that only feeds a dangling port will be removed. ;
; mult_reduce_result_out[11..0]  ; Output ; Info     ; Connected to dangling logic. Logic that only feeds a dangling port will be removed. ;
+--------------------------------+--------+----------+-------------------------------------------------------------------------------------+


+---------------------------------------------------------------------------------+
; Port Connectivity Checks: "m08_cnn1d:cnn1d|nrn_layer:fc_2|sp_ram_clken:nrn_ram" ;
+------+-------+----------+-------------------------------------------------------+
; Port ; Type  ; Severity ; Details                                               ;
+------+-------+----------+-------------------------------------------------------+
; data ; Input ; Info     ; Explicitly unconnected                                ;
; rden ; Input ; Info     ; Stuck at VCC                                          ;
; wren ; Input ; Info     ; Stuck at GND                                          ;
+------+-------+----------+-------------------------------------------------------+


+------------------------------------------------------------------------------------------------------------------------------------------+
; Port Connectivity Checks: "m08_cnn1d:cnn1d|nrn_layer:fc_1|mult_reduce:mult_reduce"                                                       ;
+--------------------------------+--------+----------+-------------------------------------------------------------------------------------+
; Port                           ; Type   ; Severity ; Details                                                                             ;
+--------------------------------+--------+----------+-------------------------------------------------------------------------------------+
; mult_reduce_result_out[47..36] ; Output ; Info     ; Connected to dangling logic. Logic that only feeds a dangling port will be removed. ;
; mult_reduce_result_out[11..0]  ; Output ; Info     ; Connected to dangling logic. Logic that only feeds a dangling port will be removed. ;
+--------------------------------+--------+----------+-------------------------------------------------------------------------------------+


+---------------------------------------------------------------------------------+
; Port Connectivity Checks: "m08_cnn1d:cnn1d|nrn_layer:fc_1|sp_ram_clken:nrn_ram" ;
+------+-------+----------+-------------------------------------------------------+
; Port ; Type  ; Severity ; Details                                               ;
+------+-------+----------+-------------------------------------------------------+
; data ; Input ; Info     ; Explicitly unconnected                                ;
; rden ; Input ; Info     ; Stuck at VCC                                          ;
; wren ; Input ; Info     ; Stuck at GND                                          ;
+------+-------+----------+-------------------------------------------------------+


+-----------------------------------------------------------------------------------------------------------------------------------------+
; Port Connectivity Checks: "m08_cnn1d:cnn1d|gavgpool_layer:gavgpool_layer|gavgpool:GLOBAL_AVERAGE_POOLING[0].gavgpool|accum:accumulator" ;
+----------------------+--------+----------+----------------------------------------------------------------------------------------------+
; Port                 ; Type   ; Severity ; Details                                                                                      ;
+----------------------+--------+----------+----------------------------------------------------------------------------------------------+
; accum_data_out[8..0] ; Output ; Info     ; Connected to dangling logic. Logic that only feeds a dangling port will be removed.          ;
+----------------------+--------+----------+----------------------------------------------------------------------------------------------+


+------------------------------------------------------------------------------------------------------------------------------------------+
; Port Connectivity Checks: "m08_cnn1d:cnn1d|conv1d_layer:conv1d_layer|conv1d:CONVOLUTION_1D[0].conv1d|mult_reduce:multiply_reduce"        ;
+--------------------------------+--------+----------+-------------------------------------------------------------------------------------+
; Port                           ; Type   ; Severity ; Details                                                                             ;
+--------------------------------+--------+----------+-------------------------------------------------------------------------------------+
; mult_reduce_result_out[47..36] ; Output ; Info     ; Connected to dangling logic. Logic that only feeds a dangling port will be removed. ;
; mult_reduce_result_out[11..0]  ; Output ; Info     ; Connected to dangling logic. Logic that only feeds a dangling port will be removed. ;
+--------------------------------+--------+----------+-------------------------------------------------------------------------------------+


+--------------------------------------------------------------------------------------------+
; Port Connectivity Checks: "m08_cnn1d:cnn1d|conv1d_layer:conv1d_layer|sp_ram:conv1d_biases" ;
+------+-------+----------+------------------------------------------------------------------+
; Port ; Type  ; Severity ; Details                                                          ;
+------+-------+----------+------------------------------------------------------------------+
; data ; Input ; Info     ; Explicitly unconnected                                           ;
; rden ; Input ; Info     ; Stuck at VCC                                                     ;
; wren ; Input ; Info     ; Stuck at GND                                                     ;
+------+-------+----------+------------------------------------------------------------------+


+---------------------------------------------------------------------------------------------+
; Port Connectivity Checks: "m08_cnn1d:cnn1d|conv1d_layer:conv1d_layer|sp_ram:conv1d_weights" ;
+------+-------+----------+-------------------------------------------------------------------+
; Port ; Type  ; Severity ; Details                                                           ;
+------+-------+----------+-------------------------------------------------------------------+
; data ; Input ; Info     ; Explicitly unconnected                                            ;
; rden ; Input ; Info     ; Stuck at VCC                                                      ;
; wren ; Input ; Info     ; Stuck at GND                                                      ;
+------+-------+----------+-------------------------------------------------------------------+


+-----------------------------------------------------------------------+
; Port Connectivity Checks: "m08_cnn1d:cnn1d|conv1d_layer:conv1d_layer" ;
+-----------------------------+-------+----------+----------------------+
; Port                        ; Type  ; Severity ; Details              ;
+-----------------------------+-------+----------+----------------------+
; conv1d_layer_data_in[11..0] ; Input ; Info     ; Stuck at GND         ;
+-----------------------------+-------+----------+----------------------+


+-------------------------------------------------+
; Port Connectivity Checks: "m08_cnn1d:cnn1d"     ;
+---------------+-------+----------+--------------+
; Port          ; Type  ; Severity ; Details      ;
+---------------+-------+----------+--------------+
; cnn_ready_out ; Input ; Info     ; Stuck at VCC ;
+---------------+-------+----------+--------------+


+-----------------------------------------------------------+
; Port Connectivity Checks: "m10_adc2axi:adc2axi|s2p:s2p"   ;
+--------------+--------+----------+------------------------+
; Port         ; Type   ; Severity ; Details                ;
+--------------+--------+----------+------------------------+
; s2p_ready_in ; Output ; Info     ; Explicitly unconnected ;
+--------------+--------+----------+------------------------+


+-----------------------------------------------------+
; Post-Synthesis Netlist Statistics for Top Partition ;
+-----------------------+-----------------------------+
; Type                  ; Count                       ;
+-----------------------+-----------------------------+
; boundary_port         ; 12                          ;
; cycloneiii_ff         ; 1758                        ;
;     CLR               ; 35                          ;
;     CLR SCLR          ; 12                          ;
;     ENA               ; 870                         ;
;     ENA CLR           ; 15                          ;
;     ENA CLR SCLR      ; 26                          ;
;     ENA SCLR          ; 684                         ;
;     ENA SLD           ; 23                          ;
;     SCLR              ; 64                          ;
;     SLD               ; 3                           ;
;     plain             ; 26                          ;
; cycloneiii_lcell_comb ; 1163                        ;
;     arith             ; 531                         ;
;         2 data inputs ; 101                         ;
;         3 data inputs ; 430                         ;
;     normal            ; 632                         ;
;         0 data inputs ; 2                           ;
;         1 data inputs ; 19                          ;
;         2 data inputs ; 135                         ;
;         3 data inputs ; 139                         ;
;         4 data inputs ; 337                         ;
; cycloneiii_mac_mult   ; 12                          ;
; cycloneiii_mac_out    ; 12                          ;
; cycloneiii_pll        ; 1                           ;
; cycloneiii_ram_block  ; 252                         ;
; fiftyfivenm_adcblock  ; 1                           ;
;                       ;                             ;
; Max LUT depth         ; 6.70                        ;
; Average LUT depth     ; 1.96                        ;
+-----------------------+-----------------------------+


+-------------------------------+
; Elapsed Time Per Partition    ;
+----------------+--------------+
; Partition Name ; Elapsed Time ;
+----------------+--------------+
; Top            ; 00:00:01     ;
+----------------+--------------+


+-------------------------------+
; Analysis & Synthesis Messages ;
+-------------------------------+
Info: *******************************************************************
Info: Running Quartus Prime Analysis & Synthesis
    Info: Version 23.1std.1 Build 993 05/14/2024 SC Lite Edition
    Info: Processing started: Thu Aug  7 14:35:09 2025
Info: Command: quartus_map --read_settings_files=on --write_settings_files=off cnn_vibration_monior_10M08 -c cnn_vibration_monior_10M08
Info (16303): Aggressive Power optimization mode selected -- dynamic power will be prioritized at the potential cost of reduced timing performance and increased compilation time
Warning (18236): Number of processors has not been specified which may cause overloading on shared machines.  Set the global assignment NUM_PARALLEL_PROCESSORS in your QSF to an appropriate value for best performance.
Info (20032): Parallel compilation is enabled and will use up to 8 processors
Info (12248): Elaborating Platform Designer system entity "adc.qsys"
Info (12250): 2025.08.07.14:35:14 Progress: Loading cnn_vibration_monitor_example_design_10M08/adc.qsys
Info (12250): 2025.08.07.14:35:15 Progress: Reading input file
Info (12250): 2025.08.07.14:35:15 Progress: Adding altpll_0 [altpll 23.1]
Info (12250): 2025.08.07.14:35:15 Progress: Parameterizing module altpll_0
Info (12250): 2025.08.07.14:35:15 Progress: Adding clk_0 [clock_source 23.1]
Info (12250): 2025.08.07.14:35:15 Progress: Parameterizing module clk_0
Info (12250): 2025.08.07.14:35:15 Progress: Adding modular_adc_0 [altera_modular_adc 23.1]
Info (12250): 2025.08.07.14:35:15 Progress: Parameterizing module modular_adc_0
Info (12250): 2025.08.07.14:35:15 Progress: Building connections
Info (12250): 2025.08.07.14:35:15 Progress: Parameterizing connections
Info (12250): 2025.08.07.14:35:15 Progress: Validating
Info (12250): 2025.08.07.14:35:16 Progress: Done reading input file
Info (12250): Adc: Generating adc "adc" for QUARTUS_SYNTH
Info (12250): Altpll_0: "adc" instantiated altpll "altpll_0"
Info (12250): Modular_adc_0: "adc" instantiated altera_modular_adc "modular_adc_0"
Info (12250): Rst_controller: "adc" instantiated altera_reset_controller "rst_controller"
Info (12250): Control_internal: "modular_adc_0" instantiated altera_modular_adc_control "control_internal"
Info (12250): Adc: Done "adc" with 5 modules, 13 files
Info (12249): Finished elaborating Platform Designer system entity "adc.qsys"
Info (12021): Found 1 design units, including 1 entities, in source file /uob/vibeai/1dcnn/src/accum_single_sample.sv
    Info (12023): Found entity 1: accum_single_sample File: E:/UoB/VibeAI/1dcnn/src/accum_single_sample.sv Line: 15
Info (12021): Found 1 design units, including 1 entities, in source file /uob/vibeai/1dcnn/ip/sp_ram_clken.v
    Info (12023): Found entity 1: sp_ram_clken File: E:/UoB/VibeAI/1dcnn/ip/sp_ram_clken.v Line: 40
Info (12021): Found 1 design units, including 1 entities, in source file /uob/vibeai/1dcnn/src/s2p.sv
    Info (12023): Found entity 1: s2p File: E:/UoB/VibeAI/1dcnn/src/s2p.sv Line: 1
Info (12021): Found 1 design units, including 1 entities, in source file /uob/vibeai/1dcnn/src/nrn_layer.sv
    Info (12023): Found entity 1: nrn_layer File: E:/UoB/VibeAI/1dcnn/src/nrn_layer.sv Line: 1
Info (12021): Found 1 design units, including 1 entities, in source file /uob/vibeai/1dcnn/src/m10_adc2axi.sv
    Info (12023): Found entity 1: m10_adc2axi File: E:/UoB/VibeAI/1dcnn/src/m10_adc2axi.sv Line: 1
Info (12021): Found 1 design units, including 1 entities, in source file /uob/vibeai/1dcnn/top/m08_cnn1d.sv
    Info (12023): Found entity 1: m08_cnn1d File: E:/UoB/VibeAI/1dcnn/top/m08_cnn1d.sv Line: 6
Info (12021): Found 1 design units, including 1 entities, in source file /uob/vibeai/1dcnn/src/subsample.sv
    Info (12023): Found entity 1: subsample File: E:/UoB/VibeAI/1dcnn/src/subsample.sv Line: 13
Info (12021): Found 1 design units, including 1 entities, in source file /uob/vibeai/1dcnn/src/relu.sv
    Info (12023): Found entity 1: relu File: E:/UoB/VibeAI/1dcnn/src/relu.sv Line: 10
Info (12021): Found 1 design units, including 1 entities, in source file /uob/vibeai/1dcnn/src/p2s.sv
    Info (12023): Found entity 1: p2s File: E:/UoB/VibeAI/1dcnn/src/p2s.sv Line: 20
Info (12021): Found 1 design units, including 1 entities, in source file /uob/vibeai/1dcnn/src/neuron_layer.sv
    Info (12023): Found entity 1: neuron_layer File: E:/UoB/VibeAI/1dcnn/src/neuron_layer.sv Line: 20
Info (12021): Found 1 design units, including 1 entities, in source file /uob/vibeai/1dcnn/src/neuron.sv
    Info (12023): Found entity 1: neuron File: E:/UoB/VibeAI/1dcnn/src/neuron.sv Line: 21
Info (12021): Found 1 design units, including 1 entities, in source file /uob/vibeai/1dcnn/src/mult_reduce.sv
    Info (12023): Found entity 1: mult_reduce File: E:/UoB/VibeAI/1dcnn/src/mult_reduce.sv Line: 23
Info (12021): Found 1 design units, including 1 entities, in source file /uob/vibeai/1dcnn/src/gavgpool_layer.sv
    Info (12023): Found entity 1: gavgpool_layer File: E:/UoB/VibeAI/1dcnn/src/gavgpool_layer.sv Line: 11
Info (12021): Found 1 design units, including 1 entities, in source file /uob/vibeai/1dcnn/src/gavgpool.sv
    Info (12023): Found entity 1: gavgpool File: E:/UoB/VibeAI/1dcnn/src/gavgpool.sv Line: 16
Warning (12090): Entity "divide" obtained from "../../src/divide.sv" instead of from Quartus Prime megafunction library File: E:/UoB/VibeAI/1dcnn/src/divide.sv Line: 14
Info (12021): Found 1 design units, including 1 entities, in source file /uob/vibeai/1dcnn/src/divide.sv
    Info (12023): Found entity 1: divide File: E:/UoB/VibeAI/1dcnn/src/divide.sv Line: 14
Info (12021): Found 1 design units, including 1 entities, in source file /uob/vibeai/1dcnn/src/conv1d_layer.sv
    Info (12023): Found entity 1: conv1d_layer File: E:/UoB/VibeAI/1dcnn/src/conv1d_layer.sv Line: 20
Info (12021): Found 1 design units, including 1 entities, in source file /uob/vibeai/1dcnn/src/conv1d.sv
    Info (12023): Found entity 1: conv1d File: E:/UoB/VibeAI/1dcnn/src/conv1d.sv Line: 24
Info (12021): Found 1 design units, including 1 entities, in source file /uob/vibeai/1dcnn/src/adc2v.sv
    Info (12023): Found entity 1: adc2v File: E:/UoB/VibeAI/1dcnn/src/adc2v.sv Line: 5
Info (12021): Found 1 design units, including 1 entities, in source file /uob/vibeai/1dcnn/src/activation_layer.sv
    Info (12023): Found entity 1: activation_layer File: E:/UoB/VibeAI/1dcnn/src/activation_layer.sv Line: 16
Info (12021): Found 1 design units, including 1 entities, in source file /uob/vibeai/1dcnn/src/accum.sv
    Info (12023): Found entity 1: accum File: E:/UoB/VibeAI/1dcnn/src/accum.sv Line: 19
Info (12021): Found 1 design units, including 0 entities, in source file /uob/vibeai/1dcnn/pkg/cnn1d_pkg.sv
    Info (12022): Found design unit 1: cnn1d_pkg (SystemVerilog) File: E:/UoB/VibeAI/1dcnn/pkg/cnn1d_pkg.sv Line: 5
Info (12021): Found 1 design units, including 1 entities, in source file /uob/vibeai/1dcnn/ip/sp_ram.v
    Info (12023): Found entity 1: sp_ram File: E:/UoB/VibeAI/1dcnn/ip/sp_ram.v Line: 40
Info (12021): Found 1 design units, including 1 entities, in source file /uob/vibeai/1dcnn/ip/mult.v
    Info (12023): Found entity 1: mult File: E:/UoB/VibeAI/1dcnn/ip/mult.v Line: 40
Info (12021): Found 1 design units, including 1 entities, in source file cnn_vibration_monitor_10m08.sv
    Info (12023): Found entity 1: cnn_vibration_monitor_10M08 File: E:/UoB/VibeAI/1dcnn/quartus/cnn_vibration_monitor_example_design_10M08/cnn_vibration_monitor_10M08.sv Line: 10
Info (12021): Found 1 design units, including 1 entities, in source file db/ip/adc/adc.v
    Info (12023): Found entity 1: adc File: E:/UoB/VibeAI/1dcnn/quartus/cnn_vibration_monitor_example_design_10M08/db/ip/adc/adc.v Line: 6
Info (12021): Found 4 design units, including 4 entities, in source file db/ip/adc/submodules/adc_altpll_0.v
    Info (12023): Found entity 1: adc_altpll_0_dffpipe_l2c File: E:/UoB/VibeAI/1dcnn/quartus/cnn_vibration_monitor_example_design_10M08/db/ip/adc/submodules/adc_altpll_0.v Line: 38
    Info (12023): Found entity 2: adc_altpll_0_stdsync_sv6 File: E:/UoB/VibeAI/1dcnn/quartus/cnn_vibration_monitor_example_design_10M08/db/ip/adc/submodules/adc_altpll_0.v Line: 99
    Info (12023): Found entity 3: adc_altpll_0_altpll_6b92 File: E:/UoB/VibeAI/1dcnn/quartus/cnn_vibration_monitor_example_design_10M08/db/ip/adc/submodules/adc_altpll_0.v Line: 131
    Info (12023): Found entity 4: adc_altpll_0 File: E:/UoB/VibeAI/1dcnn/quartus/cnn_vibration_monitor_example_design_10M08/db/ip/adc/submodules/adc_altpll_0.v Line: 218
Info (12021): Found 1 design units, including 1 entities, in source file db/ip/adc/submodules/adc_modular_adc_0.v
    Info (12023): Found entity 1: adc_modular_adc_0 File: E:/UoB/VibeAI/1dcnn/quartus/cnn_vibration_monitor_example_design_10M08/db/ip/adc/submodules/adc_modular_adc_0.v Line: 9
Info (12021): Found 1 design units, including 1 entities, in source file db/ip/adc/submodules/altera_modular_adc_control.v
    Info (12023): Found entity 1: altera_modular_adc_control File: E:/UoB/VibeAI/1dcnn/quartus/cnn_vibration_monitor_example_design_10M08/db/ip/adc/submodules/altera_modular_adc_control.v Line: 18
Info (12021): Found 1 design units, including 1 entities, in source file db/ip/adc/submodules/altera_modular_adc_control_avrg_fifo.v
    Info (12023): Found entity 1: altera_modular_adc_control_avrg_fifo File: E:/UoB/VibeAI/1dcnn/quartus/cnn_vibration_monitor_example_design_10M08/db/ip/adc/submodules/altera_modular_adc_control_avrg_fifo.v Line: 53
Info (12021): Found 1 design units, including 1 entities, in source file db/ip/adc/submodules/altera_modular_adc_control_fsm.v
    Info (12023): Found entity 1: altera_modular_adc_control_fsm File: E:/UoB/VibeAI/1dcnn/quartus/cnn_vibration_monitor_example_design_10M08/db/ip/adc/submodules/altera_modular_adc_control_fsm.v Line: 18
Info (12021): Found 1 design units, including 1 entities, in source file db/ip/adc/submodules/altera_reset_controller.v
    Info (12023): Found entity 1: altera_reset_controller File: E:/UoB/VibeAI/1dcnn/quartus/cnn_vibration_monitor_example_design_10M08/db/ip/adc/submodules/altera_reset_controller.v Line: 42
Info (12021): Found 1 design units, including 1 entities, in source file db/ip/adc/submodules/altera_reset_synchronizer.v
    Info (12023): Found entity 1: altera_reset_synchronizer File: E:/UoB/VibeAI/1dcnn/quartus/cnn_vibration_monitor_example_design_10M08/db/ip/adc/submodules/altera_reset_synchronizer.v Line: 24
Info (12021): Found 1 design units, including 1 entities, in source file db/ip/adc/submodules/chsel_code_converter_sw_to_hw.v
    Info (12023): Found entity 1: chsel_code_converter_sw_to_hw File: E:/UoB/VibeAI/1dcnn/quartus/cnn_vibration_monitor_example_design_10M08/db/ip/adc/submodules/chsel_code_converter_sw_to_hw.v Line: 32
Info (12021): Found 1 design units, including 1 entities, in source file db/ip/adc/submodules/fiftyfivenm_adcblock_primitive_wrapper.v
    Info (12023): Found entity 1: fiftyfivenm_adcblock_primitive_wrapper File: E:/UoB/VibeAI/1dcnn/quartus/cnn_vibration_monitor_example_design_10M08/db/ip/adc/submodules/fiftyfivenm_adcblock_primitive_wrapper.v Line: 37
Info (12021): Found 1 design units, including 1 entities, in source file db/ip/adc/submodules/fiftyfivenm_adcblock_top_wrapper.v
    Info (12023): Found entity 1: fiftyfivenm_adcblock_top_wrapper File: E:/UoB/VibeAI/1dcnn/quartus/cnn_vibration_monitor_example_design_10M08/db/ip/adc/submodules/fiftyfivenm_adcblock_top_wrapper.v Line: 31
Info (12127): Elaborating entity "cnn_vibration_monitor_10M08" for the top level hierarchy
Warning (10034): Output port "arduino_io[4..1]" at cnn_vibration_monitor_10M08.sv(55) has no driver File: E:/UoB/VibeAI/1dcnn/quartus/cnn_vibration_monitor_example_design_10M08/cnn_vibration_monitor_10M08.sv Line: 55
Info (12128): Elaborating entity "m10_adc2axi" for hierarchy "m10_adc2axi:adc2axi" File: E:/UoB/VibeAI/1dcnn/quartus/cnn_vibration_monitor_example_design_10M08/cnn_vibration_monitor_10M08.sv Line: 137
Info (12128): Elaborating entity "s2p" for hierarchy "m10_adc2axi:adc2axi|s2p:s2p" File: E:/UoB/VibeAI/1dcnn/src/m10_adc2axi.sv Line: 84
Info (12128): Elaborating entity "m08_cnn1d" for hierarchy "m08_cnn1d:cnn1d" File: E:/UoB/VibeAI/1dcnn/quartus/cnn_vibration_monitor_example_design_10M08/cnn_vibration_monitor_10M08.sv Line: 174
Info (12128): Elaborating entity "subsample" for hierarchy "m08_cnn1d:cnn1d|subsample:subsample_ch1" File: E:/UoB/VibeAI/1dcnn/top/m08_cnn1d.sv Line: 133
Info (12128): Elaborating entity "conv1d_layer" for hierarchy "m08_cnn1d:cnn1d|conv1d_layer:conv1d_layer" File: E:/UoB/VibeAI/1dcnn/top/m08_cnn1d.sv Line: 176
Info (10008): Verilog HDL or VHDL information: EDA Netlist Writer cannot regroup multidimensional array "weights" into its bus
Info (12128): Elaborating entity "sp_ram" for hierarchy "m08_cnn1d:cnn1d|conv1d_layer:conv1d_layer|sp_ram:conv1d_weights" File: E:/UoB/VibeAI/1dcnn/src/conv1d_layer.sv Line: 124
Info (12128): Elaborating entity "altsyncram" for hierarchy "m08_cnn1d:cnn1d|conv1d_layer:conv1d_layer|sp_ram:conv1d_weights|altsyncram:altsyncram_component" File: E:/UoB/VibeAI/1dcnn/ip/sp_ram.v Line: 96
Info (12130): Elaborated megafunction instantiation "m08_cnn1d:cnn1d|conv1d_layer:conv1d_layer|sp_ram:conv1d_weights|altsyncram:altsyncram_component" File: E:/UoB/VibeAI/1dcnn/ip/sp_ram.v Line: 96
Info (12133): Instantiated megafunction "m08_cnn1d:cnn1d|conv1d_layer:conv1d_layer|sp_ram:conv1d_weights|altsyncram:altsyncram_component" with the following parameter: File: E:/UoB/VibeAI/1dcnn/ip/sp_ram.v Line: 96
    Info (12134): Parameter "clock_enable_input_a" = "BYPASS"
    Info (12134): Parameter "clock_enable_output_a" = "BYPASS"
    Info (12134): Parameter "init_file" = "./../../test/weights/conv1d_1_weights_12I12F.hex"
    Info (12134): Parameter "intended_device_family" = "MAX 10"
    Info (12134): Parameter "lpm_hint" = "ENABLE_RUNTIME_MOD=NO"
    Info (12134): Parameter "lpm_type" = "altsyncram"
    Info (12134): Parameter "numwords_a" = "2"
    Info (12134): Parameter "operation_mode" = "SINGLE_PORT"
    Info (12134): Parameter "outdata_aclr_a" = "NONE"
    Info (12134): Parameter "outdata_reg_a" = "CLOCK0"
    Info (12134): Parameter "power_up_uninitialized" = "FALSE"
    Info (12134): Parameter "read_during_write_mode_port_a" = "NEW_DATA_NO_NBE_READ"
    Info (12134): Parameter "widthad_a" = "1"
    Info (12134): Parameter "width_a" = "120"
    Info (12134): Parameter "width_byteena_a" = "1"
Info (12021): Found 1 design units, including 1 entities, in source file db/altsyncram_mck1.tdf
    Info (12023): Found entity 1: altsyncram_mck1 File: E:/UoB/VibeAI/1dcnn/quartus/cnn_vibration_monitor_example_design_10M08/db/altsyncram_mck1.tdf Line: 28
Info (12128): Elaborating entity "altsyncram_mck1" for hierarchy "m08_cnn1d:cnn1d|conv1d_layer:conv1d_layer|sp_ram:conv1d_weights|altsyncram:altsyncram_component|altsyncram_mck1:auto_generated" File: e:/intelfpga_lite/23.1std/quartus/libraries/megafunctions/altsyncram.tdf Line: 792
Info (12128): Elaborating entity "sp_ram" for hierarchy "m08_cnn1d:cnn1d|conv1d_layer:conv1d_layer|sp_ram:conv1d_biases" File: E:/UoB/VibeAI/1dcnn/src/conv1d_layer.sv Line: 139
Info (12128): Elaborating entity "altsyncram" for hierarchy "m08_cnn1d:cnn1d|conv1d_layer:conv1d_layer|sp_ram:conv1d_biases|altsyncram:altsyncram_component" File: E:/UoB/VibeAI/1dcnn/ip/sp_ram.v Line: 96
Info (12130): Elaborated megafunction instantiation "m08_cnn1d:cnn1d|conv1d_layer:conv1d_layer|sp_ram:conv1d_biases|altsyncram:altsyncram_component" File: E:/UoB/VibeAI/1dcnn/ip/sp_ram.v Line: 96
Info (12133): Instantiated megafunction "m08_cnn1d:cnn1d|conv1d_layer:conv1d_layer|sp_ram:conv1d_biases|altsyncram:altsyncram_component" with the following parameter: File: E:/UoB/VibeAI/1dcnn/ip/sp_ram.v Line: 96
    Info (12134): Parameter "clock_enable_input_a" = "BYPASS"
    Info (12134): Parameter "clock_enable_output_a" = "BYPASS"
    Info (12134): Parameter "init_file" = "./../../test/weights/conv1d_1_biases_12I12F.hex"
    Info (12134): Parameter "intended_device_family" = "MAX 10"
    Info (12134): Parameter "lpm_hint" = "ENABLE_RUNTIME_MOD=NO"
    Info (12134): Parameter "lpm_type" = "altsyncram"
    Info (12134): Parameter "numwords_a" = "2"
    Info (12134): Parameter "operation_mode" = "SINGLE_PORT"
    Info (12134): Parameter "outdata_aclr_a" = "NONE"
    Info (12134): Parameter "outdata_reg_a" = "CLOCK0"
    Info (12134): Parameter "power_up_uninitialized" = "FALSE"
    Info (12134): Parameter "read_during_write_mode_port_a" = "NEW_DATA_NO_NBE_READ"
    Info (12134): Parameter "widthad_a" = "1"
    Info (12134): Parameter "width_a" = "24"
    Info (12134): Parameter "width_byteena_a" = "1"
Info (12021): Found 1 design units, including 1 entities, in source file db/altsyncram_57k1.tdf
    Info (12023): Found entity 1: altsyncram_57k1 File: E:/UoB/VibeAI/1dcnn/quartus/cnn_vibration_monitor_example_design_10M08/db/altsyncram_57k1.tdf Line: 28
Info (12128): Elaborating entity "altsyncram_57k1" for hierarchy "m08_cnn1d:cnn1d|conv1d_layer:conv1d_layer|sp_ram:conv1d_biases|altsyncram:altsyncram_component|altsyncram_57k1:auto_generated" File: e:/intelfpga_lite/23.1std/quartus/libraries/megafunctions/altsyncram.tdf Line: 792
Info (12128): Elaborating entity "conv1d" for hierarchy "m08_cnn1d:cnn1d|conv1d_layer:conv1d_layer|conv1d:CONVOLUTION_1D[0].conv1d" File: E:/UoB/VibeAI/1dcnn/src/conv1d_layer.sv Line: 210
Info (12128): Elaborating entity "p2s" for hierarchy "m08_cnn1d:cnn1d|conv1d_layer:conv1d_layer|conv1d:CONVOLUTION_1D[0].conv1d|p2s:parallel_to_serial" File: E:/UoB/VibeAI/1dcnn/src/conv1d.sv Line: 150
Info (12128): Elaborating entity "mult_reduce" for hierarchy "m08_cnn1d:cnn1d|conv1d_layer:conv1d_layer|conv1d:CONVOLUTION_1D[0].conv1d|mult_reduce:multiply_reduce" File: E:/UoB/VibeAI/1dcnn/src/conv1d.sv Line: 187
Info (12128): Elaborating entity "mult" for hierarchy "m08_cnn1d:cnn1d|conv1d_layer:conv1d_layer|conv1d:CONVOLUTION_1D[0].conv1d|mult_reduce:multiply_reduce|mult:multiplier" File: E:/UoB/VibeAI/1dcnn/src/mult_reduce.sv Line: 88
Info (12128): Elaborating entity "lpm_mult" for hierarchy "m08_cnn1d:cnn1d|conv1d_layer:conv1d_layer|conv1d:CONVOLUTION_1D[0].conv1d|mult_reduce:multiply_reduce|mult:multiplier|lpm_mult:lpm_mult_component" File: E:/UoB/VibeAI/1dcnn/ip/mult.v Line: 70
Info (12130): Elaborated megafunction instantiation "m08_cnn1d:cnn1d|conv1d_layer:conv1d_layer|conv1d:CONVOLUTION_1D[0].conv1d|mult_reduce:multiply_reduce|mult:multiplier|lpm_mult:lpm_mult_component" File: E:/UoB/VibeAI/1dcnn/ip/mult.v Line: 70
Info (12133): Instantiated megafunction "m08_cnn1d:cnn1d|conv1d_layer:conv1d_layer|conv1d:CONVOLUTION_1D[0].conv1d|mult_reduce:multiply_reduce|mult:multiplier|lpm_mult:lpm_mult_component" with the following parameter: File: E:/UoB/VibeAI/1dcnn/ip/mult.v Line: 70
    Info (12134): Parameter "lpm_hint" = "DEDICATED_MULTIPLIER_CIRCUITRY=YES,MAXIMIZE_SPEED=5"
    Info (12134): Parameter "lpm_pipeline" = "4"
    Info (12134): Parameter "lpm_representation" = "SIGNED"
    Info (12134): Parameter "lpm_type" = "LPM_MULT"
    Info (12134): Parameter "lpm_widtha" = "24"
    Info (12134): Parameter "lpm_widthb" = "24"
    Info (12134): Parameter "lpm_widthp" = "48"
Info (12021): Found 1 design units, including 1 entities, in source file db/mult_4ms.tdf
    Info (12023): Found entity 1: mult_4ms File: E:/UoB/VibeAI/1dcnn/quartus/cnn_vibration_monitor_example_design_10M08/db/mult_4ms.tdf Line: 35
Info (12128): Elaborating entity "mult_4ms" for hierarchy "m08_cnn1d:cnn1d|conv1d_layer:conv1d_layer|conv1d:CONVOLUTION_1D[0].conv1d|mult_reduce:multiply_reduce|mult:multiplier|lpm_mult:lpm_mult_component|mult_4ms:auto_generated" File: e:/intelfpga_lite/23.1std/quartus/libraries/megafunctions/lpm_mult.tdf Line: 377
Info (12128): Elaborating entity "activation_layer" for hierarchy "m08_cnn1d:cnn1d|activation_layer:relu_layer" File: E:/UoB/VibeAI/1dcnn/top/m08_cnn1d.sv Line: 193
Info (12128): Elaborating entity "relu" for hierarchy "m08_cnn1d:cnn1d|activation_layer:relu_layer|relu:RELU[0].relu" File: E:/UoB/VibeAI/1dcnn/src/activation_layer.sv Line: 72
Info (12128): Elaborating entity "gavgpool_layer" for hierarchy "m08_cnn1d:cnn1d|gavgpool_layer:gavgpool_layer" File: E:/UoB/VibeAI/1dcnn/top/m08_cnn1d.sv Line: 211
Info (12128): Elaborating entity "gavgpool" for hierarchy "m08_cnn1d:cnn1d|gavgpool_layer:gavgpool_layer|gavgpool:GLOBAL_AVERAGE_POOLING[0].gavgpool" File: E:/UoB/VibeAI/1dcnn/src/gavgpool_layer.sv Line: 70
Info (12128): Elaborating entity "accum" for hierarchy "m08_cnn1d:cnn1d|gavgpool_layer:gavgpool_layer|gavgpool:GLOBAL_AVERAGE_POOLING[0].gavgpool|accum:accumulator" File: E:/UoB/VibeAI/1dcnn/src/gavgpool.sv Line: 75
Info (12128): Elaborating entity "p2s" for hierarchy "m08_cnn1d:cnn1d|p2s:p2s" File: E:/UoB/VibeAI/1dcnn/top/m08_cnn1d.sv Line: 227
Info (12128): Elaborating entity "nrn_layer" for hierarchy "m08_cnn1d:cnn1d|nrn_layer:fc_1" File: E:/UoB/VibeAI/1dcnn/top/m08_cnn1d.sv Line: 247
Info (12128): Elaborating entity "sp_ram_clken" for hierarchy "m08_cnn1d:cnn1d|nrn_layer:fc_1|sp_ram_clken:in_buf" File: E:/UoB/VibeAI/1dcnn/src/nrn_layer.sv Line: 235
Info (12128): Elaborating entity "altsyncram" for hierarchy "m08_cnn1d:cnn1d|nrn_layer:fc_1|sp_ram_clken:in_buf|altsyncram:altsyncram_component" File: E:/UoB/VibeAI/1dcnn/ip/sp_ram_clken.v Line: 99
Info (12130): Elaborated megafunction instantiation "m08_cnn1d:cnn1d|nrn_layer:fc_1|sp_ram_clken:in_buf|altsyncram:altsyncram_component" File: E:/UoB/VibeAI/1dcnn/ip/sp_ram_clken.v Line: 99
Info (12133): Instantiated megafunction "m08_cnn1d:cnn1d|nrn_layer:fc_1|sp_ram_clken:in_buf|altsyncram:altsyncram_component" with the following parameter: File: E:/UoB/VibeAI/1dcnn/ip/sp_ram_clken.v Line: 99
    Info (12134): Parameter "clock_enable_input_a" = "NORMAL"
    Info (12134): Parameter "clock_enable_output_a" = "NORMAL"
    Info (12134): Parameter "init_file" = ""
    Info (12134): Parameter "intended_device_family" = "MAX 10"
    Info (12134): Parameter "lpm_hint" = "ENABLE_RUNTIME_MOD=NO"
    Info (12134): Parameter "lpm_type" = "altsyncram"
    Info (12134): Parameter "numwords_a" = "8"
    Info (12134): Parameter "operation_mode" = "SINGLE_PORT"
    Info (12134): Parameter "outdata_aclr_a" = "NONE"
    Info (12134): Parameter "outdata_reg_a" = "CLOCK0"
    Info (12134): Parameter "power_up_uninitialized" = "FALSE"
    Info (12134): Parameter "read_during_write_mode_port_a" = "NEW_DATA_NO_NBE_READ"
    Info (12134): Parameter "widthad_a" = "3"
    Info (12134): Parameter "width_a" = "24"
    Info (12134): Parameter "width_byteena_a" = "1"
Info (12021): Found 1 design units, including 1 entities, in source file db/altsyncram_i0g1.tdf
    Info (12023): Found entity 1: altsyncram_i0g1 File: E:/UoB/VibeAI/1dcnn/quartus/cnn_vibration_monitor_example_design_10M08/db/altsyncram_i0g1.tdf Line: 28
Info (12128): Elaborating entity "altsyncram_i0g1" for hierarchy "m08_cnn1d:cnn1d|nrn_layer:fc_1|sp_ram_clken:in_buf|altsyncram:altsyncram_component|altsyncram_i0g1:auto_generated" File: e:/intelfpga_lite/23.1std/quartus/libraries/megafunctions/altsyncram.tdf Line: 792
Info (12128): Elaborating entity "sp_ram_clken" for hierarchy "m08_cnn1d:cnn1d|nrn_layer:fc_1|sp_ram_clken:nrn_ram" File: E:/UoB/VibeAI/1dcnn/src/nrn_layer.sv Line: 267
Info (12128): Elaborating entity "altsyncram" for hierarchy "m08_cnn1d:cnn1d|nrn_layer:fc_1|sp_ram_clken:nrn_ram|altsyncram:altsyncram_component" File: E:/UoB/VibeAI/1dcnn/ip/sp_ram_clken.v Line: 99
Info (12130): Elaborated megafunction instantiation "m08_cnn1d:cnn1d|nrn_layer:fc_1|sp_ram_clken:nrn_ram|altsyncram:altsyncram_component" File: E:/UoB/VibeAI/1dcnn/ip/sp_ram_clken.v Line: 99
Info (12133): Instantiated megafunction "m08_cnn1d:cnn1d|nrn_layer:fc_1|sp_ram_clken:nrn_ram|altsyncram:altsyncram_component" with the following parameter: File: E:/UoB/VibeAI/1dcnn/ip/sp_ram_clken.v Line: 99
    Info (12134): Parameter "clock_enable_input_a" = "NORMAL"
    Info (12134): Parameter "clock_enable_output_a" = "NORMAL"
    Info (12134): Parameter "init_file" = "./../../test/weights/fc_parameters_1_12I12F.hex"
    Info (12134): Parameter "intended_device_family" = "MAX 10"
    Info (12134): Parameter "lpm_hint" = "ENABLE_RUNTIME_MOD=NO"
    Info (12134): Parameter "lpm_type" = "altsyncram"
    Info (12134): Parameter "numwords_a" = "72"
    Info (12134): Parameter "operation_mode" = "SINGLE_PORT"
    Info (12134): Parameter "outdata_aclr_a" = "NONE"
    Info (12134): Parameter "outdata_reg_a" = "CLOCK0"
    Info (12134): Parameter "power_up_uninitialized" = "FALSE"
    Info (12134): Parameter "read_during_write_mode_port_a" = "NEW_DATA_NO_NBE_READ"
    Info (12134): Parameter "widthad_a" = "7"
    Info (12134): Parameter "width_a" = "24"
    Info (12134): Parameter "width_byteena_a" = "1"
Info (12021): Found 1 design units, including 1 entities, in source file db/altsyncram_q3l1.tdf
    Info (12023): Found entity 1: altsyncram_q3l1 File: E:/UoB/VibeAI/1dcnn/quartus/cnn_vibration_monitor_example_design_10M08/db/altsyncram_q3l1.tdf Line: 28
Info (12128): Elaborating entity "altsyncram_q3l1" for hierarchy "m08_cnn1d:cnn1d|nrn_layer:fc_1|sp_ram_clken:nrn_ram|altsyncram:altsyncram_component|altsyncram_q3l1:auto_generated" File: e:/intelfpga_lite/23.1std/quartus/libraries/megafunctions/altsyncram.tdf Line: 792
Info (12128): Elaborating entity "mult_reduce" for hierarchy "m08_cnn1d:cnn1d|nrn_layer:fc_1|mult_reduce:mult_reduce" File: E:/UoB/VibeAI/1dcnn/src/nrn_layer.sv Line: 289
Info (12128): Elaborating entity "nrn_layer" for hierarchy "m08_cnn1d:cnn1d|nrn_layer:fc_2" File: E:/UoB/VibeAI/1dcnn/top/m08_cnn1d.sv Line: 267
Info (12128): Elaborating entity "sp_ram_clken" for hierarchy "m08_cnn1d:cnn1d|nrn_layer:fc_2|sp_ram_clken:nrn_ram" File: E:/UoB/VibeAI/1dcnn/src/nrn_layer.sv Line: 267
Info (12128): Elaborating entity "altsyncram" for hierarchy "m08_cnn1d:cnn1d|nrn_layer:fc_2|sp_ram_clken:nrn_ram|altsyncram:altsyncram_component" File: E:/UoB/VibeAI/1dcnn/ip/sp_ram_clken.v Line: 99
Info (12130): Elaborated megafunction instantiation "m08_cnn1d:cnn1d|nrn_layer:fc_2|sp_ram_clken:nrn_ram|altsyncram:altsyncram_component" File: E:/UoB/VibeAI/1dcnn/ip/sp_ram_clken.v Line: 99
Info (12133): Instantiated megafunction "m08_cnn1d:cnn1d|nrn_layer:fc_2|sp_ram_clken:nrn_ram|altsyncram:altsyncram_component" with the following parameter: File: E:/UoB/VibeAI/1dcnn/ip/sp_ram_clken.v Line: 99
    Info (12134): Parameter "clock_enable_input_a" = "NORMAL"
    Info (12134): Parameter "clock_enable_output_a" = "NORMAL"
    Info (12134): Parameter "init_file" = "./../../test/weights/fc_parameters_2_12I12F.hex"
    Info (12134): Parameter "intended_device_family" = "MAX 10"
    Info (12134): Parameter "lpm_hint" = "ENABLE_RUNTIME_MOD=NO"
    Info (12134): Parameter "lpm_type" = "altsyncram"
    Info (12134): Parameter "numwords_a" = "18"
    Info (12134): Parameter "operation_mode" = "SINGLE_PORT"
    Info (12134): Parameter "outdata_aclr_a" = "NONE"
    Info (12134): Parameter "outdata_reg_a" = "CLOCK0"
    Info (12134): Parameter "power_up_uninitialized" = "FALSE"
    Info (12134): Parameter "read_during_write_mode_port_a" = "NEW_DATA_NO_NBE_READ"
    Info (12134): Parameter "widthad_a" = "5"
    Info (12134): Parameter "width_a" = "24"
    Info (12134): Parameter "width_byteena_a" = "1"
Info (12021): Found 1 design units, including 1 entities, in source file db/altsyncram_p3l1.tdf
    Info (12023): Found entity 1: altsyncram_p3l1 File: E:/UoB/VibeAI/1dcnn/quartus/cnn_vibration_monitor_example_design_10M08/db/altsyncram_p3l1.tdf Line: 28
Info (12128): Elaborating entity "altsyncram_p3l1" for hierarchy "m08_cnn1d:cnn1d|nrn_layer:fc_2|sp_ram_clken:nrn_ram|altsyncram:altsyncram_component|altsyncram_p3l1:auto_generated" File: e:/intelfpga_lite/23.1std/quartus/libraries/megafunctions/altsyncram.tdf Line: 792
Info (12128): Elaborating entity "s2p" for hierarchy "m08_cnn1d:cnn1d|s2p:s2p" File: E:/UoB/VibeAI/1dcnn/top/m08_cnn1d.sv Line: 283
Info (12128): Elaborating entity "adc" for hierarchy "adc:u0" File: E:/UoB/VibeAI/1dcnn/quartus/cnn_vibration_monitor_example_design_10M08/cnn_vibration_monitor_10M08.sv Line: 228
Info (12128): Elaborating entity "adc_altpll_0" for hierarchy "adc:u0|adc_altpll_0:altpll_0" File: E:/UoB/VibeAI/1dcnn/quartus/cnn_vibration_monitor_example_design_10M08/db/ip/adc/adc.v Line: 59
Info (12128): Elaborating entity "adc_altpll_0_stdsync_sv6" for hierarchy "adc:u0|adc_altpll_0:altpll_0|adc_altpll_0_stdsync_sv6:stdsync2" File: E:/UoB/VibeAI/1dcnn/quartus/cnn_vibration_monitor_example_design_10M08/db/ip/adc/submodules/adc_altpll_0.v Line: 289
Info (12128): Elaborating entity "adc_altpll_0_dffpipe_l2c" for hierarchy "adc:u0|adc_altpll_0:altpll_0|adc_altpll_0_stdsync_sv6:stdsync2|adc_altpll_0_dffpipe_l2c:dffpipe3" File: E:/UoB/VibeAI/1dcnn/quartus/cnn_vibration_monitor_example_design_10M08/db/ip/adc/submodules/adc_altpll_0.v Line: 117
Info (12128): Elaborating entity "adc_altpll_0_altpll_6b92" for hierarchy "adc:u0|adc_altpll_0:altpll_0|adc_altpll_0_altpll_6b92:sd1" File: E:/UoB/VibeAI/1dcnn/quartus/cnn_vibration_monitor_example_design_10M08/db/ip/adc/submodules/adc_altpll_0.v Line: 295
Info (12128): Elaborating entity "adc_modular_adc_0" for hierarchy "adc:u0|adc_modular_adc_0:modular_adc_0" File: E:/UoB/VibeAI/1dcnn/quartus/cnn_vibration_monitor_example_design_10M08/db/ip/adc/adc.v Line: 76
Info (12128): Elaborating entity "altera_modular_adc_control" for hierarchy "adc:u0|adc_modular_adc_0:modular_adc_0|altera_modular_adc_control:control_internal" File: E:/UoB/VibeAI/1dcnn/quartus/cnn_vibration_monitor_example_design_10M08/db/ip/adc/submodules/adc_modular_adc_0.v Line: 73
Info (12128): Elaborating entity "altera_modular_adc_control_fsm" for hierarchy "adc:u0|adc_modular_adc_0:modular_adc_0|altera_modular_adc_control:control_internal|altera_modular_adc_control_fsm:u_control_fsm" File: E:/UoB/VibeAI/1dcnn/quartus/cnn_vibration_monitor_example_design_10M08/db/ip/adc/submodules/altera_modular_adc_control.v Line: 108
Warning (10036): Verilog HDL or VHDL warning at altera_modular_adc_control_fsm.v(70): object "sync_ctrl_state_nxt" assigned a value but never read File: E:/UoB/VibeAI/1dcnn/quartus/cnn_vibration_monitor_example_design_10M08/db/ip/adc/submodules/altera_modular_adc_control_fsm.v Line: 70
Info (12128): Elaborating entity "altera_std_synchronizer" for hierarchy "adc:u0|adc_modular_adc_0:modular_adc_0|altera_modular_adc_control:control_internal|altera_modular_adc_control_fsm:u_control_fsm|altera_std_synchronizer:u_clk_dft_synchronizer" File: E:/UoB/VibeAI/1dcnn/quartus/cnn_vibration_monitor_example_design_10M08/db/ip/adc/submodules/altera_modular_adc_control_fsm.v Line: 156
Info (12130): Elaborated megafunction instantiation "adc:u0|adc_modular_adc_0:modular_adc_0|altera_modular_adc_control:control_internal|altera_modular_adc_control_fsm:u_control_fsm|altera_std_synchronizer:u_clk_dft_synchronizer" File: E:/UoB/VibeAI/1dcnn/quartus/cnn_vibration_monitor_example_design_10M08/db/ip/adc/submodules/altera_modular_adc_control_fsm.v Line: 156
Info (12133): Instantiated megafunction "adc:u0|adc_modular_adc_0:modular_adc_0|altera_modular_adc_control:control_internal|altera_modular_adc_control_fsm:u_control_fsm|altera_std_synchronizer:u_clk_dft_synchronizer" with the following parameter: File: E:/UoB/VibeAI/1dcnn/quartus/cnn_vibration_monitor_example_design_10M08/db/ip/adc/submodules/altera_modular_adc_control_fsm.v Line: 156
    Info (12134): Parameter "depth" = "2"
Info (12128): Elaborating entity "altera_modular_adc_control_avrg_fifo" for hierarchy "adc:u0|adc_modular_adc_0:modular_adc_0|altera_modular_adc_control:control_internal|altera_modular_adc_control_fsm:u_control_fsm|altera_modular_adc_control_avrg_fifo:ts_avrg_fifo" File: E:/UoB/VibeAI/1dcnn/quartus/cnn_vibration_monitor_example_design_10M08/db/ip/adc/submodules/altera_modular_adc_control_fsm.v Line: 955
Info (12128): Elaborating entity "scfifo" for hierarchy "adc:u0|adc_modular_adc_0:modular_adc_0|altera_modular_adc_control:control_internal|altera_modular_adc_control_fsm:u_control_fsm|altera_modular_adc_control_avrg_fifo:ts_avrg_fifo|scfifo:scfifo_component" File: E:/UoB/VibeAI/1dcnn/quartus/cnn_vibration_monitor_example_design_10M08/db/ip/adc/submodules/altera_modular_adc_control_avrg_fifo.v Line: 91
Info (12130): Elaborated megafunction instantiation "adc:u0|adc_modular_adc_0:modular_adc_0|altera_modular_adc_control:control_internal|altera_modular_adc_control_fsm:u_control_fsm|altera_modular_adc_control_avrg_fifo:ts_avrg_fifo|scfifo:scfifo_component" File: E:/UoB/VibeAI/1dcnn/quartus/cnn_vibration_monitor_example_design_10M08/db/ip/adc/submodules/altera_modular_adc_control_avrg_fifo.v Line: 91
Info (12133): Instantiated megafunction "adc:u0|adc_modular_adc_0:modular_adc_0|altera_modular_adc_control:control_internal|altera_modular_adc_control_fsm:u_control_fsm|altera_modular_adc_control_avrg_fifo:ts_avrg_fifo|scfifo:scfifo_component" with the following parameter: File: E:/UoB/VibeAI/1dcnn/quartus/cnn_vibration_monitor_example_design_10M08/db/ip/adc/submodules/altera_modular_adc_control_avrg_fifo.v Line: 91
    Info (12134): Parameter "add_ram_output_register" = "OFF"
    Info (12134): Parameter "intended_device_family" = "MAX 10"
    Info (12134): Parameter "lpm_hint" = "RAM_BLOCK_TYPE=M9K"
    Info (12134): Parameter "lpm_numwords" = "64"
    Info (12134): Parameter "lpm_showahead" = "OFF"
    Info (12134): Parameter "lpm_type" = "scfifo"
    Info (12134): Parameter "lpm_width" = "12"
    Info (12134): Parameter "lpm_widthu" = "6"
    Info (12134): Parameter "overflow_checking" = "ON"
    Info (12134): Parameter "underflow_checking" = "ON"
    Info (12134): Parameter "use_eab" = "ON"
Info (12021): Found 1 design units, including 1 entities, in source file db/scfifo_do61.tdf
    Info (12023): Found entity 1: scfifo_do61 File: E:/UoB/VibeAI/1dcnn/quartus/cnn_vibration_monitor_example_design_10M08/db/scfifo_do61.tdf Line: 25
Info (12128): Elaborating entity "scfifo_do61" for hierarchy "adc:u0|adc_modular_adc_0:modular_adc_0|altera_modular_adc_control:control_internal|altera_modular_adc_control_fsm:u_control_fsm|altera_modular_adc_control_avrg_fifo:ts_avrg_fifo|scfifo:scfifo_component|scfifo_do61:auto_generated" File: e:/intelfpga_lite/23.1std/quartus/libraries/megafunctions/scfifo.tdf Line: 300
Info (12021): Found 1 design units, including 1 entities, in source file db/a_dpfifo_3k41.tdf
    Info (12023): Found entity 1: a_dpfifo_3k41 File: E:/UoB/VibeAI/1dcnn/quartus/cnn_vibration_monitor_example_design_10M08/db/a_dpfifo_3k41.tdf Line: 29
Info (12128): Elaborating entity "a_dpfifo_3k41" for hierarchy "adc:u0|adc_modular_adc_0:modular_adc_0|altera_modular_adc_control:control_internal|altera_modular_adc_control_fsm:u_control_fsm|altera_modular_adc_control_avrg_fifo:ts_avrg_fifo|scfifo:scfifo_component|scfifo_do61:auto_generated|a_dpfifo_3k41:dpfifo" File: E:/UoB/VibeAI/1dcnn/quartus/cnn_vibration_monitor_example_design_10M08/db/scfifo_do61.tdf Line: 37
Info (12021): Found 1 design units, including 1 entities, in source file db/a_fefifo_c6e.tdf
    Info (12023): Found entity 1: a_fefifo_c6e File: E:/UoB/VibeAI/1dcnn/quartus/cnn_vibration_monitor_example_design_10M08/db/a_fefifo_c6e.tdf Line: 25
Info (12128): Elaborating entity "a_fefifo_c6e" for hierarchy "adc:u0|adc_modular_adc_0:modular_adc_0|altera_modular_adc_control:control_internal|altera_modular_adc_control_fsm:u_control_fsm|altera_modular_adc_control_avrg_fifo:ts_avrg_fifo|scfifo:scfifo_component|scfifo_do61:auto_generated|a_dpfifo_3k41:dpfifo|a_fefifo_c6e:fifo_state" File: E:/UoB/VibeAI/1dcnn/quartus/cnn_vibration_monitor_example_design_10M08/db/a_dpfifo_3k41.tdf Line: 41
Info (12021): Found 1 design units, including 1 entities, in source file db/cntr_337.tdf
    Info (12023): Found entity 1: cntr_337 File: E:/UoB/VibeAI/1dcnn/quartus/cnn_vibration_monitor_example_design_10M08/db/cntr_337.tdf Line: 26
Info (12128): Elaborating entity "cntr_337" for hierarchy "adc:u0|adc_modular_adc_0:modular_adc_0|altera_modular_adc_control:control_internal|altera_modular_adc_control_fsm:u_control_fsm|altera_modular_adc_control_avrg_fifo:ts_avrg_fifo|scfifo:scfifo_component|scfifo_do61:auto_generated|a_dpfifo_3k41:dpfifo|a_fefifo_c6e:fifo_state|cntr_337:count_usedw" File: E:/UoB/VibeAI/1dcnn/quartus/cnn_vibration_monitor_example_design_10M08/db/a_fefifo_c6e.tdf Line: 38
Info (12021): Found 1 design units, including 1 entities, in source file db/altsyncram_rmn1.tdf
    Info (12023): Found entity 1: altsyncram_rmn1 File: E:/UoB/VibeAI/1dcnn/quartus/cnn_vibration_monitor_example_design_10M08/db/altsyncram_rmn1.tdf Line: 28
Info (12128): Elaborating entity "altsyncram_rmn1" for hierarchy "adc:u0|adc_modular_adc_0:modular_adc_0|altera_modular_adc_control:control_internal|altera_modular_adc_control_fsm:u_control_fsm|altera_modular_adc_control_avrg_fifo:ts_avrg_fifo|scfifo:scfifo_component|scfifo_do61:auto_generated|a_dpfifo_3k41:dpfifo|altsyncram_rmn1:FIFOram" File: E:/UoB/VibeAI/1dcnn/quartus/cnn_vibration_monitor_example_design_10M08/db/a_dpfifo_3k41.tdf Line: 42
Info (12021): Found 1 design units, including 1 entities, in source file db/cntr_n2b.tdf
    Info (12023): Found entity 1: cntr_n2b File: E:/UoB/VibeAI/1dcnn/quartus/cnn_vibration_monitor_example_design_10M08/db/cntr_n2b.tdf Line: 26
Info (12128): Elaborating entity "cntr_n2b" for hierarchy "adc:u0|adc_modular_adc_0:modular_adc_0|altera_modular_adc_control:control_internal|altera_modular_adc_control_fsm:u_control_fsm|altera_modular_adc_control_avrg_fifo:ts_avrg_fifo|scfifo:scfifo_component|scfifo_do61:auto_generated|a_dpfifo_3k41:dpfifo|cntr_n2b:rd_ptr_count" File: E:/UoB/VibeAI/1dcnn/quartus/cnn_vibration_monitor_example_design_10M08/db/a_dpfifo_3k41.tdf Line: 43
Info (12128): Elaborating entity "fiftyfivenm_adcblock_top_wrapper" for hierarchy "adc:u0|adc_modular_adc_0:modular_adc_0|altera_modular_adc_control:control_internal|fiftyfivenm_adcblock_top_wrapper:adc_inst" File: E:/UoB/VibeAI/1dcnn/quartus/cnn_vibration_monitor_example_design_10M08/db/ip/adc/submodules/altera_modular_adc_control.v Line: 152
Info (12128): Elaborating entity "chsel_code_converter_sw_to_hw" for hierarchy "adc:u0|adc_modular_adc_0:modular_adc_0|altera_modular_adc_control:control_internal|fiftyfivenm_adcblock_top_wrapper:adc_inst|chsel_code_converter_sw_to_hw:decoder" File: E:/UoB/VibeAI/1dcnn/quartus/cnn_vibration_monitor_example_design_10M08/db/ip/adc/submodules/fiftyfivenm_adcblock_top_wrapper.v Line: 173
Info (12128): Elaborating entity "fiftyfivenm_adcblock_primitive_wrapper" for hierarchy "adc:u0|adc_modular_adc_0:modular_adc_0|altera_modular_adc_control:control_internal|fiftyfivenm_adcblock_top_wrapper:adc_inst|fiftyfivenm_adcblock_primitive_wrapper:adcblock_instance" File: E:/UoB/VibeAI/1dcnn/quartus/cnn_vibration_monitor_example_design_10M08/db/ip/adc/submodules/fiftyfivenm_adcblock_top_wrapper.v Line: 191
Info (12128): Elaborating entity "altera_reset_controller" for hierarchy "adc:u0|altera_reset_controller:rst_controller" File: E:/UoB/VibeAI/1dcnn/quartus/cnn_vibration_monitor_example_design_10M08/db/ip/adc/adc.v Line: 139
Info (12128): Elaborating entity "altera_reset_synchronizer" for hierarchy "adc:u0|altera_reset_controller:rst_controller|altera_reset_synchronizer:alt_rst_sync_uq1" File: E:/UoB/VibeAI/1dcnn/quartus/cnn_vibration_monitor_example_design_10M08/db/ip/adc/submodules/altera_reset_controller.v Line: 208
Info (12128): Elaborating entity "altera_reset_synchronizer" for hierarchy "adc:u0|altera_reset_controller:rst_controller|altera_reset_synchronizer:alt_rst_req_sync_uq1" File: E:/UoB/VibeAI/1dcnn/quartus/cnn_vibration_monitor_example_design_10M08/db/ip/adc/submodules/altera_reset_controller.v Line: 220
Info (13014): Ignored 700 buffer(s)
    Info (13019): Ignored 700 SOFT buffer(s)
Warning (14284): Synthesized away the following node(s):
    Warning (14285): Synthesized away the following DSP element node(s):
        Warning (14320): Synthesized away node "m08_cnn1d:cnn1d|nrn_layer:fc_2|mult_reduce:mult_reduce|mult:multiplier|lpm_mult:lpm_mult_component|mult_4ms:auto_generated|mac_out8" File: E:/UoB/VibeAI/1dcnn/quartus/cnn_vibration_monitor_example_design_10M08/db/mult_4ms.tdf Line: 97
        Warning (14320): Synthesized away node "m08_cnn1d:cnn1d|nrn_layer:fc_2|mult_reduce:mult_reduce|mult:multiplier|lpm_mult:lpm_mult_component|mult_4ms:auto_generated|mac_mult7" File: E:/UoB/VibeAI/1dcnn/quartus/cnn_vibration_monitor_example_design_10M08/db/mult_4ms.tdf Line: 73
        Warning (14320): Synthesized away node "m08_cnn1d:cnn1d|nrn_layer:fc_1|mult_reduce:mult_reduce|mult:multiplier|lpm_mult:lpm_mult_component|mult_4ms:auto_generated|mac_out8" File: E:/UoB/VibeAI/1dcnn/quartus/cnn_vibration_monitor_example_design_10M08/db/mult_4ms.tdf Line: 97
        Warning (14320): Synthesized away node "m08_cnn1d:cnn1d|nrn_layer:fc_1|mult_reduce:mult_reduce|mult:multiplier|lpm_mult:lpm_mult_component|mult_4ms:auto_generated|mac_mult7" File: E:/UoB/VibeAI/1dcnn/quartus/cnn_vibration_monitor_example_design_10M08/db/mult_4ms.tdf Line: 73
        Warning (14320): Synthesized away node "m08_cnn1d:cnn1d|conv1d_layer:conv1d_layer|conv1d:CONVOLUTION_1D[0].conv1d|mult_reduce:multiply_reduce|mult:multiplier|lpm_mult:lpm_mult_component|mult_4ms:auto_generated|mac_out8" File: E:/UoB/VibeAI/1dcnn/quartus/cnn_vibration_monitor_example_design_10M08/db/mult_4ms.tdf Line: 97
        Warning (14320): Synthesized away node "m08_cnn1d:cnn1d|conv1d_layer:conv1d_layer|conv1d:CONVOLUTION_1D[1].conv1d|mult_reduce:multiply_reduce|mult:multiplier|lpm_mult:lpm_mult_component|mult_4ms:auto_generated|mac_out8" File: E:/UoB/VibeAI/1dcnn/quartus/cnn_vibration_monitor_example_design_10M08/db/mult_4ms.tdf Line: 97
        Warning (14320): Synthesized away node "m08_cnn1d:cnn1d|conv1d_layer:conv1d_layer|conv1d:CONVOLUTION_1D[0].conv1d|mult_reduce:multiply_reduce|mult:multiplier|lpm_mult:lpm_mult_component|mult_4ms:auto_generated|mac_mult7" File: E:/UoB/VibeAI/1dcnn/quartus/cnn_vibration_monitor_example_design_10M08/db/mult_4ms.tdf Line: 73
        Warning (14320): Synthesized away node "m08_cnn1d:cnn1d|conv1d_layer:conv1d_layer|conv1d:CONVOLUTION_1D[1].conv1d|mult_reduce:multiply_reduce|mult:multiplier|lpm_mult:lpm_mult_component|mult_4ms:auto_generated|mac_mult7" File: E:/UoB/VibeAI/1dcnn/quartus/cnn_vibration_monitor_example_design_10M08/db/mult_4ms.tdf Line: 73
Info (13000): Registers with preset signals will power-up high File: E:/UoB/VibeAI/1dcnn/quartus/cnn_vibration_monitor_example_design_10M08/db/ip/adc/submodules/altera_modular_adc_control_fsm.v Line: 42
Info (13003): DEV_CLRn pin will set, and not reset, register with preset signal due to NOT Gate Push-Back
Warning (13024): Output pins are stuck at VCC or GND
    Warning (13410): Pin "arduino_io[1]" is stuck at GND File: E:/UoB/VibeAI/1dcnn/quartus/cnn_vibration_monitor_example_design_10M08/cnn_vibration_monitor_10M08.sv Line: 55
    Warning (13410): Pin "arduino_io[2]" is stuck at GND File: E:/UoB/VibeAI/1dcnn/quartus/cnn_vibration_monitor_example_design_10M08/cnn_vibration_monitor_10M08.sv Line: 55
    Warning (13410): Pin "arduino_io[3]" is stuck at GND File: E:/UoB/VibeAI/1dcnn/quartus/cnn_vibration_monitor_example_design_10M08/cnn_vibration_monitor_10M08.sv Line: 55
    Warning (13410): Pin "arduino_io[4]" is stuck at GND File: E:/UoB/VibeAI/1dcnn/quartus/cnn_vibration_monitor_example_design_10M08/cnn_vibration_monitor_10M08.sv Line: 55
    Warning (13410): Pin "arduino_io[5]" is stuck at VCC File: E:/UoB/VibeAI/1dcnn/quartus/cnn_vibration_monitor_example_design_10M08/cnn_vibration_monitor_10M08.sv Line: 55
Info (286030): Timing-Driven Synthesis is running
Info (17049): 100 registers lost all their fanouts during netlist optimizations.
Info (144001): Generated suppressed messages file E:/UoB/VibeAI/1dcnn/quartus/cnn_vibration_monitor_example_design_10M08/output_files/cnn_vibration_monior_10M08.map.smsg
Info (16010): Generating hard_block partition "hard_block:auto_generated_inst"
    Info (16011): Adding 1 node(s), including 0 DDIO, 1 PLL, 0 transceiver and 0 LCELL
Info (21057): Implemented 2674 device resources after synthesis - the final resource count might be different
    Info (21058): Implemented 1 input pins
    Info (21059): Implemented 11 output pins
    Info (21061): Implemented 2384 logic cells
    Info (21064): Implemented 252 RAM segments
    Info (21065): Implemented 1 PLLs
    Info (21062): Implemented 24 DSP elements
Info: Quartus Prime Analysis & Synthesis was successful. 0 errors, 20 warnings
    Info: Peak virtual memory: 4887 megabytes
    Info: Processing ended: Thu Aug  7 14:35:22 2025
    Info: Elapsed time: 00:00:13
    Info: Total CPU time (on all processors): 00:00:26


+------------------------------------------+
; Analysis & Synthesis Suppressed Messages ;
+------------------------------------------+
The suppressed messages can be found in E:/UoB/VibeAI/1dcnn/quartus/cnn_vibration_monitor_example_design_10M08/output_files/cnn_vibration_monior_10M08.map.smsg.


