Fitter report for cnn_vibration_monior_10M08
Tue Jul 22 23:34:34 2025
Quartus Prime Version 23.1std.1 Build 993 05/14/2024 SC Lite Edition


---------------------
; Table of Contents ;
---------------------
  1. Legal Notice
  2. Fitter Summary
  3. Fitter Settings
  4. Parallel Compilation
  5. Fitter Netlist Optimizations
  6. Incremental Compilation Preservation Summary
  7. Incremental Compilation Partition Settings
  8. Incremental Compilation Placement Preservation
  9. Fitter Resource Usage Summary
 10. Input Pins
 11. Output Pins
 12. I/O Bank Usage
 13. All Package Pins
 14. PLL Summary
 15. PLL Usage
 16. I/O Assignment Warnings
 17. Fitter Resource Utilization by Entity
 18. Delay Chain Summary
 19. Pad To Core Delay Chain Fanout
 20. Control Signals
 21. Global & Other Fast Signals
 22. Non-Global High Fan-Out Signals
 23. Fitter RAM Summary
 24. |cnn_vibration_monitor_10M08|m08_cnn1d:cnn1d|nrn_layer:fc_2|sp_ram_clken:nrn_ram|altsyncram:altsyncram_component|altsyncram_p3l1:auto_generated|ALTSYNCRAM
 25. |cnn_vibration_monitor_10M08|m08_cnn1d:cnn1d|nrn_layer:fc_1|sp_ram_clken:nrn_ram|altsyncram:altsyncram_component|altsyncram_q3l1:auto_generated|ALTSYNCRAM
 26. |cnn_vibration_monitor_10M08|m08_cnn1d:cnn1d|conv1d_layer:conv1d_layer|sp_ram:conv1d_biases|altsyncram:altsyncram_component|altsyncram_57k1:auto_generated|ALTSYNCRAM
 27. |cnn_vibration_monitor_10M08|m08_cnn1d:cnn1d|conv1d_layer:conv1d_layer|sp_ram:conv1d_weights|altsyncram:altsyncram_component|altsyncram_mck1:auto_generated|ALTSYNCRAM
 28. Fitter DSP Block Usage Summary
 29. DSP Block Details
 30. I/O Rules Summary
 31. I/O Rules Details
 32. I/O Rules Matrix
 33. Fitter Device Options
 34. Operating Settings and Conditions
 35. Fitter Messages
 36. Fitter Suppressed Messages



----------------
; Legal Notice ;
----------------
Copyright (C) 2024  Intel Corporation. All rights reserved.
Your use of Intel Corporation's design tools, logic functions 
and other software and tools, and any partner logic 
functions, and any output files from any of the foregoing 
(including device programming or simulation files), and any 
associated documentation or information are expressly subject 
to the terms and conditions of the Intel Program License 
Subscription Agreement, the Intel Quartus Prime License Agreement,
the Intel FPGA IP License Agreement, or other applicable license
agreement, including, without limitation, that your use is for
the sole purpose of programming logic devices manufactured by
Intel and sold by Intel or its authorized distributors.  Please
refer to the applicable agreement for further details, at
https://fpgasoftware.intel.com/eula.



+-------------------------------------------------------------------------------------+
; Fitter Summary                                                                      ;
+------------------------------------+------------------------------------------------+
; Fitter Status                      ; Failed - Tue Jul 22 23:34:34 2025              ;
; Quartus Prime Version              ; 23.1std.1 Build 993 05/14/2024 SC Lite Edition ;
; Revision Name                      ; cnn_vibration_monior_10M08                     ;
; Top-level Entity Name              ; cnn_vibration_monitor_10M08                    ;
; Family                             ; MAX 10                                         ;
; Device                             ; 10M08SAE144I7G                                 ;
; Timing Models                      ; Final                                          ;
; Total logic elements               ; 25,832 / 8,064 ( 320 % )                       ;
;     Total combinational functions  ; 1,210 / 8,064 ( 15 % )                         ;
;     Dedicated logic registers      ; 25,302 / 8,064 ( 314 % )                       ;
; Total registers                    ; 25302                                          ;
; Total pins                         ; 12 / 101 ( 12 % )                              ;
; Total virtual pins                 ; 0                                              ;
; Total memory bits                  ; 3,600 / 387,072 ( < 1 % )                      ;
; Embedded Multiplier 9-bit elements ; 24 / 48 ( 50 % )                               ;
; Total PLLs                         ; 1 / 1 ( 100 % )                                ;
; UFM blocks                         ; 0 / 1 ( 0 % )                                  ;
; ADC blocks                         ; 1 / 1 ( 100 % )                                ;
+------------------------------------+------------------------------------------------+


+----------------------------------------------------------------------------------------------------------------------------------------------------+
; Fitter Settings                                                                                                                                    ;
+--------------------------------------------------------------------+---------------------------------------+---------------------------------------+
; Option                                                             ; Setting                               ; Default Value                         ;
+--------------------------------------------------------------------+---------------------------------------+---------------------------------------+
; Device                                                             ; 10M08SAE144I7G                        ;                                       ;
; Minimum Core Junction Temperature                                  ; -40                                   ;                                       ;
; Maximum Core Junction Temperature                                  ; 100                                   ;                                       ;
; Fit Attempts to Skip                                               ; 0                                     ; 0.0                                   ;
; Power Optimization During Fitting                                  ; Extra effort                          ; Normal compilation                    ;
; Use smart compilation                                              ; Off                                   ; Off                                   ;
; Enable parallel Assembler and Timing Analyzer during compilation   ; On                                    ; On                                    ;
; Enable compact report table                                        ; Off                                   ; Off                                   ;
; Auto Merge PLLs                                                    ; On                                    ; On                                    ;
; Router Timing Optimization Level                                   ; Normal                                ; Normal                                ;
; Perform Clocking Topology Analysis During Routing                  ; Off                                   ; Off                                   ;
; Placement Effort Multiplier                                        ; 1.0                                   ; 1.0                                   ;
; Router Effort Multiplier                                           ; 1.0                                   ; 1.0                                   ;
; Optimize Hold Timing                                               ; All Paths                             ; All Paths                             ;
; Optimize Multi-Corner Timing                                       ; On                                    ; On                                    ;
; SSN Optimization                                                   ; Off                                   ; Off                                   ;
; Optimize Timing                                                    ; Normal compilation                    ; Normal compilation                    ;
; Optimize Timing for ECOs                                           ; Off                                   ; Off                                   ;
; Regenerate Full Fit Report During ECO Compiles                     ; Off                                   ; Off                                   ;
; Optimize IOC Register Placement for Timing                         ; Normal                                ; Normal                                ;
; Final Placement Optimizations                                      ; Automatically                         ; Automatically                         ;
; Fitter Initial Placement Seed                                      ; 1                                     ; 1                                     ;
; Periphery to Core Placement and Routing Optimization               ; Off                                   ; Off                                   ;
; PCI I/O                                                            ; Off                                   ; Off                                   ;
; Weak Pull-Up Resistor                                              ; Off                                   ; Off                                   ;
; Enable Bus-Hold Circuitry                                          ; Off                                   ; Off                                   ;
; Auto Packed Registers                                              ; Auto                                  ; Auto                                  ;
; Auto Delay Chains                                                  ; On                                    ; On                                    ;
; Auto Delay Chains for High Fanout Input Pins                       ; Off                                   ; Off                                   ;
; Allow Single-ended Buffer for Differential-XSTL Input              ; Off                                   ; Off                                   ;
; Treat Bidirectional Pin as Output Pin                              ; Off                                   ; Off                                   ;
; Perform Physical Synthesis for Combinational Logic for Fitting     ; Off                                   ; Off                                   ;
; Perform Physical Synthesis for Combinational Logic for Performance ; Off                                   ; Off                                   ;
; Perform Register Duplication for Performance                       ; Off                                   ; Off                                   ;
; Perform Logic to Memory Mapping for Fitting                        ; Off                                   ; Off                                   ;
; Perform Register Retiming for Performance                          ; Off                                   ; Off                                   ;
; Perform Asynchronous Signal Pipelining                             ; Off                                   ; Off                                   ;
; Fitter Effort                                                      ; Auto Fit                              ; Auto Fit                              ;
; Physical Synthesis Effort Level                                    ; Normal                                ; Normal                                ;
; Logic Cell Insertion - Logic Duplication                           ; Auto                                  ; Auto                                  ;
; Auto Register Duplication                                          ; Auto                                  ; Auto                                  ;
; Auto Global Clock                                                  ; On                                    ; On                                    ;
; Auto Global Register Control Signals                               ; On                                    ; On                                    ;
; Reserve all unused pins                                            ; As input tri-stated with weak pull-up ; As input tri-stated with weak pull-up ;
; Synchronizer Identification                                        ; Auto                                  ; Auto                                  ;
; Enable Beneficial Skew Optimization                                ; On                                    ; On                                    ;
; Optimize Design for Metastability                                  ; On                                    ; On                                    ;
; Force Fitter to Avoid Periphery Placement Warnings                 ; Off                                   ; Off                                   ;
; Enable input tri-state on active configuration pins in user mode   ; Off                                   ; Off                                   ;
+--------------------------------------------------------------------+---------------------------------------+---------------------------------------+


+------------------------------------------+
; Parallel Compilation                     ;
+----------------------------+-------------+
; Processors                 ; Number      ;
+----------------------------+-------------+
; Number detected on machine ; 24          ;
; Maximum allowed            ; 8           ;
;                            ;             ;
; Average used               ; 1.03        ;
; Maximum used               ; 8           ;
;                            ;             ;
; Usage by Processor         ; % Time Used ;
;     Processor 1            ; 100.0%      ;
;     Processor 2            ;   0.5%      ;
;     Processor 3            ;   0.5%      ;
;     Processor 4            ;   0.4%      ;
;     Processor 5            ;   0.4%      ;
;     Processor 6            ;   0.4%      ;
;     Processor 7            ;   0.4%      ;
;     Processor 8            ;   0.4%      ;
+----------------------------+-------------+


+---------------------------------------------------------------------------------------------------------------------------------------------------------------------------------------------------------------------------------------------------------------------------------------------------------------------------------------------------------------------------------------------------------------------------------------------------+
; Fitter Netlist Optimizations                                                                                                                                                                                                                                                                                                                                                                                                                      ;
+----------------------------------------------------------------------------------------------------------------------------------------------------------------------------------------------------------------------------------------------------------------------------------------------------------------+---------+-----------+-----------------+-----------+----------------+------------------+------------------+-----------------------+
; Node                                                                                                                                                                                                                                                                                                           ; Action  ; Operation ; Reason          ; Node Port ; Node Port Name ; Destination Node ; Destination Port ; Destination Port Name ;
+----------------------------------------------------------------------------------------------------------------------------------------------------------------------------------------------------------------------------------------------------------------------------------------------------------------+---------+-----------+-----------------+-----------+----------------+------------------+------------------+-----------------------+
; adc:u0|adc_modular_adc_0:modular_adc_0|altera_modular_adc_control:control_internal|altera_modular_adc_control_fsm:u_control_fsm|altera_modular_adc_control_avrg_fifo:ts_avrg_fifo|scfifo:scfifo_component|scfifo_do61:auto_generated|a_dpfifo_3k41:dpfifo|altsyncram_rmn1:FIFOram|ram_block1a11~RAM_ENABLE_AND ; Created ; Placement ; Power reduction ; COMBOUT   ;                ;                  ;                  ;                       ;
+----------------------------------------------------------------------------------------------------------------------------------------------------------------------------------------------------------------------------------------------------------------------------------------------------------------+---------+-----------+-----------------+-----------+----------------+------------------+------------------+-----------------------+


+----------------------------------------------------------------------------------------------------+
; Incremental Compilation Preservation Summary                                                       ;
+---------------------+----------------------+----------------------------+--------------------------+
; Type                ; Total [A + B]        ; From Design Partitions [A] ; From Rapid Recompile [B] ;
+---------------------+----------------------+----------------------------+--------------------------+
; Placement (by node) ;                      ;                            ;                          ;
;     -- Requested    ; 0.00 % ( 0 / 26847 ) ; 0.00 % ( 0 / 26847 )       ; 0.00 % ( 0 / 26847 )     ;
;     -- Achieved     ; 0.00 % ( 0 / 26847 ) ; 0.00 % ( 0 / 26847 )       ; 0.00 % ( 0 / 26847 )     ;
;                     ;                      ;                            ;                          ;
; Routing (by net)    ;                      ;                            ;                          ;
;     -- Requested    ; 0.00 % ( 0 / 0 )     ; 0.00 % ( 0 / 0 )           ; 0.00 % ( 0 / 0 )         ;
;     -- Achieved     ; 0.00 % ( 0 / 0 )     ; 0.00 % ( 0 / 0 )           ; 0.00 % ( 0 / 0 )         ;
+---------------------+----------------------+----------------------------+--------------------------+


+----------------------------------------------------------------------------------------------------------------------------------------------------------------------------------------+
; Incremental Compilation Partition Settings                                                                                                                                             ;
+--------------------------------+----------------+-------------------+-------------------------+------------------------+------------------------------+--------------------------------+
; Partition Name                 ; Partition Type ; Netlist Type Used ; Preservation Level Used ; Netlist Type Requested ; Preservation Level Requested ; Contents                       ;
+--------------------------------+----------------+-------------------+-------------------------+------------------------+------------------------------+--------------------------------+
; Top                            ; User-created   ; Source File       ; N/A                     ; Source File            ; N/A                          ;                                ;
; hard_block:auto_generated_inst ; Auto-generated ; Source File       ; N/A                     ; Source File            ; N/A                          ; hard_block:auto_generated_inst ;
+--------------------------------+----------------+-------------------+-------------------------+------------------------+------------------------------+--------------------------------+


+------------------------------------------------------------------------------------------------------------------------------------+
; Incremental Compilation Placement Preservation                                                                                     ;
+--------------------------------+-----------------------+-------------------------+-------------------+---------------------+-------+
; Partition Name                 ; Preservation Achieved ; Preservation Level Used ; Netlist Type Used ; Preservation Method ; Notes ;
+--------------------------------+-----------------------+-------------------------+-------------------+---------------------+-------+
; Top                            ; 0.00 % ( 0 / 26813 )  ; N/A                     ; Source File       ; N/A                 ;       ;
; hard_block:auto_generated_inst ; 0.00 % ( 0 / 34 )     ; N/A                     ; Source File       ; N/A                 ;       ;
+--------------------------------+-----------------------+-------------------------+-------------------+---------------------+-------+


+-------------------------------------------------------------------------+
; Fitter Resource Usage Summary                                           ;
+---------------------------------------------+---------------------------+
; Resource                                    ; Usage                     ;
+---------------------------------------------+---------------------------+
; Total logic elements                        ; 25,832 / 8,064 ( 320 % )  ;
;     -- Combinational with no register       ; 530                       ;
;     -- Register only                        ; 24622                     ;
;     -- Combinational with a register        ; 680                       ;
;                                             ;                           ;
; Logic element usage by number of LUT inputs ;                           ;
;     -- 4 input functions                    ; 330                       ;
;     -- 3 input functions                    ; 612                       ;
;     -- <=2 input functions                  ; 268                       ;
;     -- Register only                        ; 24622                     ;
;                                             ;                           ;
; Logic elements by mode                      ;                           ;
;     -- normal mode                          ; 623                       ;
;     -- arithmetic mode                      ; 587                       ;
;                                             ;                           ;
; Total registers*                            ; 25,302 / 8,542 ( 296 % )  ;
;     -- Dedicated logic registers            ; 25,302 / 8,064 ( 314 % )  ;
;     -- I/O registers                        ; 0 / 478 ( 0 % )           ;
;                                             ;                           ;
; Total LABs                                  ; Not available             ;
; Virtual pins                                ; 0                         ;
; I/O pins                                    ; 12 / 101 ( 12 % )         ;
;     -- Clock pins                           ; 0 / 4 ( 0 % )             ;
;     -- Dedicated input pins                 ; 0 / 1 ( 0 % )             ;
;                                             ;                           ;
; M9Ks                                        ; 10 / 42 ( 24 % )          ;
; UFM blocks                                  ; 0 / 1 ( 0 % )             ;
; ADC blocks                                  ; 1 / 1 ( 100 % )           ;
; Total block memory bits                     ; 3,600 / 387,072 ( < 1 % ) ;
; Total block memory implementation bits      ; 92,160 / 387,072 ( 24 % ) ;
; Embedded Multiplier 9-bit elements          ; 24 / 48 ( 50 % )          ;
; PLLs                                        ; 1 / 1 ( 100 % )           ;
; Global signals                              ; 1                         ;
;     -- Global clocks                        ; 1 / 10 ( 10 % )           ;
; JTAGs                                       ; 0 / 1 ( 0 % )             ;
; CRC blocks                                  ; 0 / 1 ( 0 % )             ;
; Remote update blocks                        ; 0 / 1 ( 0 % )             ;
; Oscillator blocks                           ; 0 / 1 ( 0 % )             ;
; Maximum fan-out                             ; 25591                     ;
; Highest non-global fan-out                  ; 24186                     ;
; Total fan-out                               ; 105753                    ;
; Average fan-out                             ; 3.94                      ;
+---------------------------------------------+---------------------------+
*  Register count does not include registers inside RAM blocks or DSP blocks.



+------------------------------------------------------------------------------------------------------------------------------------------------------------------------------------------------------------------------------------------------+
; Input Pins                                                                                                                                                                                                                                     ;
+-------+------------+----------+-----------------------+--------------------+--------+----------------+---------------+-----------------+----------+--------------+--------------+---------------------------+----------------------+-----------+
; Name  ; Pin #      ; I/O Bank ; Combinational Fan-Out ; Registered Fan-Out ; Global ; Input Register ; Power Up High ; PCI I/O Enabled ; Bus Hold ; Weak Pull Up ; I/O Standard ; Termination Control Block ; Location assigned by ; Slew Rate ;
+-------+------------+----------+-----------------------+--------------------+--------+----------------+---------------+-----------------+----------+--------------+--------------+---------------------------+----------------------+-----------+
; clk50 ; Unassigned ; --       ; 1                     ; 0                  ; no     ; no             ; no            ; yes             ; no       ; Off          ; 2.5 V        ; --                        ; User                 ; 0         ;
+-------+------------+----------+-----------------------+--------------------+--------+----------------+---------------+-----------------+----------+--------------+--------------+---------------------------+----------------------+-----------+


+------------------------------------------------------------------------------------------------------------------------------------------------------------------------------------------------------------------------------------------------------------------------------------------------------------------------------------------------------------------------------------------------------------------------+
; Output Pins                                                                                                                                                                                                                                                                                                                                                                                                            ;
+---------------+------------+----------+-----------------+------------------------+---------------+-----------+-----------------+------------+---------------+----------+--------------+--------------+------------------+-----------------------------------+---------------------------+----------------------------+-----------------------------+----------------------+----------------------+---------------------+
; Name          ; Pin #      ; I/O Bank ; Output Register ; Output Enable Register ; Power Up High ; Slew Rate ; PCI I/O Enabled ; Open Drain ; TRI Primitive ; Bus Hold ; Weak Pull Up ; I/O Standard ; Current Strength ; Termination                       ; Termination Control Block ; Output Buffer Pre-emphasis ; Voltage Output Differential ; Location assigned by ; Output Enable Source ; Output Enable Group ;
+---------------+------------+----------+-----------------+------------------------+---------------+-----------+-----------------+------------+---------------+----------+--------------+--------------+------------------+-----------------------------------+---------------------------+----------------------------+-----------------------------+----------------------+----------------------+---------------------+
; arduino_io[0] ; Unassigned ; --       ; no              ; no                     ; no            ; 2         ; no              ; no         ; no            ; no       ; Off          ; 2.5 V        ; Default          ; Series 50 Ohm without Calibration ; --                        ; no                         ; no                          ; User                 ; -                    ; -                   ;
; arduino_io[1] ; Unassigned ; --       ; no              ; no                     ; no            ; 2         ; no              ; no         ; no            ; no       ; Off          ; 2.5 V        ; Default          ; Series 50 Ohm without Calibration ; --                        ; no                         ; no                          ; User                 ; -                    ; -                   ;
; arduino_io[2] ; Unassigned ; --       ; no              ; no                     ; no            ; 2         ; no              ; no         ; no            ; no       ; Off          ; 2.5 V        ; Default          ; Series 50 Ohm without Calibration ; --                        ; no                         ; no                          ; User                 ; -                    ; -                   ;
; arduino_io[3] ; Unassigned ; --       ; no              ; no                     ; no            ; 2         ; no              ; no         ; no            ; no       ; Off          ; 2.5 V        ; Default          ; Series 50 Ohm without Calibration ; --                        ; no                         ; no                          ; User                 ; -                    ; -                   ;
; arduino_io[4] ; Unassigned ; --       ; no              ; no                     ; no            ; 2         ; no              ; no         ; no            ; no       ; Off          ; 2.5 V        ; Default          ; Series 50 Ohm without Calibration ; --                        ; no                         ; no                          ; User                 ; -                    ; -                   ;
; arduino_io[5] ; Unassigned ; --       ; no              ; no                     ; no            ; 2         ; no              ; no         ; no            ; no       ; Off          ; 2.5 V        ; Default          ; Series 50 Ohm without Calibration ; --                        ; no                         ; no                          ; User                 ; -                    ; -                   ;
; arduino_io[6] ; Unassigned ; --       ; no              ; no                     ; no            ; 2         ; no              ; no         ; no            ; no       ; Off          ; 2.5 V        ; Default          ; Series 50 Ohm without Calibration ; --                        ; no                         ; no                          ; User                 ; -                    ; -                   ;
; arduino_io[7] ; Unassigned ; --       ; no              ; no                     ; no            ; 2         ; no              ; no         ; no            ; no       ; Off          ; 2.5 V        ; Default          ; Series 50 Ohm without Calibration ; --                        ; no                         ; no                          ; User                 ; -                    ; -                   ;
; led[0]        ; Unassigned ; --       ; no              ; no                     ; no            ; 2         ; no              ; no         ; no            ; no       ; Off          ; 2.5 V        ; Default          ; Series 50 Ohm without Calibration ; --                        ; no                         ; no                          ; User                 ; -                    ; -                   ;
; led[1]        ; Unassigned ; --       ; no              ; no                     ; no            ; 2         ; no              ; no         ; no            ; no       ; Off          ; 2.5 V        ; Default          ; Series 50 Ohm without Calibration ; --                        ; no                         ; no                          ; User                 ; -                    ; -                   ;
; led[2]        ; Unassigned ; --       ; no              ; no                     ; no            ; 2         ; no              ; no         ; no            ; no       ; Off          ; 2.5 V        ; Default          ; Series 50 Ohm without Calibration ; --                        ; no                         ; no                          ; User                 ; -                    ; -                   ;
+---------------+------------+----------+-----------------+------------------------+---------------+-----------+-----------------+------------+---------------+----------+--------------+--------------+------------------+-----------------------------------+---------------------------+----------------------------+-----------------------------+----------------------+----------------------+---------------------+


+----------------------------------------------------------+
; I/O Bank Usage                                           ;
+----------+----------------+---------------+--------------+
; I/O Bank ; Usage          ; VCCIO Voltage ; VREF Voltage ;
+----------+----------------+---------------+--------------+
; 1A       ; 0 / 8 ( 0 % )  ; 2.5V          ; --           ;
; 1B       ; 0 / 10 ( 0 % ) ; 2.5V          ; --           ;
; 2        ; 0 / 7 ( 0 % )  ; 2.5V          ; --           ;
; 3        ; 0 / 18 ( 0 % ) ; 2.5V          ; --           ;
; 4        ; 0 / 7 ( 0 % )  ; 2.5V          ; --           ;
; 5        ; 0 / 12 ( 0 % ) ; 2.5V          ; --           ;
; 6        ; 0 / 15 ( 0 % ) ; 2.5V          ; --           ;
; 7        ; 0 / 7 ( 0 % )  ; 2.5V          ; --           ;
; 8        ; 0 / 17 ( 0 % ) ; 2.5V          ; --           ;
; Unknown  ; 28             ; --            ;              ;
+----------+----------------+---------------+--------------+


+----------------------------------------------------------------------------------------------------------------------------------------------------------------+
; All Package Pins                                                                                                                                               ;
+----------+------------+----------+---------------------------------+-------+--------------+-----------+------------+-----------------+----------+--------------+
; Location ; Pad Number ; I/O Bank ; Pin Name/Usage                  ; Dir.  ; I/O Standard ; Voltage   ; I/O Type   ; User Assignment ; Bus Hold ; Weak Pull Up ;
+----------+------------+----------+---------------------------------+-------+--------------+-----------+------------+-----------------+----------+--------------+
; 1        ;            ; --       ; VCC_ONE                         ; power ;              ; 3.0V/3.3V ; --         ;                 ; --       ; --           ;
; 2        ;            ; --       ; VCCA6                           ; power ;              ; 3.0V/3.3V ; --         ;                 ; --       ; --           ;
; 3        ;            ;          ; ANAIN1                          ;       ;              ;           ; --         ;                 ; --       ; --           ;
; 4        ;            ;          ; REFGND                          ;       ;              ;           ; --         ;                 ; --       ; --           ;
; 5        ;            ;          ; ADC_VREF                        ;       ;              ;           ; --         ;                 ; --       ; --           ;
; 6        ; 0          ; 1A       ; RESERVED_INPUT_WITH_WEAK_PULLUP ;       ;              ;           ; Row I/O    ;                 ; no       ; On           ;
; 7        ; 2          ; 1A       ; RESERVED_INPUT_WITH_WEAK_PULLUP ;       ;              ;           ; Row I/O    ;                 ; no       ; On           ;
; 8        ; 4          ; 1A       ; RESERVED_INPUT_WITH_WEAK_PULLUP ;       ;              ;           ; Row I/O    ;                 ; no       ; On           ;
; 9        ;            ; 1A       ; VCCIO1A                         ; power ;              ; 2.5V      ; --         ;                 ; --       ; --           ;
; 10       ; 6          ; 1A       ; RESERVED_INPUT_WITH_WEAK_PULLUP ;       ;              ;           ; Row I/O    ;                 ; no       ; On           ;
; 11       ; 8          ; 1A       ; RESERVED_INPUT_WITH_WEAK_PULLUP ;       ;              ;           ; Row I/O    ;                 ; no       ; On           ;
; 12       ; 10         ; 1A       ; RESERVED_INPUT_WITH_WEAK_PULLUP ;       ;              ;           ; Row I/O    ;                 ; no       ; On           ;
; 13       ; 12         ; 1A       ; RESERVED_INPUT_WITH_WEAK_PULLUP ;       ;              ;           ; Row I/O    ;                 ; no       ; On           ;
; 14       ; 14         ; 1A       ; RESERVED_INPUT_WITH_WEAK_PULLUP ;       ;              ;           ; Row I/O    ;                 ; no       ; On           ;
; 15       ; 18         ; 1B       ; RESERVED_INPUT_WITH_WEAK_PULLUP ;       ;              ;           ; Row I/O    ;                 ; no       ; On           ;
; 16       ; 20         ; 1B       ; RESERVED_INPUT_WITH_WEAK_PULLUP ;       ;              ;           ; Row I/O    ;                 ; --       ; --           ;
; 17       ; 21         ; 1B       ; RESERVED_INPUT_WITH_WEAK_PULLUP ;       ;              ;           ; Row I/O    ;                 ; --       ; --           ;
; 18       ; 22         ; 1B       ; RESERVED_INPUT_WITH_WEAK_PULLUP ;       ;              ;           ; Row I/O    ;                 ; --       ; --           ;
; 19       ; 24         ; 1B       ; RESERVED_INPUT_WITH_WEAK_PULLUP ;       ;              ;           ; Row I/O    ;                 ; --       ; --           ;
; 20       ; 26         ; 1B       ; RESERVED_INPUT_WITH_WEAK_PULLUP ;       ;              ;           ; Row I/O    ;                 ; --       ; --           ;
; 21       ; 28         ; 1B       ; RESERVED_INPUT_WITH_WEAK_PULLUP ;       ;              ;           ; Row I/O    ;                 ; no       ; On           ;
; 22       ; 30         ; 1B       ; RESERVED_INPUT_WITH_WEAK_PULLUP ;       ;              ;           ; Row I/O    ;                 ; no       ; On           ;
; 23       ;            ; 1B       ; VCCIO1B                         ; power ;              ; 2.5V      ; --         ;                 ; --       ; --           ;
; 24       ; 32         ; 1B       ; RESERVED_INPUT_WITH_WEAK_PULLUP ;       ;              ;           ; Row I/O    ;                 ; no       ; On           ;
; 25       ; 34         ; 1B       ; RESERVED_INPUT_WITH_WEAK_PULLUP ;       ;              ;           ; Row I/O    ;                 ; no       ; On           ;
; 26       ; 36         ; 2        ; RESERVED_INPUT_WITH_WEAK_PULLUP ;       ;              ;           ; Row I/O    ;                 ; no       ; On           ;
; 27       ; 38         ; 2        ; RESERVED_INPUT_WITH_WEAK_PULLUP ;       ;              ;           ; Row I/O    ;                 ; no       ; On           ;
; 28       ; 40         ; 2        ; RESERVED_INPUT_WITH_WEAK_PULLUP ;       ;              ;           ; Row I/O    ;                 ; no       ; On           ;
; 29       ; 42         ; 2        ; RESERVED_INPUT_WITH_WEAK_PULLUP ;       ;              ;           ; Row I/O    ;                 ; no       ; On           ;
; 30       ; 45         ; 2        ; RESERVED_INPUT_WITH_WEAK_PULLUP ;       ;              ;           ; Row I/O    ;                 ; --       ; --           ;
; 31       ;            ; 2        ; VCCIO2                          ; power ;              ; 2.5V      ; --         ;                 ; --       ; --           ;
; 32       ; 56         ; 2        ; RESERVED_INPUT_WITH_WEAK_PULLUP ;       ;              ;           ; Row I/O    ;                 ; no       ; On           ;
; 33       ; 58         ; 2        ; RESERVED_INPUT_WITH_WEAK_PULLUP ;       ;              ;           ; Row I/O    ;                 ; no       ; On           ;
; 34       ;            ; --       ; VCCA2                           ; power ;              ; 3.0V/3.3V ; --         ;                 ; --       ; --           ;
; 35       ;            ; --       ; VCCA1                           ; power ;              ; 3.0V/3.3V ; --         ;                 ; --       ; --           ;
; 36       ;            ; --       ; VCC_ONE                         ; power ;              ; 3.0V/3.3V ; --         ;                 ; --       ; --           ;
; 37       ;            ; --       ; VCC_ONE                         ; power ;              ; 3.0V/3.3V ; --         ;                 ; --       ; --           ;
; 38       ; 60         ; 3        ; RESERVED_INPUT_WITH_WEAK_PULLUP ;       ;              ;           ; Column I/O ;                 ; no       ; On           ;
; 39       ; 62         ; 3        ; RESERVED_INPUT_WITH_WEAK_PULLUP ;       ;              ;           ; Column I/O ;                 ; no       ; On           ;
; 40       ;            ; 3        ; VCCIO3                          ; power ;              ; 2.5V      ; --         ;                 ; --       ; --           ;
; 41       ; 64         ; 3        ; RESERVED_INPUT_WITH_WEAK_PULLUP ;       ;              ;           ; Column I/O ;                 ; no       ; On           ;
; 42       ;            ;          ; GND                             ; gnd   ;              ;           ; --         ;                 ; --       ; --           ;
; 43       ; 66         ; 3        ; RESERVED_INPUT_WITH_WEAK_PULLUP ;       ;              ;           ; Column I/O ;                 ; no       ; On           ;
; 44       ; 68         ; 3        ; RESERVED_INPUT_WITH_WEAK_PULLUP ;       ;              ;           ; Column I/O ;                 ; no       ; On           ;
; 45       ; 70         ; 3        ; RESERVED_INPUT_WITH_WEAK_PULLUP ;       ;              ;           ; Column I/O ;                 ; no       ; On           ;
; 46       ; 72         ; 3        ; RESERVED_INPUT_WITH_WEAK_PULLUP ;       ;              ;           ; Column I/O ;                 ; no       ; On           ;
; 47       ; 74         ; 3        ; RESERVED_INPUT_WITH_WEAK_PULLUP ;       ;              ;           ; Column I/O ;                 ; no       ; On           ;
; 48       ; 77         ; 3        ; RESERVED_INPUT_WITH_WEAK_PULLUP ;       ;              ;           ; Column I/O ;                 ; --       ; --           ;
; 49       ;            ; 3        ; VCCIO3                          ; power ;              ; 2.5V      ; --         ;                 ; --       ; --           ;
; 50       ; 76         ; 3        ; RESERVED_INPUT_WITH_WEAK_PULLUP ;       ;              ;           ; Column I/O ;                 ; no       ; On           ;
; 51       ;            ; --       ; VCC_ONE                         ; power ;              ; 3.0V/3.3V ; --         ;                 ; --       ; --           ;
; 52       ; 78         ; 3        ; RESERVED_INPUT_WITH_WEAK_PULLUP ;       ;              ;           ; Column I/O ;                 ; no       ; On           ;
; 53       ;            ;          ; GND                             ; gnd   ;              ;           ; --         ;                 ; --       ; --           ;
; 54       ; 80         ; 3        ; RESERVED_INPUT_WITH_WEAK_PULLUP ;       ;              ;           ; Column I/O ;                 ; no       ; On           ;
; 55       ; 84         ; 3        ; RESERVED_INPUT_WITH_WEAK_PULLUP ;       ;              ;           ; Column I/O ;                 ; no       ; On           ;
; 56       ; 86         ; 3        ; RESERVED_INPUT_WITH_WEAK_PULLUP ;       ;              ;           ; Column I/O ;                 ; no       ; On           ;
; 57       ; 88         ; 3        ; RESERVED_INPUT_WITH_WEAK_PULLUP ;       ;              ;           ; Column I/O ;                 ; no       ; On           ;
; 58       ; 90         ; 3        ; RESERVED_INPUT_WITH_WEAK_PULLUP ;       ;              ;           ; Column I/O ;                 ; no       ; On           ;
; 59       ; 92         ; 3        ; RESERVED_INPUT_WITH_WEAK_PULLUP ;       ;              ;           ; Column I/O ;                 ; no       ; On           ;
; 60       ; 94         ; 3        ; RESERVED_INPUT_WITH_WEAK_PULLUP ;       ;              ;           ; Column I/O ;                 ; no       ; On           ;
; 61       ; 101        ; 4        ; RESERVED_INPUT_WITH_WEAK_PULLUP ;       ;              ;           ; Column I/O ;                 ; --       ; --           ;
; 62       ; 102        ; 4        ; RESERVED_INPUT_WITH_WEAK_PULLUP ;       ;              ;           ; Column I/O ;                 ; no       ; On           ;
; 63       ;            ;          ; GND                             ; gnd   ;              ;           ; --         ;                 ; --       ; --           ;
; 64       ; 108        ; 4        ; RESERVED_INPUT_WITH_WEAK_PULLUP ;       ;              ;           ; Column I/O ;                 ; no       ; On           ;
; 65       ; 110        ; 4        ; RESERVED_INPUT_WITH_WEAK_PULLUP ;       ;              ;           ; Column I/O ;                 ; no       ; On           ;
; 66       ; 112        ; 4        ; RESERVED_INPUT_WITH_WEAK_PULLUP ;       ;              ;           ; Column I/O ;                 ; no       ; On           ;
; 67       ;            ; 4        ; VCCIO4                          ; power ;              ; 2.5V      ; --         ;                 ; --       ; --           ;
; 68       ;            ;          ; GND                             ; gnd   ;              ;           ; --         ;                 ; --       ; --           ;
; 69       ; 116        ; 4        ; RESERVED_INPUT_WITH_WEAK_PULLUP ;       ;              ;           ; Column I/O ;                 ; no       ; On           ;
; 70       ; 118        ; 4        ; RESERVED_INPUT_WITH_WEAK_PULLUP ;       ;              ;           ; Column I/O ;                 ; no       ; On           ;
; 71       ;            ; --       ; VCCA5                           ; power ;              ; 3.0V/3.3V ; --         ;                 ; --       ; --           ;
; 72       ;            ; --       ; VCC_ONE                         ; power ;              ; 3.0V/3.3V ; --         ;                 ; --       ; --           ;
; 73       ;            ; --       ; VCC_ONE                         ; power ;              ; 3.0V/3.3V ; --         ;                 ; --       ; --           ;
; 74       ; 121        ; 5        ; RESERVED_INPUT_WITH_WEAK_PULLUP ;       ;              ;           ; Row I/O    ;                 ; no       ; On           ;
; 75       ; 120        ; 5        ; RESERVED_INPUT_WITH_WEAK_PULLUP ;       ;              ;           ; Row I/O    ;                 ; no       ; On           ;
; 76       ; 123        ; 5        ; RESERVED_INPUT_WITH_WEAK_PULLUP ;       ;              ;           ; Row I/O    ;                 ; no       ; On           ;
; 77       ; 122        ; 5        ; RESERVED_INPUT_WITH_WEAK_PULLUP ;       ;              ;           ; Row I/O    ;                 ; no       ; On           ;
; 78       ; 133        ; 5        ; RESERVED_INPUT_WITH_WEAK_PULLUP ;       ;              ;           ; Row I/O    ;                 ; no       ; On           ;
; 79       ; 132        ; 5        ; RESERVED_INPUT_WITH_WEAK_PULLUP ;       ;              ;           ; Row I/O    ;                 ; no       ; On           ;
; 80       ; 135        ; 5        ; RESERVED_INPUT_WITH_WEAK_PULLUP ;       ;              ;           ; Row I/O    ;                 ; --       ; --           ;
; 81       ; 134        ; 5        ; RESERVED_INPUT_WITH_WEAK_PULLUP ;       ;              ;           ; Row I/O    ;                 ; no       ; On           ;
; 82       ;            ; 5        ; VCCIO5                          ; power ;              ; 2.5V      ; --         ;                 ; --       ; --           ;
; 83       ;            ;          ; GND                             ; gnd   ;              ;           ; --         ;                 ; --       ; --           ;
; 84       ; 141        ; 5        ; RESERVED_INPUT_WITH_WEAK_PULLUP ;       ;              ;           ; Row I/O    ;                 ; no       ; On           ;
; 85       ; 140        ; 5        ; RESERVED_INPUT_WITH_WEAK_PULLUP ;       ;              ;           ; Row I/O    ;                 ; no       ; On           ;
; 86       ; 143        ; 5        ; RESERVED_INPUT_WITH_WEAK_PULLUP ;       ;              ;           ; Row I/O    ;                 ; no       ; On           ;
; 87       ; 142        ; 5        ; RESERVED_INPUT_WITH_WEAK_PULLUP ;       ;              ;           ; Row I/O    ;                 ; no       ; On           ;
; 88       ; 148        ; 6        ; RESERVED_INPUT_WITH_WEAK_PULLUP ;       ;              ;           ; Row I/O    ;                 ; no       ; On           ;
; 89       ; 150        ; 6        ; RESERVED_INPUT_WITH_WEAK_PULLUP ;       ;              ;           ; Row I/O    ;                 ; no       ; On           ;
; 90       ; 152        ; 6        ; RESERVED_INPUT_WITH_WEAK_PULLUP ;       ;              ;           ; Row I/O    ;                 ; no       ; On           ;
; 91       ; 154        ; 6        ; RESERVED_INPUT_WITH_WEAK_PULLUP ;       ;              ;           ; Row I/O    ;                 ; no       ; On           ;
; 92       ; 156        ; 6        ; RESERVED_INPUT_WITH_WEAK_PULLUP ;       ;              ;           ; Row I/O    ;                 ; no       ; On           ;
; 93       ; 158        ; 6        ; RESERVED_INPUT_WITH_WEAK_PULLUP ;       ;              ;           ; Row I/O    ;                 ; no       ; On           ;
; 94       ;            ; 6        ; VCCIO6                          ; power ;              ; 2.5V      ; --         ;                 ; --       ; --           ;
; 95       ;            ;          ; GND                             ; gnd   ;              ;           ; --         ;                 ; --       ; --           ;
; 96       ; 172        ; 6        ; RESERVED_INPUT_WITH_WEAK_PULLUP ;       ;              ;           ; Row I/O    ;                 ; no       ; On           ;
; 97       ; 173        ; 6        ; RESERVED_INPUT_WITH_WEAK_PULLUP ;       ;              ;           ; Row I/O    ;                 ; --       ; --           ;
; 98       ; 174        ; 6        ; RESERVED_INPUT_WITH_WEAK_PULLUP ;       ;              ;           ; Row I/O    ;                 ; no       ; On           ;
; 99       ; 176        ; 6        ; RESERVED_INPUT_WITH_WEAK_PULLUP ;       ;              ;           ; Row I/O    ;                 ; no       ; On           ;
; 100      ; 177        ; 6        ; RESERVED_INPUT_WITH_WEAK_PULLUP ;       ;              ;           ; Row I/O    ;                 ; no       ; On           ;
; 101      ; 178        ; 6        ; RESERVED_INPUT_WITH_WEAK_PULLUP ;       ;              ;           ; Row I/O    ;                 ; no       ; On           ;
; 102      ; 179        ; 6        ; RESERVED_INPUT_WITH_WEAK_PULLUP ;       ;              ;           ; Row I/O    ;                 ; no       ; On           ;
; 103      ;            ; 6        ; VCCIO6                          ; power ;              ; 2.5V      ; --         ;                 ; --       ; --           ;
; 104      ;            ;          ; GND                             ; gnd   ;              ;           ; --         ;                 ; --       ; --           ;
; 105      ; 188        ; 6        ; RESERVED_INPUT_WITH_WEAK_PULLUP ;       ;              ;           ; Row I/O    ;                 ; no       ; On           ;
; 106      ; 190        ; 6        ; RESERVED_INPUT_WITH_WEAK_PULLUP ;       ;              ;           ; Row I/O    ;                 ; no       ; On           ;
; 107      ;            ; --       ; VCCA3                           ; power ;              ; 3.0V/3.3V ; --         ;                 ; --       ; --           ;
; 108      ;            ; --       ; VCC_ONE                         ; power ;              ; 3.0V/3.3V ; --         ;                 ; --       ; --           ;
; 109      ;            ; --       ; VCC_ONE                         ; power ;              ; 3.0V/3.3V ; --         ;                 ; --       ; --           ;
; 110      ; 192        ; 7        ; RESERVED_INPUT_WITH_WEAK_PULLUP ;       ;              ;           ; Column I/O ;                 ; no       ; On           ;
; 111      ; 194        ; 7        ; RESERVED_INPUT_WITH_WEAK_PULLUP ;       ;              ;           ; Column I/O ;                 ; no       ; On           ;
; 112      ; 199        ; 7        ; RESERVED_INPUT_WITH_WEAK_PULLUP ;       ;              ;           ; Column I/O ;                 ; --       ; --           ;
; 113      ; 202        ; 7        ; RESERVED_INPUT_WITH_WEAK_PULLUP ;       ;              ;           ; Column I/O ;                 ; no       ; On           ;
; 114      ; 204        ; 7        ; RESERVED_INPUT_WITH_WEAK_PULLUP ;       ;              ;           ; Column I/O ;                 ; no       ; On           ;
; 115      ;            ; --       ; VCC_ONE                         ; power ;              ; 3.0V/3.3V ; --         ;                 ; --       ; --           ;
; 116      ;            ;          ; GND                             ; gnd   ;              ;           ; --         ;                 ; --       ; --           ;
; 117      ;            ; 7        ; VCCIO7                          ; power ;              ; 2.5V      ; --         ;                 ; --       ; --           ;
; 118      ; 212        ; 7        ; RESERVED_INPUT_WITH_WEAK_PULLUP ;       ;              ;           ; Column I/O ;                 ; no       ; On           ;
; 119      ; 214        ; 7        ; RESERVED_INPUT_WITH_WEAK_PULLUP ;       ;              ;           ; Column I/O ;                 ; no       ; On           ;
; 120      ; 224        ; 8        ; RESERVED_INPUT_WITH_WEAK_PULLUP ;       ;              ;           ; Column I/O ;                 ; no       ; On           ;
; 121      ; 226        ; 8        ; RESERVED_INPUT_WITH_WEAK_PULLUP ;       ;              ;           ; Column I/O ;                 ; no       ; On           ;
; 122      ; 228        ; 8        ; RESERVED_INPUT_WITH_WEAK_PULLUP ;       ;              ;           ; Column I/O ;                 ; no       ; On           ;
; 123      ; 231        ; 8        ; RESERVED_INPUT_WITH_WEAK_PULLUP ;       ;              ;           ; Column I/O ;                 ; --       ; --           ;
; 124      ; 233        ; 8        ; RESERVED_INPUT_WITH_WEAK_PULLUP ;       ;              ;           ; Column I/O ;                 ; no       ; On           ;
; 125      ;            ;          ; GND                             ; gnd   ;              ;           ; --         ;                 ; --       ; --           ;
; 126      ; 232        ; 8        ; RESERVED_INPUT_WITH_WEAK_PULLUP ;       ;              ;           ; Column I/O ;                 ; no       ; On           ;
; 127      ; 235        ; 8        ; RESERVED_INPUT_WITH_WEAK_PULLUP ;       ;              ;           ; Column I/O ;                 ; no       ; On           ;
; 128      ;            ; 8        ; VCCIO8                          ; power ;              ; 2.5V      ; --         ;                 ; --       ; --           ;
; 129      ; 234        ; 8        ; RESERVED_INPUT_WITH_WEAK_PULLUP ;       ;              ;           ; Column I/O ;                 ; no       ; On           ;
; 130      ; 236        ; 8        ; RESERVED_INPUT_WITH_WEAK_PULLUP ;       ;              ;           ; Column I/O ;                 ; no       ; On           ;
; 131      ; 238        ; 8        ; RESERVED_INPUT_WITH_WEAK_PULLUP ;       ;              ;           ; Column I/O ;                 ; no       ; On           ;
; 132      ; 240        ; 8        ; RESERVED_INPUT_WITH_WEAK_PULLUP ;       ;              ;           ; Column I/O ;                 ; no       ; On           ;
; 133      ;            ;          ; GND                             ; gnd   ;              ;           ; --         ;                 ; --       ; --           ;
; 134      ; 242        ; 8        ; RESERVED_INPUT_WITH_WEAK_PULLUP ;       ;              ;           ; Column I/O ;                 ; no       ; On           ;
; 135      ; 243        ; 8        ; RESERVED_INPUT_WITH_WEAK_PULLUP ;       ;              ;           ; Column I/O ;                 ; no       ; On           ;
; 136      ; 244        ; 8        ; RESERVED_INPUT_WITH_WEAK_PULLUP ;       ;              ;           ; Column I/O ;                 ; no       ; On           ;
; 137      ;            ;          ; GND                             ; gnd   ;              ;           ; --         ;                 ; --       ; --           ;
; 138      ; 246        ; 8        ; RESERVED_INPUT_WITH_WEAK_PULLUP ;       ;              ;           ; Column I/O ;                 ; no       ; On           ;
; 139      ;            ; 8        ; VCCIO8                          ; power ;              ; 2.5V      ; --         ;                 ; --       ; --           ;
; 140      ; 248        ; 8        ; RESERVED_INPUT_WITH_WEAK_PULLUP ;       ;              ;           ; Column I/O ;                 ; no       ; On           ;
; 141      ; 250        ; 8        ; RESERVED_INPUT_WITH_WEAK_PULLUP ;       ;              ;           ; Column I/O ;                 ; no       ; On           ;
; 142      ;            ;          ; GND                             ; gnd   ;              ;           ; --         ;                 ; --       ; --           ;
; 143      ;            ; --       ; VCCA4                           ; power ;              ; 3.0V/3.3V ; --         ;                 ; --       ; --           ;
; 144      ;            ; --       ; VCC_ONE                         ; power ;              ; 3.0V/3.3V ; --         ;                 ; --       ; --           ;
; EPAD     ;            ;          ; GND                             ;       ;              ;           ; --         ;                 ; --       ; --           ;
+----------+------------+----------+---------------------------------+-------+--------------+-----------+------------+-----------------+----------+--------------+
Note: Pin directions (input, output or bidir) are based on device operating in user mode.


+------------------------------------------------------------------------------------------------+
; PLL Summary                                                                                    ;
+-------------------------------+----------------------------------------------------------------+
; Name                          ; adc:u0|adc_altpll_0:altpll_0|adc_altpll_0_altpll_6b92:sd1|pll7 ;
+-------------------------------+----------------------------------------------------------------+
; SDC pin name                  ; u0|altpll_0|sd1|pll7                                           ;
; PLL mode                      ; Normal                                                         ;
; Compensate clock              ; clock0                                                         ;
; Compensated input/output pins ; --                                                             ;
; Switchover type               ; --                                                             ;
; Input frequency 0             ; 50.0 MHz                                                       ;
; Input frequency 1             ; --                                                             ;
; Nominal PFD frequency         ; 50.0 MHz                                                       ;
; Nominal VCO frequency         ; 600.0 MHz                                                      ;
; VCO post scale K counter      ; 2                                                              ;
; VCO frequency control         ; Auto                                                           ;
; VCO phase shift step          ; 208 ps                                                         ;
; VCO multiply                  ; --                                                             ;
; VCO divide                    ; --                                                             ;
; Freq min lock                 ; 25.0 MHz                                                       ;
; Freq max lock                 ; 54.18 MHz                                                      ;
; M VCO Tap                     ; 0                                                              ;
; M Initial                     ; 1                                                              ;
; M value                       ; 12                                                             ;
; N value                       ; 1                                                              ;
; Charge pump current           ; setting 1                                                      ;
; Loop filter resistance        ; setting 27                                                     ;
; Loop filter capacitance       ; setting 0                                                      ;
; Bandwidth                     ; 680 kHz to 980 kHz                                             ;
; Bandwidth type                ; Medium                                                         ;
; Real time reconfigurable      ; Off                                                            ;
; Scan chain MIF file           ; --                                                             ;
; Preserve PLL counter order    ; Off                                                            ;
; PLL location                  ; PLL_1                                                          ;
; Inclk0 signal                 ; clk50                                                          ;
; Inclk1 signal                 ; --                                                             ;
; Inclk0 signal type            ; Dedicated Pin                                                  ;
; Inclk1 signal type            ; --                                                             ;
+-------------------------------+----------------------------------------------------------------+


+----------------------------------------------------------------------------------------------------------------------------------------------------------------------------------------------------------------------------------------------------------------------------------+
; PLL Usage                                                                                                                                                                                                                                                                        ;
+----------------------------------------------------------------------------+--------------+------+-----+------------------+-------------+------------------+------------+---------+---------------+------------+---------------+---------+---------+-----------------------------+
; Name                                                                       ; Output Clock ; Mult ; Div ; Output Frequency ; Phase Shift ; Phase Shift Step ; Duty Cycle ; Counter ; Counter Value ; High / Low ; Cascade Input ; Initial ; VCO Tap ; SDC Pin Name                ;
+----------------------------------------------------------------------------+--------------+------+-----+------------------+-------------+------------------+------------+---------+---------------+------------+---------------+---------+---------+-----------------------------+
; adc:u0|adc_altpll_0:altpll_0|adc_altpll_0_altpll_6b92:sd1|wire_pll7_clk[0] ; clock0       ; 1    ; 5   ; 10.0 MHz         ; 0 (0 ps)    ; 0.75 (208 ps)    ; 50/50      ; C0      ; 60            ; 30/30 Even ; --            ; 1       ; 0       ; u0|altpll_0|sd1|pll7|clk[0] ;
; adc:u0|adc_altpll_0:altpll_0|adc_altpll_0_altpll_6b92:sd1|wire_pll7_clk[1] ; clock1       ; 2    ; 1   ; 100.0 MHz        ; 0 (0 ps)    ; 7.50 (208 ps)    ; 50/50      ; C1      ; 6             ; 3/3 Even   ; --            ; 1       ; 0       ; u0|altpll_0|sd1|pll7|clk[1] ;
+----------------------------------------------------------------------------+--------------+------+-----+------------------+-------------+------------------+------------+---------+---------------+------------+---------------+---------+---------+-----------------------------+


+-----------------------------------------------+
; I/O Assignment Warnings                       ;
+---------------+-------------------------------+
; Pin Name      ; Reason                        ;
+---------------+-------------------------------+
; led[0]        ; Incomplete set of assignments ;
; led[1]        ; Incomplete set of assignments ;
; led[2]        ; Incomplete set of assignments ;
; arduino_io[0] ; Incomplete set of assignments ;
; arduino_io[1] ; Incomplete set of assignments ;
; arduino_io[2] ; Incomplete set of assignments ;
; arduino_io[3] ; Incomplete set of assignments ;
; arduino_io[4] ; Incomplete set of assignments ;
; arduino_io[5] ; Incomplete set of assignments ;
; arduino_io[6] ; Incomplete set of assignments ;
; arduino_io[7] ; Incomplete set of assignments ;
; clk50         ; Incomplete set of assignments ;
+---------------+-------------------------------+


+--------------------------------------------------------------------------------------------------------------------------------------------------------------------------------------------------------------------------------------------------------------------------------------------------------------------------------------------------------------------------------------------------------------------------------------------------------------------------------------------------------------------------------------------------------------------------------------------------------------------------------------------------------------------------------------------+
; Fitter Resource Utilization by Entity                                                                                                                                                                                                                                                                                                                                                                                                                                                                                                                                                                                                                                                      ;
+---------------------------------------------------------------------------+-------------+---------------------------+---------------+-------------+------------+--------------+---------+-----------+------+--------------+--------------+-------------------+------------------+------------+-------------------------------------------------------------------------------------------------------------------------------------------------------------------------------------------------------------------------------------------------------------------------------------------------------------------------------------+----------------------------------------+--------------+
; Compilation Hierarchy Node                                                ; Logic Cells ; Dedicated Logic Registers ; I/O Registers ; Memory Bits ; UFM Blocks ; DSP Elements ; DSP 9x9 ; DSP 18x18 ; Pins ; Virtual Pins ; LUT-Only LCs ; Register-Only LCs ; LUT/Register LCs ; ADC blocks ; Full Hierarchy Name                                                                                                                                                                                                                                                                                                                 ; Entity Name                            ; Library Name ;
+---------------------------------------------------------------------------+-------------+---------------------------+---------------+-------------+------------+--------------+---------+-----------+------+--------------+--------------+-------------------+------------------+------------+-------------------------------------------------------------------------------------------------------------------------------------------------------------------------------------------------------------------------------------------------------------------------------------------------------------------------------------+----------------------------------------+--------------+
; |cnn_vibration_monitor_10M08                                              ; 0 (0)       ; 25302 (32)                ; 0 (0)         ; 3600        ; 1          ; 24           ; 0       ; 12        ; 12   ; 0            ; 0 (0)        ; 0 (0)             ; 0 (0)            ; 0          ; |cnn_vibration_monitor_10M08                                                                                                                                                                                                                                                                                                        ; cnn_vibration_monitor_10M08            ; work         ;
;    |adc:u0|                                                               ; 0 (0)       ; 108 (0)                   ; 0 (0)         ; 768         ; 0          ; 0            ; 0       ; 0         ; 0    ; 0            ; 0 (0)        ; 0 (0)             ; 0 (0)            ; 0          ; |cnn_vibration_monitor_10M08|adc:u0                                                                                                                                                                                                                                                                                                 ; adc                                    ; adc          ;
;       |adc_altpll_0:altpll_0|                                             ; 0 (0)       ; 0 (0)                     ; 0 (0)         ; 0           ; 0          ; 0            ; 0       ; 0         ; 0    ; 0            ; 0 (0)        ; 0 (0)             ; 0 (0)            ; 0          ; |cnn_vibration_monitor_10M08|adc:u0|adc_altpll_0:altpll_0                                                                                                                                                                                                                                                                           ; adc_altpll_0                           ; adc          ;
;          |adc_altpll_0_altpll_6b92:sd1|                                   ; 0 (0)       ; 0 (0)                     ; 0 (0)         ; 0           ; 0          ; 0            ; 0       ; 0         ; 0    ; 0            ; 0 (0)        ; 0 (0)             ; 0 (0)            ; 0          ; |cnn_vibration_monitor_10M08|adc:u0|adc_altpll_0:altpll_0|adc_altpll_0_altpll_6b92:sd1                                                                                                                                                                                                                                              ; adc_altpll_0_altpll_6b92               ; adc          ;
;       |adc_modular_adc_0:modular_adc_0|                                   ; 0 (0)       ; 108 (0)                   ; 0 (0)         ; 768         ; 0          ; 0            ; 0       ; 0         ; 0    ; 0            ; 0 (0)        ; 0 (0)             ; 0 (0)            ; 0          ; |cnn_vibration_monitor_10M08|adc:u0|adc_modular_adc_0:modular_adc_0                                                                                                                                                                                                                                                                 ; adc_modular_adc_0                      ; adc          ;
;          |altera_modular_adc_control:control_internal|                    ; 0 (0)       ; 108 (0)                   ; 0 (0)         ; 768         ; 0          ; 0            ; 0       ; 0         ; 0    ; 0            ; 0 (0)        ; 0 (0)             ; 0 (0)            ; 0          ; |cnn_vibration_monitor_10M08|adc:u0|adc_modular_adc_0:modular_adc_0|altera_modular_adc_control:control_internal                                                                                                                                                                                                                     ; altera_modular_adc_control             ; adc          ;
;             |altera_modular_adc_control_fsm:u_control_fsm|                ; 0 (0)       ; 108 (84)                  ; 0 (0)         ; 768         ; 0          ; 0            ; 0       ; 0         ; 0    ; 0            ; 0 (0)        ; 0 (0)             ; 0 (0)            ; 0          ; |cnn_vibration_monitor_10M08|adc:u0|adc_modular_adc_0:modular_adc_0|altera_modular_adc_control:control_internal|altera_modular_adc_control_fsm:u_control_fsm                                                                                                                                                                        ; altera_modular_adc_control_fsm         ; adc          ;
;                |altera_modular_adc_control_avrg_fifo:ts_avrg_fifo|        ; 0 (0)       ; 20 (0)                    ; 0 (0)         ; 768         ; 0          ; 0            ; 0       ; 0         ; 0    ; 0            ; 0 (0)        ; 0 (0)             ; 0 (0)            ; 0          ; |cnn_vibration_monitor_10M08|adc:u0|adc_modular_adc_0:modular_adc_0|altera_modular_adc_control:control_internal|altera_modular_adc_control_fsm:u_control_fsm|altera_modular_adc_control_avrg_fifo:ts_avrg_fifo                                                                                                                      ; altera_modular_adc_control_avrg_fifo   ; adc          ;
;                   |scfifo:scfifo_component|                               ; 0 (0)       ; 20 (0)                    ; 0 (0)         ; 768         ; 0          ; 0            ; 0       ; 0         ; 0    ; 0            ; 0 (0)        ; 0 (0)             ; 0 (0)            ; 0          ; |cnn_vibration_monitor_10M08|adc:u0|adc_modular_adc_0:modular_adc_0|altera_modular_adc_control:control_internal|altera_modular_adc_control_fsm:u_control_fsm|altera_modular_adc_control_avrg_fifo:ts_avrg_fifo|scfifo:scfifo_component                                                                                              ; scfifo                                 ; work         ;
;                      |scfifo_do61:auto_generated|                         ; 0 (0)       ; 20 (0)                    ; 0 (0)         ; 768         ; 0          ; 0            ; 0       ; 0         ; 0    ; 0            ; 0 (0)        ; 0 (0)             ; 0 (0)            ; 0          ; |cnn_vibration_monitor_10M08|adc:u0|adc_modular_adc_0:modular_adc_0|altera_modular_adc_control:control_internal|altera_modular_adc_control_fsm:u_control_fsm|altera_modular_adc_control_avrg_fifo:ts_avrg_fifo|scfifo:scfifo_component|scfifo_do61:auto_generated                                                                   ; scfifo_do61                            ; work         ;
;                         |a_dpfifo_3k41:dpfifo|                            ; 0 (0)       ; 20 (0)                    ; 0 (0)         ; 768         ; 0          ; 0            ; 0       ; 0         ; 0    ; 0            ; 0 (0)        ; 0 (0)             ; 0 (0)            ; 0          ; |cnn_vibration_monitor_10M08|adc:u0|adc_modular_adc_0:modular_adc_0|altera_modular_adc_control:control_internal|altera_modular_adc_control_fsm:u_control_fsm|altera_modular_adc_control_avrg_fifo:ts_avrg_fifo|scfifo:scfifo_component|scfifo_do61:auto_generated|a_dpfifo_3k41:dpfifo                                              ; a_dpfifo_3k41                          ; work         ;
;                            |a_fefifo_c6e:fifo_state|                      ; 0 (0)       ; 8 (2)                     ; 0 (0)         ; 0           ; 0          ; 0            ; 0       ; 0         ; 0    ; 0            ; 0 (0)        ; 0 (0)             ; 0 (0)            ; 0          ; |cnn_vibration_monitor_10M08|adc:u0|adc_modular_adc_0:modular_adc_0|altera_modular_adc_control:control_internal|altera_modular_adc_control_fsm:u_control_fsm|altera_modular_adc_control_avrg_fifo:ts_avrg_fifo|scfifo:scfifo_component|scfifo_do61:auto_generated|a_dpfifo_3k41:dpfifo|a_fefifo_c6e:fifo_state                      ; a_fefifo_c6e                           ; work         ;
;                               |cntr_337:count_usedw|                      ; 0 (0)       ; 6 (6)                     ; 0 (0)         ; 0           ; 0          ; 0            ; 0       ; 0         ; 0    ; 0            ; 0 (0)        ; 0 (0)             ; 0 (0)            ; 0          ; |cnn_vibration_monitor_10M08|adc:u0|adc_modular_adc_0:modular_adc_0|altera_modular_adc_control:control_internal|altera_modular_adc_control_fsm:u_control_fsm|altera_modular_adc_control_avrg_fifo:ts_avrg_fifo|scfifo:scfifo_component|scfifo_do61:auto_generated|a_dpfifo_3k41:dpfifo|a_fefifo_c6e:fifo_state|cntr_337:count_usedw ; cntr_337                               ; work         ;
;                            |altsyncram_rmn1:FIFOram|                      ; 0 (0)       ; 0 (0)                     ; 0 (0)         ; 768         ; 0          ; 0            ; 0       ; 0         ; 0    ; 0            ; 0 (0)        ; 0 (0)             ; 0 (0)            ; 0          ; |cnn_vibration_monitor_10M08|adc:u0|adc_modular_adc_0:modular_adc_0|altera_modular_adc_control:control_internal|altera_modular_adc_control_fsm:u_control_fsm|altera_modular_adc_control_avrg_fifo:ts_avrg_fifo|scfifo:scfifo_component|scfifo_do61:auto_generated|a_dpfifo_3k41:dpfifo|altsyncram_rmn1:FIFOram                      ; altsyncram_rmn1                        ; work         ;
;                            |cntr_n2b:rd_ptr_count|                        ; 0 (0)       ; 6 (6)                     ; 0 (0)         ; 0           ; 0          ; 0            ; 0       ; 0         ; 0    ; 0            ; 0 (0)        ; 0 (0)             ; 0 (0)            ; 0          ; |cnn_vibration_monitor_10M08|adc:u0|adc_modular_adc_0:modular_adc_0|altera_modular_adc_control:control_internal|altera_modular_adc_control_fsm:u_control_fsm|altera_modular_adc_control_avrg_fifo:ts_avrg_fifo|scfifo:scfifo_component|scfifo_do61:auto_generated|a_dpfifo_3k41:dpfifo|cntr_n2b:rd_ptr_count                        ; cntr_n2b                               ; work         ;
;                            |cntr_n2b:wr_ptr|                              ; 0 (0)       ; 6 (6)                     ; 0 (0)         ; 0           ; 0          ; 0            ; 0       ; 0         ; 0    ; 0            ; 0 (0)        ; 0 (0)             ; 0 (0)            ; 0          ; |cnn_vibration_monitor_10M08|adc:u0|adc_modular_adc_0:modular_adc_0|altera_modular_adc_control:control_internal|altera_modular_adc_control_fsm:u_control_fsm|altera_modular_adc_control_avrg_fifo:ts_avrg_fifo|scfifo:scfifo_component|scfifo_do61:auto_generated|a_dpfifo_3k41:dpfifo|cntr_n2b:wr_ptr                              ; cntr_n2b                               ; work         ;
;                |altera_std_synchronizer:u_clk_dft_synchronizer|           ; 0 (0)       ; 2 (2)                     ; 0 (0)         ; 0           ; 0          ; 0            ; 0       ; 0         ; 0    ; 0            ; 0 (0)        ; 0 (0)             ; 0 (0)            ; 0          ; |cnn_vibration_monitor_10M08|adc:u0|adc_modular_adc_0:modular_adc_0|altera_modular_adc_control:control_internal|altera_modular_adc_control_fsm:u_control_fsm|altera_std_synchronizer:u_clk_dft_synchronizer                                                                                                                         ; altera_std_synchronizer                ; work         ;
;                |altera_std_synchronizer:u_eoc_synchronizer|               ; 0 (0)       ; 2 (2)                     ; 0 (0)         ; 0           ; 0          ; 0            ; 0       ; 0         ; 0    ; 0            ; 0 (0)        ; 0 (0)             ; 0 (0)            ; 0          ; |cnn_vibration_monitor_10M08|adc:u0|adc_modular_adc_0:modular_adc_0|altera_modular_adc_control:control_internal|altera_modular_adc_control_fsm:u_control_fsm|altera_std_synchronizer:u_eoc_synchronizer                                                                                                                             ; altera_std_synchronizer                ; work         ;
;             |fiftyfivenm_adcblock_top_wrapper:adc_inst|                   ; 0 (0)       ; 0 (0)                     ; 0 (0)         ; 0           ; 0          ; 0            ; 0       ; 0         ; 0    ; 0            ; 0 (0)        ; 0 (0)             ; 0 (0)            ; 0          ; |cnn_vibration_monitor_10M08|adc:u0|adc_modular_adc_0:modular_adc_0|altera_modular_adc_control:control_internal|fiftyfivenm_adcblock_top_wrapper:adc_inst                                                                                                                                                                           ; fiftyfivenm_adcblock_top_wrapper       ; adc          ;
;                |chsel_code_converter_sw_to_hw:decoder|                    ; 0 (0)       ; 0 (0)                     ; 0 (0)         ; 0           ; 0          ; 0            ; 0       ; 0         ; 0    ; 0            ; 0 (0)        ; 0 (0)             ; 0 (0)            ; 0          ; |cnn_vibration_monitor_10M08|adc:u0|adc_modular_adc_0:modular_adc_0|altera_modular_adc_control:control_internal|fiftyfivenm_adcblock_top_wrapper:adc_inst|chsel_code_converter_sw_to_hw:decoder                                                                                                                                     ; chsel_code_converter_sw_to_hw          ; adc          ;
;                |fiftyfivenm_adcblock_primitive_wrapper:adcblock_instance| ; 0 (0)       ; 0 (0)                     ; 0 (0)         ; 0           ; 0          ; 0            ; 0       ; 0         ; 0    ; 0            ; 0 (0)        ; 0 (0)             ; 0 (0)            ; 0          ; |cnn_vibration_monitor_10M08|adc:u0|adc_modular_adc_0:modular_adc_0|altera_modular_adc_control:control_internal|fiftyfivenm_adcblock_top_wrapper:adc_inst|fiftyfivenm_adcblock_primitive_wrapper:adcblock_instance                                                                                                                  ; fiftyfivenm_adcblock_primitive_wrapper ; adc          ;
;    |m08_cnn1d:cnn1d|                                                      ; 0 (0)       ; 25130 (2)                 ; 0 (0)         ; 2832        ; 0          ; 24           ; 0       ; 12        ; 0    ; 0            ; 0 (0)        ; 0 (0)             ; 0 (0)            ; 0          ; |cnn_vibration_monitor_10M08|m08_cnn1d:cnn1d                                                                                                                                                                                                                                                                                        ; m08_cnn1d                              ; work         ;
;       |activation_layer:relu_layer|                                       ; 0 (0)       ; 47 (0)                    ; 0 (0)         ; 0           ; 0          ; 0            ; 0       ; 0         ; 0    ; 0            ; 0 (0)        ; 0 (0)             ; 0 (0)            ; 0          ; |cnn_vibration_monitor_10M08|m08_cnn1d:cnn1d|activation_layer:relu_layer                                                                                                                                                                                                                                                            ; activation_layer                       ; work         ;
;          |relu:RELU[0].relu|                                              ; 0 (0)       ; 23 (23)                   ; 0 (0)         ; 0           ; 0          ; 0            ; 0       ; 0         ; 0    ; 0            ; 0 (0)        ; 0 (0)             ; 0 (0)            ; 0          ; |cnn_vibration_monitor_10M08|m08_cnn1d:cnn1d|activation_layer:relu_layer|relu:RELU[0].relu                                                                                                                                                                                                                                          ; relu                                   ; work         ;
;          |relu:RELU[1].relu|                                              ; 0 (0)       ; 24 (24)                   ; 0 (0)         ; 0           ; 0          ; 0            ; 0       ; 0         ; 0    ; 0            ; 0 (0)        ; 0 (0)             ; 0 (0)            ; 0          ; |cnn_vibration_monitor_10M08|m08_cnn1d:cnn1d|activation_layer:relu_layer|relu:RELU[1].relu                                                                                                                                                                                                                                          ; relu                                   ; work         ;
;       |conv1d_layer:conv1d_layer|                                         ; 0 (0)       ; 794 (294)                 ; 0 (0)         ; 288         ; 0          ; 12           ; 0       ; 6         ; 0    ; 0            ; 0 (0)        ; 0 (0)             ; 0 (0)            ; 0          ; |cnn_vibration_monitor_10M08|m08_cnn1d:cnn1d|conv1d_layer:conv1d_layer                                                                                                                                                                                                                                                              ; conv1d_layer                           ; work         ;
;          |conv1d:CONVOLUTION_1D[0].conv1d|                                ; 0 (0)       ; 326 (89)                  ; 0 (0)         ; 0           ; 0          ; 6            ; 0       ; 3         ; 0    ; 0            ; 0 (0)        ; 0 (0)             ; 0 (0)            ; 0          ; |cnn_vibration_monitor_10M08|m08_cnn1d:cnn1d|conv1d_layer:conv1d_layer|conv1d:CONVOLUTION_1D[0].conv1d                                                                                                                                                                                                                              ; conv1d                                 ; work         ;
;             |mult_reduce:multiply_reduce|                                 ; 0 (0)       ; 159 (69)                  ; 0 (0)         ; 0           ; 0          ; 6            ; 0       ; 3         ; 0    ; 0            ; 0 (0)        ; 0 (0)             ; 0 (0)            ; 0          ; |cnn_vibration_monitor_10M08|m08_cnn1d:cnn1d|conv1d_layer:conv1d_layer|conv1d:CONVOLUTION_1D[0].conv1d|mult_reduce:multiply_reduce                                                                                                                                                                                                  ; mult_reduce                            ; work         ;
;                |mult:multiplier|                                          ; 0 (0)       ; 90 (0)                    ; 0 (0)         ; 0           ; 0          ; 6            ; 0       ; 3         ; 0    ; 0            ; 0 (0)        ; 0 (0)             ; 0 (0)            ; 0          ; |cnn_vibration_monitor_10M08|m08_cnn1d:cnn1d|conv1d_layer:conv1d_layer|conv1d:CONVOLUTION_1D[0].conv1d|mult_reduce:multiply_reduce|mult:multiplier                                                                                                                                                                                  ; mult                                   ; work         ;
;                   |lpm_mult:lpm_mult_component|                           ; 0 (0)       ; 90 (0)                    ; 0 (0)         ; 0           ; 0          ; 6            ; 0       ; 3         ; 0    ; 0            ; 0 (0)        ; 0 (0)             ; 0 (0)            ; 0          ; |cnn_vibration_monitor_10M08|m08_cnn1d:cnn1d|conv1d_layer:conv1d_layer|conv1d:CONVOLUTION_1D[0].conv1d|mult_reduce:multiply_reduce|mult:multiplier|lpm_mult:lpm_mult_component                                                                                                                                                      ; lpm_mult                               ; work         ;
;                      |mult_4ms:auto_generated|                            ; 0 (0)       ; 90 (90)                   ; 0 (0)         ; 0           ; 0          ; 6            ; 0       ; 3         ; 0    ; 0            ; 0 (0)        ; 0 (0)             ; 0 (0)            ; 0          ; |cnn_vibration_monitor_10M08|m08_cnn1d:cnn1d|conv1d_layer:conv1d_layer|conv1d:CONVOLUTION_1D[0].conv1d|mult_reduce:multiply_reduce|mult:multiplier|lpm_mult:lpm_mult_component|mult_4ms:auto_generated                                                                                                                              ; mult_4ms                               ; work         ;
;             |p2s:parallel_to_serial|                                      ; 0 (0)       ; 78 (78)                   ; 0 (0)         ; 0           ; 0          ; 0            ; 0       ; 0         ; 0    ; 0            ; 0 (0)        ; 0 (0)             ; 0 (0)            ; 0          ; |cnn_vibration_monitor_10M08|m08_cnn1d:cnn1d|conv1d_layer:conv1d_layer|conv1d:CONVOLUTION_1D[0].conv1d|p2s:parallel_to_serial                                                                                                                                                                                                       ; p2s                                    ; work         ;
;          |conv1d:CONVOLUTION_1D[1].conv1d|                                ; 0 (0)       ; 174 (24)                  ; 0 (0)         ; 0           ; 0          ; 6            ; 0       ; 3         ; 0    ; 0            ; 0 (0)        ; 0 (0)             ; 0 (0)            ; 0          ; |cnn_vibration_monitor_10M08|m08_cnn1d:cnn1d|conv1d_layer:conv1d_layer|conv1d:CONVOLUTION_1D[1].conv1d                                                                                                                                                                                                                              ; conv1d                                 ; work         ;
;             |mult_reduce:multiply_reduce|                                 ; 0 (0)       ; 150 (60)                  ; 0 (0)         ; 0           ; 0          ; 6            ; 0       ; 3         ; 0    ; 0            ; 0 (0)        ; 0 (0)             ; 0 (0)            ; 0          ; |cnn_vibration_monitor_10M08|m08_cnn1d:cnn1d|conv1d_layer:conv1d_layer|conv1d:CONVOLUTION_1D[1].conv1d|mult_reduce:multiply_reduce                                                                                                                                                                                                  ; mult_reduce                            ; work         ;
;                |mult:multiplier|                                          ; 0 (0)       ; 90 (0)                    ; 0 (0)         ; 0           ; 0          ; 6            ; 0       ; 3         ; 0    ; 0            ; 0 (0)        ; 0 (0)             ; 0 (0)            ; 0          ; |cnn_vibration_monitor_10M08|m08_cnn1d:cnn1d|conv1d_layer:conv1d_layer|conv1d:CONVOLUTION_1D[1].conv1d|mult_reduce:multiply_reduce|mult:multiplier                                                                                                                                                                                  ; mult                                   ; work         ;
;                   |lpm_mult:lpm_mult_component|                           ; 0 (0)       ; 90 (0)                    ; 0 (0)         ; 0           ; 0          ; 6            ; 0       ; 3         ; 0    ; 0            ; 0 (0)        ; 0 (0)             ; 0 (0)            ; 0          ; |cnn_vibration_monitor_10M08|m08_cnn1d:cnn1d|conv1d_layer:conv1d_layer|conv1d:CONVOLUTION_1D[1].conv1d|mult_reduce:multiply_reduce|mult:multiplier|lpm_mult:lpm_mult_component                                                                                                                                                      ; lpm_mult                               ; work         ;
;                      |mult_4ms:auto_generated|                            ; 0 (0)       ; 90 (90)                   ; 0 (0)         ; 0           ; 0          ; 6            ; 0       ; 3         ; 0    ; 0            ; 0 (0)        ; 0 (0)             ; 0 (0)            ; 0          ; |cnn_vibration_monitor_10M08|m08_cnn1d:cnn1d|conv1d_layer:conv1d_layer|conv1d:CONVOLUTION_1D[1].conv1d|mult_reduce:multiply_reduce|mult:multiplier|lpm_mult:lpm_mult_component|mult_4ms:auto_generated                                                                                                                              ; mult_4ms                               ; work         ;
;          |sp_ram:conv1d_biases|                                           ; 0 (0)       ; 0 (0)                     ; 0 (0)         ; 48          ; 0          ; 0            ; 0       ; 0         ; 0    ; 0            ; 0 (0)        ; 0 (0)             ; 0 (0)            ; 0          ; |cnn_vibration_monitor_10M08|m08_cnn1d:cnn1d|conv1d_layer:conv1d_layer|sp_ram:conv1d_biases                                                                                                                                                                                                                                         ; sp_ram                                 ; work         ;
;             |altsyncram:altsyncram_component|                             ; 0 (0)       ; 0 (0)                     ; 0 (0)         ; 48          ; 0          ; 0            ; 0       ; 0         ; 0    ; 0            ; 0 (0)        ; 0 (0)             ; 0 (0)            ; 0          ; |cnn_vibration_monitor_10M08|m08_cnn1d:cnn1d|conv1d_layer:conv1d_layer|sp_ram:conv1d_biases|altsyncram:altsyncram_component                                                                                                                                                                                                         ; altsyncram                             ; work         ;
;                |altsyncram_57k1:auto_generated|                           ; 0 (0)       ; 0 (0)                     ; 0 (0)         ; 48          ; 0          ; 0            ; 0       ; 0         ; 0    ; 0            ; 0 (0)        ; 0 (0)             ; 0 (0)            ; 0          ; |cnn_vibration_monitor_10M08|m08_cnn1d:cnn1d|conv1d_layer:conv1d_layer|sp_ram:conv1d_biases|altsyncram:altsyncram_component|altsyncram_57k1:auto_generated                                                                                                                                                                          ; altsyncram_57k1                        ; work         ;
;          |sp_ram:conv1d_weights|                                          ; 0 (0)       ; 0 (0)                     ; 0 (0)         ; 240         ; 0          ; 0            ; 0       ; 0         ; 0    ; 0            ; 0 (0)        ; 0 (0)             ; 0 (0)            ; 0          ; |cnn_vibration_monitor_10M08|m08_cnn1d:cnn1d|conv1d_layer:conv1d_layer|sp_ram:conv1d_weights                                                                                                                                                                                                                                        ; sp_ram                                 ; work         ;
;             |altsyncram:altsyncram_component|                             ; 0 (0)       ; 0 (0)                     ; 0 (0)         ; 240         ; 0          ; 0            ; 0       ; 0         ; 0    ; 0            ; 0 (0)        ; 0 (0)             ; 0 (0)            ; 0          ; |cnn_vibration_monitor_10M08|m08_cnn1d:cnn1d|conv1d_layer:conv1d_layer|sp_ram:conv1d_weights|altsyncram:altsyncram_component                                                                                                                                                                                                        ; altsyncram                             ; work         ;
;                |altsyncram_mck1:auto_generated|                           ; 0 (0)       ; 0 (0)                     ; 0 (0)         ; 240         ; 0          ; 0            ; 0       ; 0         ; 0    ; 0            ; 0 (0)        ; 0 (0)             ; 0 (0)            ; 0          ; |cnn_vibration_monitor_10M08|m08_cnn1d:cnn1d|conv1d_layer:conv1d_layer|sp_ram:conv1d_weights|altsyncram:altsyncram_component|altsyncram_mck1:auto_generated                                                                                                                                                                         ; altsyncram_mck1                        ; work         ;
;       |gavgpool_layer:gavgpool_layer|                                     ; 0 (0)       ; 23718 (0)                 ; 0 (0)         ; 0           ; 0          ; 0            ; 0       ; 0         ; 0    ; 0            ; 0 (0)        ; 0 (0)             ; 0 (0)            ; 0          ; |cnn_vibration_monitor_10M08|m08_cnn1d:cnn1d|gavgpool_layer:gavgpool_layer                                                                                                                                                                                                                                                          ; gavgpool_layer                         ; work         ;
;          |gavgpool:GLOBAL_AVERAGE_POOLING[0].gavgpool|                    ; 0 (0)       ; 11861 (25)                ; 0 (0)         ; 0           ; 0          ; 0            ; 0       ; 0         ; 0    ; 0            ; 0 (0)        ; 0 (0)             ; 0 (0)            ; 0          ; |cnn_vibration_monitor_10M08|m08_cnn1d:cnn1d|gavgpool_layer:gavgpool_layer|gavgpool:GLOBAL_AVERAGE_POOLING[0].gavgpool                                                                                                                                                                                                              ; gavgpool                               ; work         ;
;             |accum_single_sample:accumulator|                             ; 0 (0)       ; 11836 (11836)             ; 0 (0)         ; 0           ; 0          ; 0            ; 0       ; 0         ; 0    ; 0            ; 0 (0)        ; 0 (0)             ; 0 (0)            ; 0          ; |cnn_vibration_monitor_10M08|m08_cnn1d:cnn1d|gavgpool_layer:gavgpool_layer|gavgpool:GLOBAL_AVERAGE_POOLING[0].gavgpool|accum_single_sample:accumulator                                                                                                                                                                              ; accum_single_sample                    ; work         ;
;          |gavgpool:GLOBAL_AVERAGE_POOLING[1].gavgpool|                    ; 0 (0)       ; 11857 (24)                ; 0 (0)         ; 0           ; 0          ; 0            ; 0       ; 0         ; 0    ; 0            ; 0 (0)        ; 0 (0)             ; 0 (0)            ; 0          ; |cnn_vibration_monitor_10M08|m08_cnn1d:cnn1d|gavgpool_layer:gavgpool_layer|gavgpool:GLOBAL_AVERAGE_POOLING[1].gavgpool                                                                                                                                                                                                              ; gavgpool                               ; work         ;
;             |accum_single_sample:accumulator|                             ; 0 (0)       ; 11833 (11833)             ; 0 (0)         ; 0           ; 0          ; 0            ; 0       ; 0         ; 0    ; 0            ; 0 (0)        ; 0 (0)             ; 0 (0)            ; 0          ; |cnn_vibration_monitor_10M08|m08_cnn1d:cnn1d|gavgpool_layer:gavgpool_layer|gavgpool:GLOBAL_AVERAGE_POOLING[1].gavgpool|accum_single_sample:accumulator                                                                                                                                                                              ; accum_single_sample                    ; work         ;
;       |nrn_layer:fc_1|                                                    ; 0 (0)       ; 206 (22)                  ; 0 (0)         ; 1920        ; 0          ; 6            ; 0       ; 3         ; 0    ; 0            ; 0 (0)        ; 0 (0)             ; 0 (0)            ; 0          ; |cnn_vibration_monitor_10M08|m08_cnn1d:cnn1d|nrn_layer:fc_1                                                                                                                                                                                                                                                                         ; nrn_layer                              ; work         ;
;          |mult_reduce:mult_reduce|                                        ; 0 (0)       ; 160 (70)                  ; 0 (0)         ; 0           ; 0          ; 6            ; 0       ; 3         ; 0    ; 0            ; 0 (0)        ; 0 (0)             ; 0 (0)            ; 0          ; |cnn_vibration_monitor_10M08|m08_cnn1d:cnn1d|nrn_layer:fc_1|mult_reduce:mult_reduce                                                                                                                                                                                                                                                 ; mult_reduce                            ; work         ;
;             |mult:multiplier|                                             ; 0 (0)       ; 90 (0)                    ; 0 (0)         ; 0           ; 0          ; 6            ; 0       ; 3         ; 0    ; 0            ; 0 (0)        ; 0 (0)             ; 0 (0)            ; 0          ; |cnn_vibration_monitor_10M08|m08_cnn1d:cnn1d|nrn_layer:fc_1|mult_reduce:mult_reduce|mult:multiplier                                                                                                                                                                                                                                 ; mult                                   ; work         ;
;                |lpm_mult:lpm_mult_component|                              ; 0 (0)       ; 90 (0)                    ; 0 (0)         ; 0           ; 0          ; 6            ; 0       ; 3         ; 0    ; 0            ; 0 (0)        ; 0 (0)             ; 0 (0)            ; 0          ; |cnn_vibration_monitor_10M08|m08_cnn1d:cnn1d|nrn_layer:fc_1|mult_reduce:mult_reduce|mult:multiplier|lpm_mult:lpm_mult_component                                                                                                                                                                                                     ; lpm_mult                               ; work         ;
;                   |mult_4ms:auto_generated|                               ; 0 (0)       ; 90 (90)                   ; 0 (0)         ; 0           ; 0          ; 6            ; 0       ; 3         ; 0    ; 0            ; 0 (0)        ; 0 (0)             ; 0 (0)            ; 0          ; |cnn_vibration_monitor_10M08|m08_cnn1d:cnn1d|nrn_layer:fc_1|mult_reduce:mult_reduce|mult:multiplier|lpm_mult:lpm_mult_component|mult_4ms:auto_generated                                                                                                                                                                             ; mult_4ms                               ; work         ;
;          |relu:relu|                                                      ; 0 (0)       ; 24 (24)                   ; 0 (0)         ; 0           ; 0          ; 0            ; 0       ; 0         ; 0    ; 0            ; 0 (0)        ; 0 (0)             ; 0 (0)            ; 0          ; |cnn_vibration_monitor_10M08|m08_cnn1d:cnn1d|nrn_layer:fc_1|relu:relu                                                                                                                                                                                                                                                               ; relu                                   ; work         ;
;          |sp_ram_clken:in_buf|                                            ; 0 (0)       ; 0 (0)                     ; 0 (0)         ; 192         ; 0          ; 0            ; 0       ; 0         ; 0    ; 0            ; 0 (0)        ; 0 (0)             ; 0 (0)            ; 0          ; |cnn_vibration_monitor_10M08|m08_cnn1d:cnn1d|nrn_layer:fc_1|sp_ram_clken:in_buf                                                                                                                                                                                                                                                     ; sp_ram_clken                           ; work         ;
;             |altsyncram:altsyncram_component|                             ; 0 (0)       ; 0 (0)                     ; 0 (0)         ; 192         ; 0          ; 0            ; 0       ; 0         ; 0    ; 0            ; 0 (0)        ; 0 (0)             ; 0 (0)            ; 0          ; |cnn_vibration_monitor_10M08|m08_cnn1d:cnn1d|nrn_layer:fc_1|sp_ram_clken:in_buf|altsyncram:altsyncram_component                                                                                                                                                                                                                     ; altsyncram                             ; work         ;
;                |altsyncram_i0g1:auto_generated|                           ; 0 (0)       ; 0 (0)                     ; 0 (0)         ; 192         ; 0          ; 0            ; 0       ; 0         ; 0    ; 0            ; 0 (0)        ; 0 (0)             ; 0 (0)            ; 0          ; |cnn_vibration_monitor_10M08|m08_cnn1d:cnn1d|nrn_layer:fc_1|sp_ram_clken:in_buf|altsyncram:altsyncram_component|altsyncram_i0g1:auto_generated                                                                                                                                                                                      ; altsyncram_i0g1                        ; work         ;
;          |sp_ram_clken:nrn_ram|                                           ; 0 (0)       ; 0 (0)                     ; 0 (0)         ; 1728        ; 0          ; 0            ; 0       ; 0         ; 0    ; 0            ; 0 (0)        ; 0 (0)             ; 0 (0)            ; 0          ; |cnn_vibration_monitor_10M08|m08_cnn1d:cnn1d|nrn_layer:fc_1|sp_ram_clken:nrn_ram                                                                                                                                                                                                                                                    ; sp_ram_clken                           ; work         ;
;             |altsyncram:altsyncram_component|                             ; 0 (0)       ; 0 (0)                     ; 0 (0)         ; 1728        ; 0          ; 0            ; 0       ; 0         ; 0    ; 0            ; 0 (0)        ; 0 (0)             ; 0 (0)            ; 0          ; |cnn_vibration_monitor_10M08|m08_cnn1d:cnn1d|nrn_layer:fc_1|sp_ram_clken:nrn_ram|altsyncram:altsyncram_component                                                                                                                                                                                                                    ; altsyncram                             ; work         ;
;                |altsyncram_q3l1:auto_generated|                           ; 0 (0)       ; 0 (0)                     ; 0 (0)         ; 1728        ; 0          ; 0            ; 0       ; 0         ; 0    ; 0            ; 0 (0)        ; 0 (0)             ; 0 (0)            ; 0          ; |cnn_vibration_monitor_10M08|m08_cnn1d:cnn1d|nrn_layer:fc_1|sp_ram_clken:nrn_ram|altsyncram:altsyncram_component|altsyncram_q3l1:auto_generated                                                                                                                                                                                     ; altsyncram_q3l1                        ; work         ;
;       |nrn_layer:fc_2|                                                    ; 0 (0)       ; 204 (20)                  ; 0 (0)         ; 624         ; 0          ; 6            ; 0       ; 3         ; 0    ; 0            ; 0 (0)        ; 0 (0)             ; 0 (0)            ; 0          ; |cnn_vibration_monitor_10M08|m08_cnn1d:cnn1d|nrn_layer:fc_2                                                                                                                                                                                                                                                                         ; nrn_layer                              ; work         ;
;          |mult_reduce:mult_reduce|                                        ; 0 (0)       ; 160 (70)                  ; 0 (0)         ; 0           ; 0          ; 6            ; 0       ; 3         ; 0    ; 0            ; 0 (0)        ; 0 (0)             ; 0 (0)            ; 0          ; |cnn_vibration_monitor_10M08|m08_cnn1d:cnn1d|nrn_layer:fc_2|mult_reduce:mult_reduce                                                                                                                                                                                                                                                 ; mult_reduce                            ; work         ;
;             |mult:multiplier|                                             ; 0 (0)       ; 90 (0)                    ; 0 (0)         ; 0           ; 0          ; 6            ; 0       ; 3         ; 0    ; 0            ; 0 (0)        ; 0 (0)             ; 0 (0)            ; 0          ; |cnn_vibration_monitor_10M08|m08_cnn1d:cnn1d|nrn_layer:fc_2|mult_reduce:mult_reduce|mult:multiplier                                                                                                                                                                                                                                 ; mult                                   ; work         ;
;                |lpm_mult:lpm_mult_component|                              ; 0 (0)       ; 90 (0)                    ; 0 (0)         ; 0           ; 0          ; 6            ; 0       ; 3         ; 0    ; 0            ; 0 (0)        ; 0 (0)             ; 0 (0)            ; 0          ; |cnn_vibration_monitor_10M08|m08_cnn1d:cnn1d|nrn_layer:fc_2|mult_reduce:mult_reduce|mult:multiplier|lpm_mult:lpm_mult_component                                                                                                                                                                                                     ; lpm_mult                               ; work         ;
;                   |mult_4ms:auto_generated|                               ; 0 (0)       ; 90 (90)                   ; 0 (0)         ; 0           ; 0          ; 6            ; 0       ; 3         ; 0    ; 0            ; 0 (0)        ; 0 (0)             ; 0 (0)            ; 0          ; |cnn_vibration_monitor_10M08|m08_cnn1d:cnn1d|nrn_layer:fc_2|mult_reduce:mult_reduce|mult:multiplier|lpm_mult:lpm_mult_component|mult_4ms:auto_generated                                                                                                                                                                             ; mult_4ms                               ; work         ;
;          |relu:relu|                                                      ; 0 (0)       ; 24 (24)                   ; 0 (0)         ; 0           ; 0          ; 0            ; 0       ; 0         ; 0    ; 0            ; 0 (0)        ; 0 (0)             ; 0 (0)            ; 0          ; |cnn_vibration_monitor_10M08|m08_cnn1d:cnn1d|nrn_layer:fc_2|relu:relu                                                                                                                                                                                                                                                               ; relu                                   ; work         ;
;          |sp_ram_clken:in_buf|                                            ; 0 (0)       ; 0 (0)                     ; 0 (0)         ; 192         ; 0          ; 0            ; 0       ; 0         ; 0    ; 0            ; 0 (0)        ; 0 (0)             ; 0 (0)            ; 0          ; |cnn_vibration_monitor_10M08|m08_cnn1d:cnn1d|nrn_layer:fc_2|sp_ram_clken:in_buf                                                                                                                                                                                                                                                     ; sp_ram_clken                           ; work         ;
;             |altsyncram:altsyncram_component|                             ; 0 (0)       ; 0 (0)                     ; 0 (0)         ; 192         ; 0          ; 0            ; 0       ; 0         ; 0    ; 0            ; 0 (0)        ; 0 (0)             ; 0 (0)            ; 0          ; |cnn_vibration_monitor_10M08|m08_cnn1d:cnn1d|nrn_layer:fc_2|sp_ram_clken:in_buf|altsyncram:altsyncram_component                                                                                                                                                                                                                     ; altsyncram                             ; work         ;
;                |altsyncram_i0g1:auto_generated|                           ; 0 (0)       ; 0 (0)                     ; 0 (0)         ; 192         ; 0          ; 0            ; 0       ; 0         ; 0    ; 0            ; 0 (0)        ; 0 (0)             ; 0 (0)            ; 0          ; |cnn_vibration_monitor_10M08|m08_cnn1d:cnn1d|nrn_layer:fc_2|sp_ram_clken:in_buf|altsyncram:altsyncram_component|altsyncram_i0g1:auto_generated                                                                                                                                                                                      ; altsyncram_i0g1                        ; work         ;
;          |sp_ram_clken:nrn_ram|                                           ; 0 (0)       ; 0 (0)                     ; 0 (0)         ; 432         ; 0          ; 0            ; 0       ; 0         ; 0    ; 0            ; 0 (0)        ; 0 (0)             ; 0 (0)            ; 0          ; |cnn_vibration_monitor_10M08|m08_cnn1d:cnn1d|nrn_layer:fc_2|sp_ram_clken:nrn_ram                                                                                                                                                                                                                                                    ; sp_ram_clken                           ; work         ;
;             |altsyncram:altsyncram_component|                             ; 0 (0)       ; 0 (0)                     ; 0 (0)         ; 432         ; 0          ; 0            ; 0       ; 0         ; 0    ; 0            ; 0 (0)        ; 0 (0)             ; 0 (0)            ; 0          ; |cnn_vibration_monitor_10M08|m08_cnn1d:cnn1d|nrn_layer:fc_2|sp_ram_clken:nrn_ram|altsyncram:altsyncram_component                                                                                                                                                                                                                    ; altsyncram                             ; work         ;
;                |altsyncram_p3l1:auto_generated|                           ; 0 (0)       ; 0 (0)                     ; 0 (0)         ; 432         ; 0          ; 0            ; 0       ; 0         ; 0    ; 0            ; 0 (0)        ; 0 (0)             ; 0 (0)            ; 0          ; |cnn_vibration_monitor_10M08|m08_cnn1d:cnn1d|nrn_layer:fc_2|sp_ram_clken:nrn_ram|altsyncram:altsyncram_component|altsyncram_p3l1:auto_generated                                                                                                                                                                                     ; altsyncram_p3l1                        ; work         ;
;       |p2s:p2s|                                                           ; 0 (0)       ; 76 (76)                   ; 0 (0)         ; 0           ; 0          ; 0            ; 0       ; 0         ; 0    ; 0            ; 0 (0)        ; 0 (0)             ; 0 (0)            ; 0          ; |cnn_vibration_monitor_10M08|m08_cnn1d:cnn1d|p2s:p2s                                                                                                                                                                                                                                                                                ; p2s                                    ; work         ;
;       |s2p:s2p|                                                           ; 0 (0)       ; 48 (48)                   ; 0 (0)         ; 0           ; 0          ; 0            ; 0       ; 0         ; 0    ; 0            ; 0 (0)        ; 0 (0)             ; 0 (0)            ; 0          ; |cnn_vibration_monitor_10M08|m08_cnn1d:cnn1d|s2p:s2p                                                                                                                                                                                                                                                                                ; s2p                                    ; work         ;
;       |subsample:subsample_ch1|                                           ; 0 (0)       ; 23 (23)                   ; 0 (0)         ; 0           ; 0          ; 0            ; 0       ; 0         ; 0    ; 0            ; 0 (0)        ; 0 (0)             ; 0 (0)            ; 0          ; |cnn_vibration_monitor_10M08|m08_cnn1d:cnn1d|subsample:subsample_ch1                                                                                                                                                                                                                                                                ; subsample                              ; work         ;
;       |subsample:subsample_ch3|                                           ; 0 (0)       ; 12 (12)                   ; 0 (0)         ; 0           ; 0          ; 0            ; 0       ; 0         ; 0    ; 0            ; 0 (0)        ; 0 (0)             ; 0 (0)            ; 0          ; |cnn_vibration_monitor_10M08|m08_cnn1d:cnn1d|subsample:subsample_ch3                                                                                                                                                                                                                                                                ; subsample                              ; work         ;
;    |m10_adc2axi:adc2axi|                                                  ; 0 (0)       ; 32 (6)                    ; 0 (0)         ; 0           ; 0          ; 0            ; 0       ; 0         ; 0    ; 0            ; 0 (0)        ; 0 (0)             ; 0 (0)            ; 0          ; |cnn_vibration_monitor_10M08|m10_adc2axi:adc2axi                                                                                                                                                                                                                                                                                    ; m10_adc2axi                            ; work         ;
;       |s2p:s2p|                                                           ; 0 (0)       ; 26 (26)                   ; 0 (0)         ; 0           ; 0          ; 0            ; 0       ; 0         ; 0    ; 0            ; 0 (0)        ; 0 (0)             ; 0 (0)            ; 0          ; |cnn_vibration_monitor_10M08|m10_adc2axi:adc2axi|s2p:s2p                                                                                                                                                                                                                                                                            ; s2p                                    ; work         ;
+---------------------------------------------------------------------------+-------------+---------------------------+---------------+-------------+------------+--------------+---------+-----------+------+--------------+--------------+-------------------+------------------+------------+-------------------------------------------------------------------------------------------------------------------------------------------------------------------------------------------------------------------------------------------------------------------------------------------------------------------------------------+----------------------------------------+--------------+
Note: For table entries with two numbers listed, the numbers in parentheses indicate the number of resources of the given type used by the specific entity alone. The numbers listed outside of parentheses indicate the total resources of the given type used by the specific entity and all of its sub-entities in the hierarchy.


+-----------------------------------------------------------------------------------------------+
; Delay Chain Summary                                                                           ;
+---------------+----------+---------------+---------------+-----------------------+-----+------+
; Name          ; Pin Type ; Pad to Core 0 ; Pad to Core 1 ; Pad to Input Register ; TCO ; TCOE ;
+---------------+----------+---------------+---------------+-----------------------+-----+------+
; led[0]        ; Output   ; --            ; --            ; --                    ; --  ; --   ;
; led[1]        ; Output   ; --            ; --            ; --                    ; --  ; --   ;
; led[2]        ; Output   ; --            ; --            ; --                    ; --  ; --   ;
; arduino_io[0] ; Output   ; --            ; --            ; --                    ; --  ; --   ;
; arduino_io[1] ; Output   ; --            ; --            ; --                    ; --  ; --   ;
; arduino_io[2] ; Output   ; --            ; --            ; --                    ; --  ; --   ;
; arduino_io[3] ; Output   ; --            ; --            ; --                    ; --  ; --   ;
; arduino_io[4] ; Output   ; --            ; --            ; --                    ; --  ; --   ;
; arduino_io[5] ; Output   ; --            ; --            ; --                    ; --  ; --   ;
; arduino_io[6] ; Output   ; --            ; --            ; --                    ; --  ; --   ;
; arduino_io[7] ; Output   ; --            ; --            ; --                    ; --  ; --   ;
; clk50         ; Input    ; --            ; --            ; --                    ; --  ; --   ;
+---------------+----------+---------------+---------------+-----------------------+-----+------+


+---------------------------------------------------+
; Pad To Core Delay Chain Fanout                    ;
+---------------------+-------------------+---------+
; Source Pin / Fanout ; Pad To Core Index ; Setting ;
+---------------------+-------------------+---------+
; clk50               ;                   ;         ;
+---------------------+-------------------+---------+


+--------------------------------------------------------------------------------------------------------------------------------------------------------------------------------------------------------------------------------------------------------------------------------------------------------------------------------------------------------------------------------------------------------------------------------------------------------------+
; Control Signals                                                                                                                                                                                                                                                                                                                                                                                                                                              ;
+----------------------------------------------------------------------------------------------------------------------------------------------------------------------------------------------------------------------------------------------------------------------------------------------------------------+------------+---------+---------------------------------------+--------+----------------------+------------------+---------------------------+
; Name                                                                                                                                                                                                                                                                                                           ; Location   ; Fan-Out ; Usage                                 ; Global ; Global Resource Used ; Global Line Name ; Enable Signal Source Name ;
+----------------------------------------------------------------------------------------------------------------------------------------------------------------------------------------------------------------------------------------------------------------------------------------------------------------+------------+---------+---------------------------------------+--------+----------------------+------------------+---------------------------+
; adc:u0|adc_altpll_0:altpll_0|adc_altpll_0_altpll_6b92:sd1|wire_pll7_clk[1]                                                                                                                                                                                                                                     ; PLL_1      ; 25579   ; Clock                                 ; yes    ; Global Clock         ; Not Available    ; --                        ;
; adc:u0|adc_modular_adc_0:modular_adc_0|altera_modular_adc_control:control_internal|altera_modular_adc_control_fsm:u_control_fsm|altera_modular_adc_control_avrg_fifo:ts_avrg_fifo|scfifo:scfifo_component|scfifo_do61:auto_generated|a_dpfifo_3k41:dpfifo|_~8                                                  ; Unassigned ; 18      ; Clock enable                          ; no     ; --                   ; --               ; --                        ;
; adc:u0|adc_modular_adc_0:modular_adc_0|altera_modular_adc_control:control_internal|altera_modular_adc_control_fsm:u_control_fsm|altera_modular_adc_control_avrg_fifo:ts_avrg_fifo|scfifo:scfifo_component|scfifo_do61:auto_generated|a_dpfifo_3k41:dpfifo|a_fefifo_c6e:fifo_state|cntr_337:count_usedw|_~0     ; Unassigned ; 6       ; Clock enable                          ; no     ; --                   ; --               ; --                        ;
; adc:u0|adc_modular_adc_0:modular_adc_0|altera_modular_adc_control:control_internal|altera_modular_adc_control_fsm:u_control_fsm|altera_modular_adc_control_avrg_fifo:ts_avrg_fifo|scfifo:scfifo_component|scfifo_do61:auto_generated|a_dpfifo_3k41:dpfifo|altsyncram_rmn1:FIFOram|ram_block1a11~RAM_ENABLE_AND ; Unassigned ; 12      ; Clock enable                          ; no     ; --                   ; --               ; --                        ;
; adc:u0|adc_modular_adc_0:modular_adc_0|altera_modular_adc_control:control_internal|altera_modular_adc_control_fsm:u_control_fsm|altera_modular_adc_control_avrg_fifo:ts_avrg_fifo|scfifo:scfifo_component|scfifo_do61:auto_generated|a_dpfifo_3k41:dpfifo|cntr_n2b:wr_ptr|_~2                                  ; Unassigned ; 6       ; Clock enable                          ; no     ; --                   ; --               ; --                        ;
; adc:u0|adc_modular_adc_0:modular_adc_0|altera_modular_adc_control:control_internal|altera_modular_adc_control_fsm:u_control_fsm|altera_modular_adc_control_avrg_fifo:ts_avrg_fifo|scfifo:scfifo_component|scfifo_do61:auto_generated|a_dpfifo_3k41:dpfifo|valid_wreq                                           ; Unassigned ; 19      ; Write enable                          ; no     ; --                   ; --               ; --                        ;
; adc:u0|adc_modular_adc_0:modular_adc_0|altera_modular_adc_control:control_internal|altera_modular_adc_control_fsm:u_control_fsm|avrg_sum[12]~3                                                                                                                                                                 ; Unassigned ; 18      ; Clock enable                          ; no     ; --                   ; --               ; --                        ;
; adc:u0|adc_modular_adc_0:modular_adc_0|altera_modular_adc_control:control_internal|altera_modular_adc_control_fsm:u_control_fsm|chsel[2]~1                                                                                                                                                                     ; Unassigned ; 3       ; Clock enable                          ; no     ; --                   ; --               ; --                        ;
; adc:u0|adc_modular_adc_0:modular_adc_0|altera_modular_adc_control:control_internal|altera_modular_adc_control_fsm:u_control_fsm|fifo_sclr                                                                                                                                                                      ; Unassigned ; 40      ; Sync. clear, Sync. load               ; no     ; --                   ; --               ; --                        ;
; adc:u0|adc_modular_adc_0:modular_adc_0|altera_modular_adc_control:control_internal|altera_modular_adc_control_fsm:u_control_fsm|int_timer[2]~0                                                                                                                                                                 ; Unassigned ; 8       ; Clock enable                          ; no     ; --                   ; --               ; --                        ;
; adc:u0|adc_modular_adc_0:modular_adc_0|altera_modular_adc_control:control_internal|altera_modular_adc_control_fsm:u_control_fsm|load_dout                                                                                                                                                                      ; Unassigned ; 12      ; Clock enable                          ; no     ; --                   ; --               ; --                        ;
; adc:u0|adc_modular_adc_0:modular_adc_0|altera_modular_adc_control:control_internal|altera_modular_adc_control_fsm:u_control_fsm|load_int_timer~1                                                                                                                                                               ; Unassigned ; 9       ; Sync. clear                           ; no     ; --                   ; --               ; --                        ;
; adc:u0|adc_modular_adc_0:modular_adc_0|altera_modular_adc_control:control_internal|altera_modular_adc_control_fsm:u_control_fsm|load_rsp                                                                                                                                                                       ; Unassigned ; 13      ; Sync. clear                           ; no     ; --                   ; --               ; --                        ;
; clk50                                                                                                                                                                                                                                                                                                          ; Unassigned ; 1       ; Clock                                 ; no     ; --                   ; --               ; --                        ;
; led[1]~5                                                                                                                                                                                                                                                                                                       ; Unassigned ; 29      ; Clock enable, Sync. clear             ; no     ; --                   ; --               ; --                        ;
; m08_cnn1d:cnn1d|activation_layer:relu_layer|relu:RELU[0].relu|relu_data_out[4]~0                                                                                                                                                                                                                               ; Unassigned ; 95      ; Clock enable                          ; no     ; --                   ; --               ; --                        ;
; m08_cnn1d:cnn1d|activation_layer:relu_layer|relu:RELU[0].relu|relu_data_out[4]~1                                                                                                                                                                                                                               ; Unassigned ; 23      ; Sync. clear                           ; no     ; --                   ; --               ; --                        ;
; m08_cnn1d:cnn1d|activation_layer:relu_layer|relu:RELU[1].relu|relu_data_out[0]~0                                                                                                                                                                                                                               ; Unassigned ; 23      ; Sync. clear                           ; no     ; --                   ; --               ; --                        ;
; m08_cnn1d:cnn1d|conv1d_layer:conv1d_layer|conv1d:CONVOLUTION_1D[0].conv1d|conv1d_kernel[3][15]~0                                                                                                                                                                                                               ; Unassigned ; 60      ; Clock enable                          ; no     ; --                   ; --               ; --                        ;
; m08_cnn1d:cnn1d|conv1d_layer:conv1d_layer|conv1d:CONVOLUTION_1D[0].conv1d|mult_reduce:multiply_reduce|count[0]~0                                                                                                                                                                                               ; Unassigned ; 75      ; Sync. clear                           ; no     ; --                   ; --               ; --                        ;
; m08_cnn1d:cnn1d|conv1d_layer:conv1d_layer|conv1d:CONVOLUTION_1D[0].conv1d|mult_reduce:multiply_reduce|count[0]~1                                                                                                                                                                                               ; Unassigned ; 75      ; Clock enable                          ; no     ; --                   ; --               ; --                        ;
; m08_cnn1d:cnn1d|conv1d_layer:conv1d_layer|conv1d:CONVOLUTION_1D[0].conv1d|mult_reduce:multiply_reduce|mult_reduce_ready_in                                                                                                                                                                                     ; Unassigned ; 206     ; Clock enable                          ; no     ; --                   ; --               ; --                        ;
; m08_cnn1d:cnn1d|conv1d_layer:conv1d_layer|conv1d:CONVOLUTION_1D[0].conv1d|mult_reduce:multiply_reduce|mult_reduce_ready_in~0                                                                                                                                                                                   ; Unassigned ; 49      ; Clock enable                          ; no     ; --                   ; --               ; --                        ;
; m08_cnn1d:cnn1d|conv1d_layer:conv1d_layer|conv1d:CONVOLUTION_1D[0].conv1d|mult_reduce:multiply_reduce|valid_in_pipe[1]~1                                                                                                                                                                                       ; Unassigned ; 4       ; Clock enable                          ; no     ; --                   ; --               ; --                        ;
; m08_cnn1d:cnn1d|conv1d_layer:conv1d_layer|conv1d:CONVOLUTION_1D[0].conv1d|p2s:parallel_to_serial|count[2]~4                                                                                                                                                                                                    ; Unassigned ; 3       ; Clock enable                          ; no     ; --                   ; --               ; --                        ;
; m08_cnn1d:cnn1d|conv1d_layer:conv1d_layer|conv1d:CONVOLUTION_1D[0].conv1d|p2s:parallel_to_serial|p2s_serial_out[14]~3                                                                                                                                                                                          ; Unassigned ; 12      ; Sync. clear                           ; no     ; --                   ; --               ; --                        ;
; m08_cnn1d:cnn1d|conv1d_layer:conv1d_layer|conv1d:CONVOLUTION_1D[0].conv1d|p2s:parallel_to_serial|p2s_serial_out[14]~4                                                                                                                                                                                          ; Unassigned ; 12      ; Clock enable                          ; no     ; --                   ; --               ; --                        ;
; m08_cnn1d:cnn1d|conv1d_layer:conv1d_layer|conv1d:CONVOLUTION_1D[0].conv1d|p2s:parallel_to_serial|parallel_reg[0][18]~1                                                                                                                                                                                         ; Unassigned ; 60      ; Clock enable                          ; no     ; --                   ; --               ; --                        ;
; m08_cnn1d:cnn1d|conv1d_layer:conv1d_layer|conv1d:CONVOLUTION_1D[0].conv1d|weight_select[1]~1                                                                                                                                                                                                                   ; Unassigned ; 3       ; Clock enable                          ; no     ; --                   ; --               ; --                        ;
; m08_cnn1d:cnn1d|conv1d_layer:conv1d_layer|filter_select_d2[0]                                                                                                                                                                                                                                                  ; Unassigned ; 288     ; Clock enable                          ; no     ; --                   ; --               ; --                        ;
; m08_cnn1d:cnn1d|gavgpool_layer:gavgpool_layer|gavgpool:GLOBAL_AVERAGE_POOLING[0].gavgpool|accum_single_sample:accumulator|accum_data_out[31]~0                                                                                                                                                                 ; Unassigned ; 51      ; Clock enable                          ; no     ; --                   ; --               ; --                        ;
; m08_cnn1d:cnn1d|gavgpool_layer:gavgpool_layer|gavgpool:GLOBAL_AVERAGE_POOLING[0].gavgpool|accum_single_sample:accumulator|accum_reg[468][11]~0                                                                                                                                                                 ; Unassigned ; 23552   ; Clock enable                          ; no     ; --                   ; --               ; --                        ;
; m08_cnn1d:cnn1d|gavgpool_layer:gavgpool_layer|gavgpool:GLOBAL_AVERAGE_POOLING[0].gavgpool|accum_single_sample:accumulator|accumulator[5]~0                                                                                                                                                                     ; Unassigned ; 66      ; Clock enable                          ; no     ; --                   ; --               ; --                        ;
; m08_cnn1d:cnn1d|gavgpool_layer:gavgpool_layer|gavgpool:GLOBAL_AVERAGE_POOLING[0].gavgpool|gavgpool_data_out[19]~0                                                                                                                                                                                              ; Unassigned ; 49      ; Clock enable                          ; no     ; --                   ; --               ; --                        ;
; m08_cnn1d:cnn1d|nrn_layer:fc_1|Equal0~0                                                                                                                                                                                                                                                                        ; Unassigned ; 26      ; Read enable                           ; no     ; --                   ; --               ; --                        ;
; m08_cnn1d:cnn1d|nrn_layer:fc_1|delay_pipe[1]~0                                                                                                                                                                                                                                                                 ; Unassigned ; 6       ; Clock enable                          ; no     ; --                   ; --               ; --                        ;
; m08_cnn1d:cnn1d|nrn_layer:fc_1|in_buf_address[2]~2                                                                                                                                                                                                                                                             ; Unassigned ; 3       ; Clock enable                          ; no     ; --                   ; --               ; --                        ;
; m08_cnn1d:cnn1d|nrn_layer:fc_1|in_buf_clken~0                                                                                                                                                                                                                                                                  ; Unassigned ; 24      ; Clock enable                          ; no     ; --                   ; --               ; --                        ;
; m08_cnn1d:cnn1d|nrn_layer:fc_1|in_buf_wren~0                                                                                                                                                                                                                                                                   ; Unassigned ; 26      ; Write enable                          ; no     ; --                   ; --               ; --                        ;
; m08_cnn1d:cnn1d|nrn_layer:fc_1|mult_reduce:mult_reduce|accumulator[5]~0                                                                                                                                                                                                                                        ; Unassigned ; 40      ; Sync. clear                           ; no     ; --                   ; --               ; --                        ;
; m08_cnn1d:cnn1d|nrn_layer:fc_1|mult_reduce:mult_reduce|accumulator[5]~1                                                                                                                                                                                                                                        ; Unassigned ; 40      ; Clock enable                          ; no     ; --                   ; --               ; --                        ;
; m08_cnn1d:cnn1d|nrn_layer:fc_1|mult_reduce:mult_reduce|mult_reduce_ready_in                                                                                                                                                                                                                                    ; Unassigned ; 106     ; Clock enable                          ; no     ; --                   ; --               ; --                        ;
; m08_cnn1d:cnn1d|nrn_layer:fc_1|mult_reduce:mult_reduce|mult_reduce_ready_in~1                                                                                                                                                                                                                                  ; Unassigned ; 24      ; Clock enable                          ; no     ; --                   ; --               ; --                        ;
; m08_cnn1d:cnn1d|nrn_layer:fc_1|mult_reduce:mult_reduce|valid_in_pipe[2]~1                                                                                                                                                                                                                                      ; Unassigned ; 4       ; Clock enable                          ; no     ; --                   ; --               ; --                        ;
; m08_cnn1d:cnn1d|nrn_layer:fc_1|nrn_ram_address[1]~27                                                                                                                                                                                                                                                           ; Unassigned ; 7       ; Sync. clear                           ; no     ; --                   ; --               ; --                        ;
; m08_cnn1d:cnn1d|nrn_layer:fc_1|nrn_ram_address[1]~28                                                                                                                                                                                                                                                           ; Unassigned ; 11      ; Clock enable                          ; no     ; --                   ; --               ; --                        ;
; m08_cnn1d:cnn1d|nrn_layer:fc_1|ready                                                                                                                                                                                                                                                                           ; Unassigned ; 25      ; Clock enable                          ; no     ; --                   ; --               ; --                        ;
; m08_cnn1d:cnn1d|nrn_layer:fc_1|relu:relu|relu_data_out[4]~0                                                                                                                                                                                                                                                    ; Unassigned ; 23      ; Sync. clear                           ; no     ; --                   ; --               ; --                        ;
; m08_cnn1d:cnn1d|nrn_layer:fc_1|relu:relu|relu_data_out[4]~1                                                                                                                                                                                                                                                    ; Unassigned ; 23      ; Clock enable                          ; no     ; --                   ; --               ; --                        ;
; m08_cnn1d:cnn1d|nrn_layer:fc_2|Equal0~0                                                                                                                                                                                                                                                                        ; Unassigned ; 29      ; Read enable                           ; no     ; --                   ; --               ; --                        ;
; m08_cnn1d:cnn1d|nrn_layer:fc_2|in_buf_address[1]~5                                                                                                                                                                                                                                                             ; Unassigned ; 3       ; Clock enable                          ; no     ; --                   ; --               ; --                        ;
; m08_cnn1d:cnn1d|nrn_layer:fc_2|in_buf_clken~0                                                                                                                                                                                                                                                                  ; Unassigned ; 24      ; Clock enable                          ; no     ; --                   ; --               ; --                        ;
; m08_cnn1d:cnn1d|nrn_layer:fc_2|in_buf_wren~0                                                                                                                                                                                                                                                                   ; Unassigned ; 24      ; Write enable                          ; no     ; --                   ; --               ; --                        ;
; m08_cnn1d:cnn1d|nrn_layer:fc_2|mult_reduce:mult_reduce|accumulator[13]~0                                                                                                                                                                                                                                       ; Unassigned ; 40      ; Sync. clear                           ; no     ; --                   ; --               ; --                        ;
; m08_cnn1d:cnn1d|nrn_layer:fc_2|mult_reduce:mult_reduce|accumulator[13]~1                                                                                                                                                                                                                                       ; Unassigned ; 40      ; Clock enable                          ; no     ; --                   ; --               ; --                        ;
; m08_cnn1d:cnn1d|nrn_layer:fc_2|mult_reduce:mult_reduce|mult_reduce_ready_in                                                                                                                                                                                                                                    ; Unassigned ; 106     ; Clock enable                          ; no     ; --                   ; --               ; --                        ;
; m08_cnn1d:cnn1d|nrn_layer:fc_2|mult_reduce:mult_reduce|mult_reduce_result_out[33]~0                                                                                                                                                                                                                            ; Unassigned ; 24      ; Clock enable                          ; no     ; --                   ; --               ; --                        ;
; m08_cnn1d:cnn1d|nrn_layer:fc_2|mult_reduce:mult_reduce|valid_in_pipe[1]~1                                                                                                                                                                                                                                      ; Unassigned ; 4       ; Clock enable                          ; no     ; --                   ; --               ; --                        ;
; m08_cnn1d:cnn1d|nrn_layer:fc_2|nrn_ram_address[0]~11                                                                                                                                                                                                                                                           ; Unassigned ; 5       ; Sync. clear                           ; no     ; --                   ; --               ; --                        ;
; m08_cnn1d:cnn1d|nrn_layer:fc_2|nrn_ram_address[0]~20                                                                                                                                                                                                                                                           ; Unassigned ; 9       ; Clock enable                          ; no     ; --                   ; --               ; --                        ;
; m08_cnn1d:cnn1d|nrn_layer:fc_2|ready                                                                                                                                                                                                                                                                           ; Unassigned ; 25      ; Clock enable                          ; no     ; --                   ; --               ; --                        ;
; m08_cnn1d:cnn1d|nrn_layer:fc_2|relu:relu|relu_data_out[1]~0                                                                                                                                                                                                                                                    ; Unassigned ; 23      ; Sync. clear                           ; no     ; --                   ; --               ; --                        ;
; m08_cnn1d:cnn1d|nrn_layer:fc_2|valid_pipe[0]~0                                                                                                                                                                                                                                                                 ; Unassigned ; 6       ; Clock enable                          ; no     ; --                   ; --               ; --                        ;
; m08_cnn1d:cnn1d|p2s:p2s|p2s_serial_out[16]~1                                                                                                                                                                                                                                                                   ; Unassigned ; 24      ; Clock enable                          ; no     ; --                   ; --               ; --                        ;
; m08_cnn1d:cnn1d|p2s:p2s|parallel_reg[0][18]~0                                                                                                                                                                                                                                                                  ; Unassigned ; 48      ; Clock enable                          ; no     ; --                   ; --               ; --                        ;
; m08_cnn1d:cnn1d|s2p:s2p|s2p_parallel_out[0][0]~0                                                                                                                                                                                                                                                               ; Unassigned ; 23      ; Clock enable                          ; no     ; --                   ; --               ; --                        ;
; m08_cnn1d:cnn1d|s2p:s2p|s2p_parallel_out[1][0]~1                                                                                                                                                                                                                                                               ; Unassigned ; 23      ; Clock enable                          ; no     ; --                   ; --               ; --                        ;
; m08_cnn1d:cnn1d|subsample:subsample_ch1|count[0]~0                                                                                                                                                                                                                                                             ; Unassigned ; 9       ; Sync. clear                           ; no     ; --                   ; --               ; --                        ;
; m08_cnn1d:cnn1d|subsample:subsample_ch1|count[0]~1                                                                                                                                                                                                                                                             ; Unassigned ; 9       ; Clock enable                          ; no     ; --                   ; --               ; --                        ;
; m08_cnn1d:cnn1d|subsample:subsample_ch1|subsample_ready_in~0                                                                                                                                                                                                                                                   ; Unassigned ; 25      ; Clock enable                          ; no     ; --                   ; --               ; --                        ;
; m10_adc2axi:adc2axi|adc_c_channel[4]~13                                                                                                                                                                                                                                                                        ; Unassigned ; 5       ; Sync. load                            ; no     ; --                   ; --               ; --                        ;
; m10_adc2axi:adc2axi|adc_c_channel[4]~14                                                                                                                                                                                                                                                                        ; Unassigned ; 5       ; Clock enable                          ; no     ; --                   ; --               ; --                        ;
; m10_adc2axi:adc2axi|s2p:s2p|s2p_parallel_out[0][11]~1                                                                                                                                                                                                                                                          ; Unassigned ; 12      ; Clock enable                          ; no     ; --                   ; --               ; --                        ;
; m10_adc2axi:adc2axi|s2p:s2p|s2p_parallel_out[1][11]~0                                                                                                                                                                                                                                                          ; Unassigned ; 12      ; Clock enable                          ; no     ; --                   ; --               ; --                        ;
; rst_n                                                                                                                                                                                                                                                                                                          ; Unassigned ; 24186   ; Async. clear, Sync. clear, Sync. load ; no     ; --                   ; --               ; --                        ;
+----------------------------------------------------------------------------------------------------------------------------------------------------------------------------------------------------------------------------------------------------------------------------------------------------------------+------------+---------+---------------------------------------+--------+----------------------+------------------+---------------------------+


+--------------------------------------------------------------------------------------------------------------------------------------------------------------------------------------------------------------+
; Global & Other Fast Signals                                                                                                                                                                                  ;
+----------------------------------------------------------------------------+----------+---------+--------------------------------------+----------------------+------------------+---------------------------+
; Name                                                                       ; Location ; Fan-Out ; Fan-Out Using Intentional Clock Skew ; Global Resource Used ; Global Line Name ; Enable Signal Source Name ;
+----------------------------------------------------------------------------+----------+---------+--------------------------------------+----------------------+------------------+---------------------------+
; adc:u0|adc_altpll_0:altpll_0|adc_altpll_0_altpll_6b92:sd1|wire_pll7_clk[1] ; PLL_1    ; 25579   ; 0                                    ; Global Clock         ; Not Available    ; --                        ;
+----------------------------------------------------------------------------+----------+---------+--------------------------------------+----------------------+------------------+---------------------------+


+----------------------------------------------------------------------------------------------------------------------------------------------------------+
; Non-Global High Fan-Out Signals                                                                                                                          ;
+------------------------------------------------------------------------------------------------------------------------------------------------+---------+
; Name                                                                                                                                           ; Fan-Out ;
+------------------------------------------------------------------------------------------------------------------------------------------------+---------+
; rst_n                                                                                                                                          ; 24186   ;
; m08_cnn1d:cnn1d|gavgpool_layer:gavgpool_layer|gavgpool:GLOBAL_AVERAGE_POOLING[0].gavgpool|accum_single_sample:accumulator|accum_reg[468][11]~0 ; 23552   ;
+------------------------------------------------------------------------------------------------------------------------------------------------+---------+


+------------------------------------------------------------------------------------------------------------------------------------------------------------------------------------------------------------------------------------------------------------------------------------------------------------------------------------------------------------------------------------------------------------------------------------------------------------------------------------------------------------------------------------------------------------------------------------------------------------------------------------------------------------------------------------------------------------------------------------------------------------------------------------------------------------------------------------------------------------------+
; Fitter RAM Summary                                                                                                                                                                                                                                                                                                                                                                                                                                                                                                                                                                                                                                                                                                                                                                                                                                               ;
+----------------------------------------------------------------------------------------------------------------------------------------------------------------------------------------------------------------------------------------------------------------------------------------------+------+------------------+--------------+--------------+--------------+--------------+--------------+------------------------+-------------------------+------------------------+-------------------------+------+-----------------------------+-----------------------------+-----------------------------+-----------------------------+---------------------+------+--------------------------------------------------+------------+----------------------+------------------------+------------------------+----------+------------------------+---------------+
; Name                                                                                                                                                                                                                                                                                         ; Type ; Mode             ; Clock Mode   ; Port A Depth ; Port A Width ; Port B Depth ; Port B Width ; Port A Input Registers ; Port A Output Registers ; Port B Input Registers ; Port B Output Registers ; Size ; Implementation Port A Depth ; Implementation Port A Width ; Implementation Port B Depth ; Implementation Port B Width ; Implementation Bits ; M9Ks ; MIF                                              ; Location   ; Mixed Width RDW Mode ; Port A RDW Mode        ; Port B RDW Mode        ; ECC Mode ; ECC Pipeline Registers ; Fits in MLABs ;
+----------------------------------------------------------------------------------------------------------------------------------------------------------------------------------------------------------------------------------------------------------------------------------------------+------+------------------+--------------+--------------+--------------+--------------+--------------+------------------------+-------------------------+------------------------+-------------------------+------+-----------------------------+-----------------------------+-----------------------------+-----------------------------+---------------------+------+--------------------------------------------------+------------+----------------------+------------------------+------------------------+----------+------------------------+---------------+
; adc:u0|adc_modular_adc_0:modular_adc_0|altera_modular_adc_control:control_internal|altera_modular_adc_control_fsm:u_control_fsm|altera_modular_adc_control_avrg_fifo:ts_avrg_fifo|scfifo:scfifo_component|scfifo_do61:auto_generated|a_dpfifo_3k41:dpfifo|altsyncram_rmn1:FIFOram|ALTSYNCRAM ; M9K  ; Simple Dual Port ; Single Clock ; 64           ; 12           ; 64           ; 12           ; yes                    ; no                      ; yes                    ; no                      ; 768  ; 64                          ; 12                          ; 64                          ; 12                          ; 768                 ; 1    ; None                                             ; Unassigned ; Don't care           ; New data with NBE Read ; New data with NBE Read ; Off      ; No                     ; No - Unknown  ;
; m08_cnn1d:cnn1d|conv1d_layer:conv1d_layer|sp_ram:conv1d_biases|altsyncram:altsyncram_component|altsyncram_57k1:auto_generated|ALTSYNCRAM                                                                                                                                                     ; AUTO ; Single Port      ; Single Clock ; 2            ; 24           ; --           ; --           ; yes                    ; yes                     ; --                     ; --                      ; 48   ; 2                           ; 24                          ; --                          ; --                          ; 48                  ; 1    ; ./../../test/weights/conv1d_1_biases_12I12F.hex  ; Unassigned ; Don't care           ; New data with NBE Read ; New data with NBE Read ; Off      ; No                     ; No - Unknown  ;
; m08_cnn1d:cnn1d|conv1d_layer:conv1d_layer|sp_ram:conv1d_weights|altsyncram:altsyncram_component|altsyncram_mck1:auto_generated|ALTSYNCRAM                                                                                                                                                    ; AUTO ; Single Port      ; Single Clock ; 2            ; 120          ; --           ; --           ; yes                    ; yes                     ; --                     ; --                      ; 240  ; 2                           ; 120                         ; --                          ; --                          ; 240                 ; 4    ; ./../../test/weights/conv1d_1_weights_12I12F.hex ; Unassigned ; Don't care           ; New data with NBE Read ; New data with NBE Read ; Off      ; No                     ; No - Unknown  ;
; m08_cnn1d:cnn1d|nrn_layer:fc_1|sp_ram_clken:in_buf|altsyncram:altsyncram_component|altsyncram_i0g1:auto_generated|ALTSYNCRAM                                                                                                                                                                 ; AUTO ; Single Port      ; Single Clock ; 8            ; 24           ; --           ; --           ; yes                    ; yes                     ; --                     ; --                      ; 192  ; 8                           ; 24                          ; --                          ; --                          ; 192                 ; 1    ; None                                             ; Unassigned ; Don't care           ; New data with NBE Read ; New data with NBE Read ; Off      ; No                     ; No - Unknown  ;
; m08_cnn1d:cnn1d|nrn_layer:fc_1|sp_ram_clken:nrn_ram|altsyncram:altsyncram_component|altsyncram_q3l1:auto_generated|ALTSYNCRAM                                                                                                                                                                ; AUTO ; Single Port      ; Single Clock ; 72           ; 24           ; --           ; --           ; yes                    ; yes                     ; --                     ; --                      ; 1728 ; 72                          ; 24                          ; --                          ; --                          ; 1728                ; 1    ; ./../../test/weights/fc_parameters_1_12I12F.hex  ; Unassigned ; Don't care           ; New data with NBE Read ; New data with NBE Read ; Off      ; No                     ; No - Unknown  ;
; m08_cnn1d:cnn1d|nrn_layer:fc_2|sp_ram_clken:in_buf|altsyncram:altsyncram_component|altsyncram_i0g1:auto_generated|ALTSYNCRAM                                                                                                                                                                 ; AUTO ; Single Port      ; Single Clock ; 8            ; 24           ; --           ; --           ; yes                    ; yes                     ; --                     ; --                      ; 192  ; 8                           ; 24                          ; --                          ; --                          ; 192                 ; 1    ; None                                             ; Unassigned ; Don't care           ; New data with NBE Read ; New data with NBE Read ; Off      ; No                     ; No - Unknown  ;
; m08_cnn1d:cnn1d|nrn_layer:fc_2|sp_ram_clken:nrn_ram|altsyncram:altsyncram_component|altsyncram_p3l1:auto_generated|ALTSYNCRAM                                                                                                                                                                ; AUTO ; Single Port      ; Single Clock ; 18           ; 24           ; --           ; --           ; yes                    ; yes                     ; --                     ; --                      ; 432  ; 18                          ; 24                          ; --                          ; --                          ; 432                 ; 1    ; ./../../test/weights/fc_parameters_2_12I12F.hex  ; Unassigned ; Don't care           ; New data with NBE Read ; New data with NBE Read ; Off      ; No                     ; No - Unknown  ;
+----------------------------------------------------------------------------------------------------------------------------------------------------------------------------------------------------------------------------------------------------------------------------------------------+------+------------------+--------------+--------------+--------------+--------------+--------------+------------------------+-------------------------+------------------------+-------------------------+------+-----------------------------+-----------------------------+-----------------------------+-----------------------------+---------------------+------+--------------------------------------------------+------------+----------------------+------------------------+------------------------+----------+------------------------+---------------+
Note: Fitter may spread logical memories into multiple blocks to improve timing. The actual required RAM blocks can be found in the Fitter Resource Usage section.


RAM content values are presented in the following format: (Binary) (Octal) (Decimal) (Hexadecimal) 
+------------------------------------------------------------------------------------------------------------------------------------------------------------------------------------------------------------------------------------------------------------------+
; |cnn_vibration_monitor_10M08|m08_cnn1d:cnn1d|nrn_layer:fc_2|sp_ram_clken:nrn_ram|altsyncram:altsyncram_component|altsyncram_p3l1:auto_generated|ALTSYNCRAM                                                                                                       ;
+------------------------------------------------------------------------------------------------------------------------------------------------------------------------------------------------------------------------------------------------------------------+
;   Addr   ;              +0              ;              +1              ;              +2              ;              +3              ;              +4              ;              +5              ;              +6              ;              +7              ;
+----------+------------------------------+------------------------------+------------------------------+------------------------------+------------------------------+------------------------------+------------------------------+------------------------------+
;0;(000000000000000000000000) (0) (0) (00)    ;(000000000000010011000110) (2306) (1222) (4C6)   ;(000000000000000000000000) (0) (0) (00)   ;(000000000000010010101010) (2252) (1194) (4AA)   ;(000000000001110110010000) (16620) (7568) (1D90)   ;(111111111110100011001100) (77764314) (16771276) (FFE8CC)   ;(000000000001000000111001) (10071) (4153) (1039)   ;(111111111110010111110110) (77762766) (16770550) (FFE5F6)   ;
;8;(000000000001000010111100) (10274) (4284) (10BC)    ;(000000000000000000000000) (0) (0) (00)   ;(111111111111111010001010) (77777212) (16776842) (FFFE8A)   ;(000000000000000000000000) (0) (0) (00)   ;(000000000000000100000011) (403) (259) (103)   ;(111111111110001001110010) (77761162) (16769650) (FFE272)   ;(000000000000111101111101) (7575) (3965) (F7D)   ;(111111111110111110111010) (77767672) (16773050) (FFEFBA)   ;
;16;(000000000010010010101110) (22256) (9390) (24AE)    ;(111111111110111101000100) (77767504) (16772932) (FFEF44)   ;


RAM content values are presented in the following format: (Binary) (Octal) (Decimal) (Hexadecimal) 
+------------------------------------------------------------------------------------------------------------------------------------------------------------------------------------------------------------------------------------------------------------------+
; |cnn_vibration_monitor_10M08|m08_cnn1d:cnn1d|nrn_layer:fc_1|sp_ram_clken:nrn_ram|altsyncram:altsyncram_component|altsyncram_q3l1:auto_generated|ALTSYNCRAM                                                                                                       ;
+------------------------------------------------------------------------------------------------------------------------------------------------------------------------------------------------------------------------------------------------------------------+
;   Addr   ;              +0              ;              +1              ;              +2              ;              +3              ;              +4              ;              +5              ;              +6              ;              +7              ;
+----------+------------------------------+------------------------------+------------------------------+------------------------------+------------------------------+------------------------------+------------------------------+------------------------------+
;0;(000000000000000000000000) (0) (0) (00)    ;(000000000000000000000000) (0) (0) (00)   ;(000000000000000000000000) (0) (0) (00)   ;(000000000000000000000000) (0) (0) (00)   ;(000000000000000000000000) (0) (0) (00)   ;(000000000000000000000000) (0) (0) (00)   ;(000000000000000000000000) (0) (0) (00)   ;(000000000000000000000000) (0) (0) (00)   ;
;8;(000000000000000000000000) (0) (0) (00)    ;(111111111111100001111111) (77774177) (16775295) (FFF87F)   ;(000000000000001000000111) (1007) (519) (207)   ;(000000000000000100000011) (403) (259) (103)   ;(111111111111011110101111) (77773657) (16775087) (FFF7AF)   ;(111111111111111001011010) (77777132) (16776794) (FFFE5A)   ;(000000000000000000111000) (70) (56) (38)   ;(111111111111111010010111) (77777227) (16776855) (FFFE97)   ;
;16;(000000000000101010000101) (5205) (2693) (A85)    ;(000000000000011011000100) (3304) (1732) (6C4)   ;(000000000000000000000000) (0) (0) (00)   ;(000000000000000000000000) (0) (0) (00)   ;(000000000000000000000000) (0) (0) (00)   ;(000000000000000000000000) (0) (0) (00)   ;(000000000000000000000000) (0) (0) (00)   ;(000000000000000000000000) (0) (0) (00)   ;
;24;(000000000000000000000000) (0) (0) (00)    ;(000000000000000000000000) (0) (0) (00)   ;(111111111111111110100001) (77777641) (16777121) (FFFFA1)   ;(000000000000011000110111) (3067) (1591) (637)   ;(000000000000000010010101) (225) (149) (95)   ;(000000000000001110000101) (1605) (901) (385)   ;(000000000000001010000010) (1202) (642) (282)   ;(000000000000000000111101) (75) (61) (3D)   ;
;32;(111111111111110101010110) (77776526) (16776534) (FFFD56)    ;(111111111111010100010111) (77772427) (16774423) (FFF517)   ;(000000000000100011100101) (4345) (2277) (8E5)   ;(000000000000000010001110) (216) (142) (8E)   ;(111111111111111011000001) (77777301) (16776897) (FFFEC1)   ;(111111111111111001100101) (77777145) (16776805) (FFFE65)   ;(111111111110100001111000) (77764170) (16771192) (FFE878)   ;(000000000000000111001110) (716) (462) (1CE)   ;
;40;(000000000000001011001100) (1314) (716) (2CC)    ;(111111111111100100101000) (77774450) (16775464) (FFF928)   ;(000000000000001010010100) (1224) (660) (294)   ;(000000000000110000001010) (6012) (3082) (C0A)   ;(000000000001011011001111) (13317) (5839) (16CF)   ;(000000000000100111010111) (4727) (2519) (9D7)   ;(111111111111110110100000) (77776640) (16776608) (FFFDA0)   ;(000000000000000100110011) (463) (307) (133)   ;
;48;(111111111111101111011110) (77775736) (16776158) (FFFBDE)    ;(111111111111001110101011) (77771653) (16774059) (FFF3AB)   ;(111111111111011010010000) (77773220) (16774800) (FFF690)   ;(000000000000101101011101) (5535) (2909) (B5D)   ;(000000000000001001111011) (1173) (635) (27B)   ;(111111111111010100000111) (77772407) (16774407) (FFF507)   ;(000000000000001101110100) (1564) (884) (374)   ;(111111111111101110110110) (77775666) (16776118) (FFFBB6)   ;
;56;(000000000000100110110011) (4663) (2483) (9B3)    ;(111111111111000001010101) (77770125) (16773205) (FFF055)   ;(000000000000000001011010) (132) (90) (5A)   ;(000000000000001011001011) (1313) (715) (2CB)   ;(111111111111110111100001) (77776741) (16776673) (FFFDE1)   ;(111111111111110110100010) (77776642) (16776610) (FFFDA2)   ;(111111111110100010101011) (77764253) (16771243) (FFE8AB)   ;(111111111111101000011101) (77775035) (16775709) (FFFA1D)   ;
;64;(111111111111110111010101) (77776725) (16776661) (FFFDD5)    ;(000000000001001011011011) (11333) (4827) (12DB)   ;(000000000000001101101010) (1552) (874) (36A)   ;(000000000000001011001011) (1313) (715) (2CB)   ;(000000000000100011110110) (4366) (2294) (8F6)   ;(111111111111010000001111) (77772017) (16774159) (FFF40F)   ;(111111111111011011010000) (77773320) (16774864) (FFF6D0)   ;(000000000000100001010001) (4121) (2129) (851)   ;


RAM content values are presented in the following format: (Binary) (Octal) (Decimal) (Hexadecimal) 
+------------------------------------------------------------------------------------------------------------------------------------------------------------------------------------------------------------------------------------------------------------------+
; |cnn_vibration_monitor_10M08|m08_cnn1d:cnn1d|conv1d_layer:conv1d_layer|sp_ram:conv1d_biases|altsyncram:altsyncram_component|altsyncram_57k1:auto_generated|ALTSYNCRAM                                                                                            ;
+------------------------------------------------------------------------------------------------------------------------------------------------------------------------------------------------------------------------------------------------------------------+
;   Addr   ;              +0              ;              +1              ;              +2              ;              +3              ;              +4              ;              +5              ;              +6              ;              +7              ;
+----------+------------------------------+------------------------------+------------------------------+------------------------------+------------------------------+------------------------------+------------------------------+------------------------------+
;0;(111111111110010101100101) (77762545) (16770405) (FFE565)    ;(000000000001001101001011) (11513) (4939) (134B)   ;


RAM content values are presented in the following format: (Binary) (Octal) (Decimal) (Hexadecimal) 
+------------------------------------------------------------------------------------------------------------------------------------------------------------------------------------------------------------------------------------------------------------------+
; |cnn_vibration_monitor_10M08|m08_cnn1d:cnn1d|conv1d_layer:conv1d_layer|sp_ram:conv1d_weights|altsyncram:altsyncram_component|altsyncram_mck1:auto_generated|ALTSYNCRAM                                                                                           ;
+------------------------------------------------------------------------------------------------------------------------------------------------------------------------------------------------------------------------------------------------------------------+
;   Addr   ;              +0              ;              +1              ;              +2              ;              +3              ;              +4              ;              +5              ;              +6              ;              +7              ;
+----------+------------------------------+------------------------------+------------------------------+------------------------------+------------------------------+------------------------------+------------------------------+------------------------------+
;0;(000000000000000000000000000000000000100001000101111111111111110100001110000000000000001011011100000000000000000100000111) (1252516759) (1543504135) (5C000107)    ;(000000000000000000000000111111111111110101010110000000000000010010001110111111111111111000011000111111111111111011011000) (1742450494) (-1728053544) (-6-7000-1-2-8)   ;


+-----------------------------------------------------------------------------------------------+
; Fitter DSP Block Usage Summary                                                                ;
+---------------------------------------+-------------+---------------------+-------------------+
; Statistic                             ; Number Used ; Available per Block ; Maximum Available ;
+---------------------------------------+-------------+---------------------+-------------------+
; Simple Multipliers (9-bit)            ; 0           ; 2                   ; 48                ;
; Simple Multipliers (18-bit)           ; 12          ; 1                   ; 24                ;
; Embedded Multiplier Blocks            ; --          ; --                  ; 24                ;
; Embedded Multiplier 9-bit elements    ; 24          ; 2                   ; 48                ;
; Signed Embedded Multipliers           ; 0           ; --                  ; --                ;
; Unsigned Embedded Multipliers         ; 4           ; --                  ; --                ;
; Mixed Sign Embedded Multipliers       ; 8           ; --                  ; --                ;
; Variable Sign Embedded Multipliers    ; 0           ; --                  ; --                ;
; Dedicated Input Shift Register Chains ; 0           ; --                  ; --                ;
+---------------------------------------+-------------+---------------------+-------------------+
Note: number of Embedded Multiplier Blocks used is only available after a successful fit.


+-------------------------------------------------------------------------------------------------------------------------------------------------------------------------------------------------------------------------------------------------------------------------------------------------------------------------------------------------------------------------------+
; DSP Block Details                                                                                                                                                                                                                                                                                                                                                             ;
+----------------------------------------------------------------------------------------------------------------------------------------------------------------------------------------+----------------------------+------------+---------------------+--------------------------------+-----------------------+-----------------------+-------------------+-----------------+
; Name                                                                                                                                                                                   ; Mode                       ; Location   ; Sign Representation ; Has Input Shift Register Chain ; Data A Input Register ; Data B Input Register ; Pipeline Register ; Output Register ;
+----------------------------------------------------------------------------------------------------------------------------------------------------------------------------------------+----------------------------+------------+---------------------+--------------------------------+-----------------------+-----------------------+-------------------+-----------------+
; m08_cnn1d:cnn1d|nrn_layer:fc_2|mult_reduce:mult_reduce|mult:multiplier|lpm_mult:lpm_mult_component|mult_4ms:auto_generated|mac_out6                                                    ; Simple Multiplier (18-bit) ; Unassigned ;                     ; No                             ;                       ;                       ;                   ; yes             ;
;    m08_cnn1d:cnn1d|nrn_layer:fc_2|mult_reduce:mult_reduce|mult:multiplier|lpm_mult:lpm_mult_component|mult_4ms:auto_generated|mac_mult5                                                ;                            ; Unassigned ; Mixed               ;                                ; yes                   ; yes                   ; no                ;                 ;
; m08_cnn1d:cnn1d|nrn_layer:fc_2|mult_reduce:mult_reduce|mult:multiplier|lpm_mult:lpm_mult_component|mult_4ms:auto_generated|mac_out4                                                    ; Simple Multiplier (18-bit) ; Unassigned ;                     ; No                             ;                       ;                       ;                   ; yes             ;
;    m08_cnn1d:cnn1d|nrn_layer:fc_2|mult_reduce:mult_reduce|mult:multiplier|lpm_mult:lpm_mult_component|mult_4ms:auto_generated|mac_mult3                                                ;                            ; Unassigned ; Mixed               ;                                ; yes                   ; yes                   ; no                ;                 ;
; m08_cnn1d:cnn1d|nrn_layer:fc_2|mult_reduce:mult_reduce|mult:multiplier|lpm_mult:lpm_mult_component|mult_4ms:auto_generated|mac_out2                                                    ; Simple Multiplier (18-bit) ; Unassigned ;                     ; No                             ;                       ;                       ;                   ; yes             ;
;    m08_cnn1d:cnn1d|nrn_layer:fc_2|mult_reduce:mult_reduce|mult:multiplier|lpm_mult:lpm_mult_component|mult_4ms:auto_generated|mac_mult1                                                ;                            ; Unassigned ; Unsigned            ;                                ; yes                   ; yes                   ; no                ;                 ;
; m08_cnn1d:cnn1d|nrn_layer:fc_1|mult_reduce:mult_reduce|mult:multiplier|lpm_mult:lpm_mult_component|mult_4ms:auto_generated|mac_out6                                                    ; Simple Multiplier (18-bit) ; Unassigned ;                     ; No                             ;                       ;                       ;                   ; yes             ;
;    m08_cnn1d:cnn1d|nrn_layer:fc_1|mult_reduce:mult_reduce|mult:multiplier|lpm_mult:lpm_mult_component|mult_4ms:auto_generated|mac_mult5                                                ;                            ; Unassigned ; Mixed               ;                                ; yes                   ; yes                   ; no                ;                 ;
; m08_cnn1d:cnn1d|nrn_layer:fc_1|mult_reduce:mult_reduce|mult:multiplier|lpm_mult:lpm_mult_component|mult_4ms:auto_generated|mac_out4                                                    ; Simple Multiplier (18-bit) ; Unassigned ;                     ; No                             ;                       ;                       ;                   ; yes             ;
;    m08_cnn1d:cnn1d|nrn_layer:fc_1|mult_reduce:mult_reduce|mult:multiplier|lpm_mult:lpm_mult_component|mult_4ms:auto_generated|mac_mult3                                                ;                            ; Unassigned ; Mixed               ;                                ; yes                   ; yes                   ; no                ;                 ;
; m08_cnn1d:cnn1d|nrn_layer:fc_1|mult_reduce:mult_reduce|mult:multiplier|lpm_mult:lpm_mult_component|mult_4ms:auto_generated|mac_out2                                                    ; Simple Multiplier (18-bit) ; Unassigned ;                     ; No                             ;                       ;                       ;                   ; yes             ;
;    m08_cnn1d:cnn1d|nrn_layer:fc_1|mult_reduce:mult_reduce|mult:multiplier|lpm_mult:lpm_mult_component|mult_4ms:auto_generated|mac_mult1                                                ;                            ; Unassigned ; Unsigned            ;                                ; yes                   ; yes                   ; no                ;                 ;
; m08_cnn1d:cnn1d|conv1d_layer:conv1d_layer|conv1d:CONVOLUTION_1D[1].conv1d|mult_reduce:multiply_reduce|mult:multiplier|lpm_mult:lpm_mult_component|mult_4ms:auto_generated|mac_out6     ; Simple Multiplier (18-bit) ; Unassigned ;                     ; No                             ;                       ;                       ;                   ; yes             ;
;    m08_cnn1d:cnn1d|conv1d_layer:conv1d_layer|conv1d:CONVOLUTION_1D[1].conv1d|mult_reduce:multiply_reduce|mult:multiplier|lpm_mult:lpm_mult_component|mult_4ms:auto_generated|mac_mult5 ;                            ; Unassigned ; Mixed               ;                                ; yes                   ; yes                   ; no                ;                 ;
; m08_cnn1d:cnn1d|conv1d_layer:conv1d_layer|conv1d:CONVOLUTION_1D[1].conv1d|mult_reduce:multiply_reduce|mult:multiplier|lpm_mult:lpm_mult_component|mult_4ms:auto_generated|mac_out4     ; Simple Multiplier (18-bit) ; Unassigned ;                     ; No                             ;                       ;                       ;                   ; yes             ;
;    m08_cnn1d:cnn1d|conv1d_layer:conv1d_layer|conv1d:CONVOLUTION_1D[1].conv1d|mult_reduce:multiply_reduce|mult:multiplier|lpm_mult:lpm_mult_component|mult_4ms:auto_generated|mac_mult3 ;                            ; Unassigned ; Mixed               ;                                ; yes                   ; yes                   ; no                ;                 ;
; m08_cnn1d:cnn1d|conv1d_layer:conv1d_layer|conv1d:CONVOLUTION_1D[1].conv1d|mult_reduce:multiply_reduce|mult:multiplier|lpm_mult:lpm_mult_component|mult_4ms:auto_generated|mac_out2     ; Simple Multiplier (18-bit) ; Unassigned ;                     ; No                             ;                       ;                       ;                   ; yes             ;
;    m08_cnn1d:cnn1d|conv1d_layer:conv1d_layer|conv1d:CONVOLUTION_1D[1].conv1d|mult_reduce:multiply_reduce|mult:multiplier|lpm_mult:lpm_mult_component|mult_4ms:auto_generated|mac_mult1 ;                            ; Unassigned ; Unsigned            ;                                ; yes                   ; yes                   ; no                ;                 ;
; m08_cnn1d:cnn1d|conv1d_layer:conv1d_layer|conv1d:CONVOLUTION_1D[0].conv1d|mult_reduce:multiply_reduce|mult:multiplier|lpm_mult:lpm_mult_component|mult_4ms:auto_generated|mac_out6     ; Simple Multiplier (18-bit) ; Unassigned ;                     ; No                             ;                       ;                       ;                   ; yes             ;
;    m08_cnn1d:cnn1d|conv1d_layer:conv1d_layer|conv1d:CONVOLUTION_1D[0].conv1d|mult_reduce:multiply_reduce|mult:multiplier|lpm_mult:lpm_mult_component|mult_4ms:auto_generated|mac_mult5 ;                            ; Unassigned ; Mixed               ;                                ; yes                   ; yes                   ; no                ;                 ;
; m08_cnn1d:cnn1d|conv1d_layer:conv1d_layer|conv1d:CONVOLUTION_1D[0].conv1d|mult_reduce:multiply_reduce|mult:multiplier|lpm_mult:lpm_mult_component|mult_4ms:auto_generated|mac_out4     ; Simple Multiplier (18-bit) ; Unassigned ;                     ; No                             ;                       ;                       ;                   ; yes             ;
;    m08_cnn1d:cnn1d|conv1d_layer:conv1d_layer|conv1d:CONVOLUTION_1D[0].conv1d|mult_reduce:multiply_reduce|mult:multiplier|lpm_mult:lpm_mult_component|mult_4ms:auto_generated|mac_mult3 ;                            ; Unassigned ; Mixed               ;                                ; yes                   ; yes                   ; no                ;                 ;
; m08_cnn1d:cnn1d|conv1d_layer:conv1d_layer|conv1d:CONVOLUTION_1D[0].conv1d|mult_reduce:multiply_reduce|mult:multiplier|lpm_mult:lpm_mult_component|mult_4ms:auto_generated|mac_out2     ; Simple Multiplier (18-bit) ; Unassigned ;                     ; No                             ;                       ;                       ;                   ; yes             ;
;    m08_cnn1d:cnn1d|conv1d_layer:conv1d_layer|conv1d:CONVOLUTION_1D[0].conv1d|mult_reduce:multiply_reduce|mult:multiplier|lpm_mult:lpm_mult_component|mult_4ms:auto_generated|mac_mult1 ;                            ; Unassigned ; Unsigned            ;                                ; yes                   ; yes                   ; no                ;                 ;
+----------------------------------------------------------------------------------------------------------------------------------------------------------------------------------------+----------------------------+------------+---------------------+--------------------------------+-----------------------+-----------------------+-------------------+-----------------+


+------------------------------------------+
; I/O Rules Summary                        ;
+----------------------------------+-------+
; I/O Rules Statistic              ; Total ;
+----------------------------------+-------+
; Total I/O Rules                  ; 30    ;
; Number of I/O Rules Passed       ; 12    ;
; Number of I/O Rules Failed       ; 0     ;
; Number of I/O Rules Unchecked    ; 0     ;
; Number of I/O Rules Inapplicable ; 18    ;
+----------------------------------+-------+


+-----------------------------------------------------------------------------------------------------------------------------------------------------------------------------------------------------------------------------------------------------------------------------------------------------+
; I/O Rules Details                                                                                                                                                                                                                                                                                   ;
+--------------+-----------+-----------------------------------+------------------------------------------------------------------------------------------------------+----------+--------------------------------------------------------------------------+---------------------+-------------------+
; Status       ; ID        ; Category                          ; Rule Description                                                                                     ; Severity ; Information                                                              ; Area                ; Extra Information ;
+--------------+-----------+-----------------------------------+------------------------------------------------------------------------------------------------------+----------+--------------------------------------------------------------------------+---------------------+-------------------+
; Pass         ; IO_000001 ; Capacity Checks                   ; Number of pins in an I/O bank should not exceed the number of locations available.                   ; Critical ; 0 such failures found.                                                   ; I/O                 ;                   ;
; Inapplicable ; IO_000002 ; Capacity Checks                   ; Number of clocks in an I/O bank should not exceed the number of clocks available.                    ; Critical ; No Global Signal assignments found.                                      ; I/O                 ;                   ;
; Pass         ; IO_000003 ; Capacity Checks                   ; Number of pins in a Vrefgroup should not exceed the number of locations available.                   ; Critical ; 0 such failures found.                                                   ; I/O                 ;                   ;
; Inapplicable ; IO_000004 ; Voltage Compatibility Checks      ; The I/O bank should support the requested VCCIO.                                                     ; Critical ; No IOBANK_VCCIO assignments found.                                       ; I/O                 ;                   ;
; Inapplicable ; IO_000005 ; Voltage Compatibility Checks      ; The I/O bank should not have competing VREF values.                                                  ; Critical ; No VREF I/O Standard assignments found.                                  ; I/O                 ;                   ;
; Pass         ; IO_000006 ; Voltage Compatibility Checks      ; The I/O bank should not have competing VCCIO values.                                                 ; Critical ; 0 such failures found.                                                   ; I/O                 ;                   ;
; Pass         ; IO_000007 ; Valid Location Checks             ; Checks for unavailable locations.                                                                    ; Critical ; 0 such failures found.                                                   ; I/O                 ;                   ;
; Inapplicable ; IO_000008 ; Valid Location Checks             ; Checks for reserved locations.                                                                       ; Critical ; No reserved LogicLock region found.                                      ; I/O                 ;                   ;
; Pass         ; IO_000009 ; I/O Properties Checks for One I/O ; The location should support the requested I/O standard.                                              ; Critical ; 0 such failures found.                                                   ; I/O                 ;                   ;
; Pass         ; IO_000010 ; I/O Properties Checks for One I/O ; The location should support the requested I/O direction.                                             ; Critical ; 0 such failures found.                                                   ; I/O                 ;                   ;
; Inapplicable ; IO_000011 ; I/O Properties Checks for One I/O ; The location should support the requested Current Strength.                                          ; Critical ; No Current Strength assignments found.                                   ; I/O                 ;                   ;
; Pass         ; IO_000012 ; I/O Properties Checks for One I/O ; The location should support the requested On Chip Termination value.                                 ; Critical ; 0 such failures found.                                                   ; I/O                 ;                   ;
; Inapplicable ; IO_000013 ; I/O Properties Checks for One I/O ; The location should support the requested Bus Hold value.                                            ; Critical ; No Enable Bus-Hold Circuitry assignments found.                          ; I/O                 ;                   ;
; Inapplicable ; IO_000014 ; I/O Properties Checks for One I/O ; The location should support the requested Weak Pull Up value.                                        ; Critical ; No Weak Pull-Up Resistor assignments found.                              ; I/O                 ;                   ;
; Pass         ; IO_000015 ; I/O Properties Checks for One I/O ; The location should support the requested PCI Clamp Diode.                                           ; Critical ; 0 such failures found.                                                   ; I/O                 ;                   ;
; Inapplicable ; IO_000018 ; I/O Properties Checks for One I/O ; The I/O standard should support the requested Current Strength.                                      ; Critical ; No Current Strength assignments found.                                   ; I/O                 ;                   ;
; Pass         ; IO_000019 ; I/O Properties Checks for One I/O ; The I/O standard should support the requested On Chip Termination value.                             ; Critical ; 0 such failures found.                                                   ; I/O                 ;                   ;
; Pass         ; IO_000020 ; I/O Properties Checks for One I/O ; The I/O standard should support the requested PCI Clamp Diode.                                       ; Critical ; 0 such failures found.                                                   ; I/O                 ;                   ;
; Inapplicable ; IO_000021 ; I/O Properties Checks for One I/O ; The I/O standard should support the requested Weak Pull Up value.                                    ; Critical ; No Weak Pull-Up Resistor assignments found.                              ; I/O                 ;                   ;
; Inapplicable ; IO_000022 ; I/O Properties Checks for One I/O ; The I/O standard should support the requested Bus Hold value.                                        ; Critical ; No Enable Bus-Hold Circuitry assignments found.                          ; I/O                 ;                   ;
; Inapplicable ; IO_000023 ; I/O Properties Checks for One I/O ; The I/O standard should support the Open Drain value.                                                ; Critical ; No open drain assignments found.                                         ; I/O                 ;                   ;
; Pass         ; IO_000024 ; I/O Properties Checks for One I/O ; The I/O direction should support the On Chip Termination value.                                      ; Critical ; 0 such failures found.                                                   ; I/O                 ;                   ;
; Inapplicable ; IO_000026 ; I/O Properties Checks for One I/O ; On Chip Termination and Current Strength should not be used at the same time.                        ; Critical ; No Current Strength assignments found.                                   ; I/O                 ;                   ;
; Inapplicable ; IO_000027 ; I/O Properties Checks for One I/O ; Weak Pull Up and Bus Hold should not be used at the same time.                                       ; Critical ; No Enable Bus-Hold Circuitry or Weak Pull-Up Resistor assignments found. ; I/O                 ;                   ;
; Inapplicable ; IO_000045 ; I/O Properties Checks for One I/O ; The I/O standard should support the requested Slew Rate value.                                       ; Critical ; No Slew Rate assignments found.                                          ; I/O                 ;                   ;
; Inapplicable ; IO_000046 ; I/O Properties Checks for One I/O ; The location should support the requested Slew Rate value.                                           ; Critical ; No Slew Rate assignments found.                                          ; I/O                 ;                   ;
; Inapplicable ; IO_000047 ; I/O Properties Checks for One I/O ; On Chip Termination and Slew Rate should not be used at the same time.                               ; Critical ; No Slew Rate assignments found.                                          ; I/O                 ;                   ;
; Pass         ; IO_000033 ; Electromigration Checks           ; Current density for consecutive I/Os should not exceed 160mA for row I/Os and 160mA for column I/Os. ; Critical ; 0 such failures found.                                                   ; I/O                 ;                   ;
; Inapplicable ; IO_000034 ; SI Related Distance Checks        ; Single-ended outputs should be 5 LAB row(s) away from a differential I/O.                            ; High     ; No Differential I/O Standard assignments found.                          ; I/O                 ;                   ;
; Inapplicable ; IO_000042 ; SI Related SSO Limit Checks       ; No more than 20 outputs are allowed in a VREF group when VREF is being read from.                    ; High     ; No VREF I/O Standard assignments found.                                  ; I/O                 ;                   ;
; ----         ; ----      ; Disclaimer                        ; OCT rules are checked but not reported.                                                              ; None     ; ----                                                                     ; On Chip Termination ;                   ;
+--------------+-----------+-----------------------------------+------------------------------------------------------------------------------------------------------+----------+--------------------------------------------------------------------------+---------------------+-------------------+


+-----------------------------------------------------------------------------------------------------------------------------------------------------------------------------------------------------------------------------------------------------------------------------------------------------------------------------------------------------------------------------------------------------------------------------------------------------------------+
; I/O Rules Matrix                                                                                                                                                                                                                                                                                                                                                                                                                                                ;
+--------------------+-----------+--------------+-----------+--------------+--------------+-----------+-----------+--------------+-----------+-----------+--------------+--------------+--------------+--------------+--------------+--------------+--------------+--------------+--------------+--------------+--------------+--------------+--------------+--------------+--------------+--------------+--------------+-----------+--------------+--------------+
; Pin/Rules          ; IO_000001 ; IO_000002    ; IO_000003 ; IO_000004    ; IO_000005    ; IO_000006 ; IO_000007 ; IO_000008    ; IO_000009 ; IO_000010 ; IO_000011    ; IO_000012    ; IO_000013    ; IO_000014    ; IO_000015    ; IO_000018    ; IO_000019    ; IO_000020    ; IO_000021    ; IO_000022    ; IO_000023    ; IO_000024    ; IO_000026    ; IO_000027    ; IO_000045    ; IO_000046    ; IO_000047    ; IO_000033 ; IO_000034    ; IO_000042    ;
+--------------------+-----------+--------------+-----------+--------------+--------------+-----------+-----------+--------------+-----------+-----------+--------------+--------------+--------------+--------------+--------------+--------------+--------------+--------------+--------------+--------------+--------------+--------------+--------------+--------------+--------------+--------------+--------------+-----------+--------------+--------------+
; Total Pass         ; 12        ; 0            ; 12        ; 0            ; 0            ; 12        ; 12        ; 0            ; 12        ; 12        ; 0            ; 11           ; 0            ; 0            ; 1            ; 0            ; 11           ; 1            ; 0            ; 0            ; 0            ; 11           ; 0            ; 0            ; 0            ; 0            ; 0            ; 12        ; 0            ; 0            ;
; Total Unchecked    ; 0         ; 0            ; 0         ; 0            ; 0            ; 0         ; 0         ; 0            ; 0         ; 0         ; 0            ; 0            ; 0            ; 0            ; 0            ; 0            ; 0            ; 0            ; 0            ; 0            ; 0            ; 0            ; 0            ; 0            ; 0            ; 0            ; 0            ; 0         ; 0            ; 0            ;
; Total Inapplicable ; 0         ; 12           ; 0         ; 12           ; 12           ; 0         ; 0         ; 12           ; 0         ; 0         ; 12           ; 1            ; 12           ; 12           ; 11           ; 12           ; 1            ; 11           ; 12           ; 12           ; 12           ; 1            ; 12           ; 12           ; 12           ; 12           ; 12           ; 0         ; 12           ; 12           ;
; Total Fail         ; 0         ; 0            ; 0         ; 0            ; 0            ; 0         ; 0         ; 0            ; 0         ; 0         ; 0            ; 0            ; 0            ; 0            ; 0            ; 0            ; 0            ; 0            ; 0            ; 0            ; 0            ; 0            ; 0            ; 0            ; 0            ; 0            ; 0            ; 0         ; 0            ; 0            ;
; led[0]             ; Pass      ; Inapplicable ; Pass      ; Inapplicable ; Inapplicable ; Pass      ; Pass      ; Inapplicable ; Pass      ; Pass      ; Inapplicable ; Pass         ; Inapplicable ; Inapplicable ; Inapplicable ; Inapplicable ; Pass         ; Inapplicable ; Inapplicable ; Inapplicable ; Inapplicable ; Pass         ; Inapplicable ; Inapplicable ; Inapplicable ; Inapplicable ; Inapplicable ; Pass      ; Inapplicable ; Inapplicable ;
; led[1]             ; Pass      ; Inapplicable ; Pass      ; Inapplicable ; Inapplicable ; Pass      ; Pass      ; Inapplicable ; Pass      ; Pass      ; Inapplicable ; Pass         ; Inapplicable ; Inapplicable ; Inapplicable ; Inapplicable ; Pass         ; Inapplicable ; Inapplicable ; Inapplicable ; Inapplicable ; Pass         ; Inapplicable ; Inapplicable ; Inapplicable ; Inapplicable ; Inapplicable ; Pass      ; Inapplicable ; Inapplicable ;
; led[2]             ; Pass      ; Inapplicable ; Pass      ; Inapplicable ; Inapplicable ; Pass      ; Pass      ; Inapplicable ; Pass      ; Pass      ; Inapplicable ; Pass         ; Inapplicable ; Inapplicable ; Inapplicable ; Inapplicable ; Pass         ; Inapplicable ; Inapplicable ; Inapplicable ; Inapplicable ; Pass         ; Inapplicable ; Inapplicable ; Inapplicable ; Inapplicable ; Inapplicable ; Pass      ; Inapplicable ; Inapplicable ;
; arduino_io[0]      ; Pass      ; Inapplicable ; Pass      ; Inapplicable ; Inapplicable ; Pass      ; Pass      ; Inapplicable ; Pass      ; Pass      ; Inapplicable ; Pass         ; Inapplicable ; Inapplicable ; Inapplicable ; Inapplicable ; Pass         ; Inapplicable ; Inapplicable ; Inapplicable ; Inapplicable ; Pass         ; Inapplicable ; Inapplicable ; Inapplicable ; Inapplicable ; Inapplicable ; Pass      ; Inapplicable ; Inapplicable ;
; arduino_io[1]      ; Pass      ; Inapplicable ; Pass      ; Inapplicable ; Inapplicable ; Pass      ; Pass      ; Inapplicable ; Pass      ; Pass      ; Inapplicable ; Pass         ; Inapplicable ; Inapplicable ; Inapplicable ; Inapplicable ; Pass         ; Inapplicable ; Inapplicable ; Inapplicable ; Inapplicable ; Pass         ; Inapplicable ; Inapplicable ; Inapplicable ; Inapplicable ; Inapplicable ; Pass      ; Inapplicable ; Inapplicable ;
; arduino_io[2]      ; Pass      ; Inapplicable ; Pass      ; Inapplicable ; Inapplicable ; Pass      ; Pass      ; Inapplicable ; Pass      ; Pass      ; Inapplicable ; Pass         ; Inapplicable ; Inapplicable ; Inapplicable ; Inapplicable ; Pass         ; Inapplicable ; Inapplicable ; Inapplicable ; Inapplicable ; Pass         ; Inapplicable ; Inapplicable ; Inapplicable ; Inapplicable ; Inapplicable ; Pass      ; Inapplicable ; Inapplicable ;
; arduino_io[3]      ; Pass      ; Inapplicable ; Pass      ; Inapplicable ; Inapplicable ; Pass      ; Pass      ; Inapplicable ; Pass      ; Pass      ; Inapplicable ; Pass         ; Inapplicable ; Inapplicable ; Inapplicable ; Inapplicable ; Pass         ; Inapplicable ; Inapplicable ; Inapplicable ; Inapplicable ; Pass         ; Inapplicable ; Inapplicable ; Inapplicable ; Inapplicable ; Inapplicable ; Pass      ; Inapplicable ; Inapplicable ;
; arduino_io[4]      ; Pass      ; Inapplicable ; Pass      ; Inapplicable ; Inapplicable ; Pass      ; Pass      ; Inapplicable ; Pass      ; Pass      ; Inapplicable ; Pass         ; Inapplicable ; Inapplicable ; Inapplicable ; Inapplicable ; Pass         ; Inapplicable ; Inapplicable ; Inapplicable ; Inapplicable ; Pass         ; Inapplicable ; Inapplicable ; Inapplicable ; Inapplicable ; Inapplicable ; Pass      ; Inapplicable ; Inapplicable ;
; arduino_io[5]      ; Pass      ; Inapplicable ; Pass      ; Inapplicable ; Inapplicable ; Pass      ; Pass      ; Inapplicable ; Pass      ; Pass      ; Inapplicable ; Pass         ; Inapplicable ; Inapplicable ; Inapplicable ; Inapplicable ; Pass         ; Inapplicable ; Inapplicable ; Inapplicable ; Inapplicable ; Pass         ; Inapplicable ; Inapplicable ; Inapplicable ; Inapplicable ; Inapplicable ; Pass      ; Inapplicable ; Inapplicable ;
; arduino_io[6]      ; Pass      ; Inapplicable ; Pass      ; Inapplicable ; Inapplicable ; Pass      ; Pass      ; Inapplicable ; Pass      ; Pass      ; Inapplicable ; Pass         ; Inapplicable ; Inapplicable ; Inapplicable ; Inapplicable ; Pass         ; Inapplicable ; Inapplicable ; Inapplicable ; Inapplicable ; Pass         ; Inapplicable ; Inapplicable ; Inapplicable ; Inapplicable ; Inapplicable ; Pass      ; Inapplicable ; Inapplicable ;
; arduino_io[7]      ; Pass      ; Inapplicable ; Pass      ; Inapplicable ; Inapplicable ; Pass      ; Pass      ; Inapplicable ; Pass      ; Pass      ; Inapplicable ; Pass         ; Inapplicable ; Inapplicable ; Inapplicable ; Inapplicable ; Pass         ; Inapplicable ; Inapplicable ; Inapplicable ; Inapplicable ; Pass         ; Inapplicable ; Inapplicable ; Inapplicable ; Inapplicable ; Inapplicable ; Pass      ; Inapplicable ; Inapplicable ;
; clk50              ; Pass      ; Inapplicable ; Pass      ; Inapplicable ; Inapplicable ; Pass      ; Pass      ; Inapplicable ; Pass      ; Pass      ; Inapplicable ; Inapplicable ; Inapplicable ; Inapplicable ; Pass         ; Inapplicable ; Inapplicable ; Pass         ; Inapplicable ; Inapplicable ; Inapplicable ; Inapplicable ; Inapplicable ; Inapplicable ; Inapplicable ; Inapplicable ; Inapplicable ; Pass      ; Inapplicable ; Inapplicable ;
+--------------------+-----------+--------------+-----------+--------------+--------------+-----------+-----------+--------------+-----------+-----------+--------------+--------------+--------------+--------------+--------------+--------------+--------------+--------------+--------------+--------------+--------------+--------------+--------------+--------------+--------------+--------------+--------------+-----------+--------------+--------------+


+-------------------------------------------------------------------------------------------+
; Fitter Device Options                                                                     ;
+------------------------------------------------------------------+------------------------+
; Option                                                           ; Setting                ;
+------------------------------------------------------------------+------------------------+
; Enable user-supplied start-up clock (CLKUSR)                     ; Off                    ;
; Enable device-wide reset (DEV_CLRn)                              ; Off                    ;
; Enable device-wide output enable (DEV_OE)                        ; Off                    ;
; Enable INIT_DONE output                                          ; Off                    ;
; Configuration scheme                                             ; Internal Configuration ;
; Enable Error Detection CRC_ERROR pin                             ; Off                    ;
; Enable open drain on CRC_ERROR pin                               ; Off                    ;
; Enable nCONFIG, nSTATUS, and CONF_DONE pins                      ; On                     ;
; Enable JTAG pin sharing                                          ; Off                    ;
; Enable nCE pin                                                   ; Off                    ;
; Enable CONFIG_SEL pin                                            ; On                     ;
; Enable input tri-state on active configuration pins in user mode ; Off                    ;
; Configuration Voltage Level                                      ; Auto                   ;
; Force Configuration Voltage Level                                ; Off                    ;
; Data[0]                                                          ; Unreserved             ;
; Data[1]/ASDO                                                     ; Unreserved             ;
; FLASH_nCE/nCSO                                                   ; Unreserved             ;
; DCLK                                                             ; Unreserved             ;
+------------------------------------------------------------------+------------------------+


+------------------------------------+
; Operating Settings and Conditions  ;
+---------------------------+--------+
; Setting                   ; Value  ;
+---------------------------+--------+
; Nominal Core Voltage      ; 1.20 V ;
; Low Junction Temperature  ; -40 °C ;
; High Junction Temperature ; 100 °C ;
+---------------------------+--------+


+-----------------+
; Fitter Messages ;
+-----------------+
Info (16303): Aggressive Power optimization mode selected -- dynamic power will be prioritized at the potential cost of reduced timing performance and increased compilation time
Warning (18236): Number of processors has not been specified which may cause overloading on shared machines.  Set the global assignment NUM_PARALLEL_PROCESSORS in your QSF to an appropriate value for best performance.
Info (20032): Parallel compilation is enabled and will use up to 8 processors
Info (119006): Selected device 10M08SAE144I7G for design "cnn_vibration_monior_10M08"
Info (21077): Low junction temperature is -40 degrees C
Info (21077): High junction temperature is 100 degrees C
Info (15535): Implemented PLL "adc:u0|adc_altpll_0:altpll_0|adc_altpll_0_altpll_6b92:sd1|pll7" as MAX 10 PLL type File: E:/UoB/VibeAI/1dcnn/quartus/cnn_vibration_monitor_example_design_10M08/db/ip/adc/submodules/adc_altpll_0.v Line: 151
    Info (15099): Implementing clock multiplication of 1, clock division of 5, and phase shift of 0 degrees (0 ps) for adc:u0|adc_altpll_0:altpll_0|adc_altpll_0_altpll_6b92:sd1|wire_pll7_clk[0] port File: E:/UoB/VibeAI/1dcnn/quartus/cnn_vibration_monitor_example_design_10M08/db/ip/adc/submodules/adc_altpll_0.v Line: 151
    Info (15099): Implementing clock multiplication of 2, clock division of 1, and phase shift of 0 degrees (0 ps) for adc:u0|adc_altpll_0:altpll_0|adc_altpll_0_altpll_6b92:sd1|wire_pll7_clk[1] port File: E:/UoB/VibeAI/1dcnn/quartus/cnn_vibration_monitor_example_design_10M08/db/ip/adc/submodules/adc_altpll_0.v Line: 151
Warning (18550): Found RAM instances implemented as ROM because the write logic is disabled. One instance is listed below as an example.
    Info (119043): Atom "m08_cnn1d:cnn1d|nrn_layer:fc_2|sp_ram_clken:nrn_ram|altsyncram:altsyncram_component|altsyncram_p3l1:auto_generated|ram_block1a0" is instantiated as RAM, but it is actually implemented as ROM function because the write logic is always disabled
Info (171003): Fitter is performing an Auto Fit compilation, which may decrease Fitter effort to reduce compilation time
Warning (292013): Feature LogicLock is only available with a valid subscription license. You can purchase a software subscription to gain full access to this feature.
Critical Warning (16562): Review the Power Analyzer report file (<design>.pow.rpt) to ensure your design is within the maximum power utilization limit of the single power-supply target device and to avoid functional failures.
Info (176444): Device migration not selected. If you intend to use device migration later, you may need to change the pin assignments as they may be incompatible with other devices
    Info (176445): Device 10M08SAE144A7G is compatible
    Info (176445): Device 10M08SAE144I7P is compatible
    Info (176445): Device 10M04SAE144A7G is compatible
    Info (176445): Device 10M04SAE144I7G is compatible
    Info (176445): Device 10M16SAE144A7G is compatible
    Info (176445): Device 10M16SAE144I7G is compatible
    Info (176445): Device 10M25SAE144A7G is compatible
    Info (176445): Device 10M25SAE144I7G is compatible
Info (169124): Fitter converted 8 user pins into dedicated programming pins
    Info (169125): Pin ~ALTERA_TMS~ is reserved at location 16
    Info (169125): Pin ~ALTERA_TCK~ is reserved at location 18
    Info (169125): Pin ~ALTERA_TDI~ is reserved at location 19
    Info (169125): Pin ~ALTERA_TDO~ is reserved at location 20
    Info (169125): Pin ~ALTERA_CONFIG_SEL~ is reserved at location 126
    Info (169125): Pin ~ALTERA_nCONFIG~ is reserved at location 129
    Info (169125): Pin ~ALTERA_nSTATUS~ is reserved at location 136
    Info (169125): Pin ~ALTERA_CONF_DONE~ is reserved at location 138
Info (169141): DATA[0] dual-purpose pin not reserved
Info (12825): Data[1]/ASDO dual-purpose pin not reserved
Info (12825): nCSO dual-purpose pin not reserved
Info (12825): DCLK dual-purpose pin not reserved
Info (169124): Fitter converted 8 user pins into dedicated programming pins
    Info (169125): Pin ~ALTERA_ADC1IN1~ is reserved at location 6
    Info (169125): Pin ~ALTERA_ADC1IN2~ is reserved at location 7
    Info (169125): Pin ~ALTERA_ADC1IN3~ is reserved at location 8
    Info (169125): Pin ~ALTERA_ADC1IN4~ is reserved at location 10
    Info (169125): Pin ~ALTERA_ADC1IN5~ is reserved at location 11
    Info (169125): Pin ~ALTERA_ADC1IN6~ is reserved at location 12
    Info (169125): Pin ~ALTERA_ADC1IN7~ is reserved at location 13
    Info (169125): Pin ~ALTERA_ADC1IN8~ is reserved at location 14
Warning (15714): Some pins have incomplete I/O assignments. Refer to the I/O Assignment Warnings report for details
Info (176045): Design uses memory blocks. Violating setup or hold times of memory block address registers for either read or write operations could cause memory contents to be corrupted. Make sure that all memory block address registers meet the setup and hold time requirements.
Info (332164): Evaluating HDL-embedded SDC commands
    Info (332165): Entity altera_std_synchronizer
        Info (332166): set_false_path -to [get_keepers {*altera_std_synchronizer:*|din_s1}]
Info (332104): Reading SDC File: 'cnn_vibration_monior_10M08.sdc'
Info (332151): Clock uncertainty is not calculated until you update the timing netlist.
Warning (332174): Ignored filter at cnn_vibration_monior_10M08.sdc(3): led could not be matched with a port File: E:/UoB/VibeAI/1dcnn/quartus/cnn_vibration_monitor_example_design_10M08/cnn_vibration_monior_10M08.sdc Line: 3
Warning (332049): Ignored set_false_path at cnn_vibration_monior_10M08.sdc(3): Argument <to> is an empty collection File: E:/UoB/VibeAI/1dcnn/quartus/cnn_vibration_monitor_example_design_10M08/cnn_vibration_monior_10M08.sdc Line: 3
    Info (332050): set_false_path -from {m10_cnn1d:cnn1d|cnn_condition} -to [get_ports {led}] File: E:/UoB/VibeAI/1dcnn/quartus/cnn_vibration_monitor_example_design_10M08/cnn_vibration_monior_10M08.sdc Line: 3
Info (332110): Deriving PLL clocks
    Info (332110): create_generated_clock -source {u0|altpll_0|sd1|pll7|inclk[0]} -divide_by 5 -duty_cycle 50.00 -name {u0|altpll_0|sd1|pll7|clk[0]} {u0|altpll_0|sd1|pll7|clk[0]}
    Info (332110): create_generated_clock -source {u0|altpll_0|sd1|pll7|inclk[0]} -multiply_by 2 -duty_cycle 50.00 -name {u0|altpll_0|sd1|pll7|clk[1]} {u0|altpll_0|sd1|pll7|clk[1]}
Info (332104): Reading SDC File: 'e:/uob/vibeai/1dcnn/quartus/cnn_vibration_monitor_example_design_10m08/db/ip/adc/submodules/altera_modular_adc_control.sdc'
Info (332104): Reading SDC File: 'e:/uob/vibeai/1dcnn/quartus/cnn_vibration_monitor_example_design_10m08/db/ip/adc/submodules/altera_reset_controller.sdc'
Info (332097): The following timing edges are non-unate.  The Timing Analyzer will assume pos-unate behavior for these edges in the clock network.
    Info (332098): From: u0|modular_adc_0|control_internal|adc_inst|adcblock_instance|primitive_instance|clkin_from_pll_c0  to: adc:u0|adc_modular_adc_0:modular_adc_0|altera_modular_adc_control:control_internal|fiftyfivenm_adcblock_top_wrapper:adc_inst|fiftyfivenm_adcblock_primitive_wrapper:adcblock_instance|eoc
Info (332154): The derive_clock_uncertainty command did not apply clock uncertainty to any clock-to-clock transfers.
Info (332129): Detected timing requirements -- optimizing circuit to achieve only the specified requirements
Info (332111): Found 3 clocks
    Info (332111):   Period   Clock Name
    Info (332111): ======== ============
    Info (332111):   20.000        clk50
    Info (332111):  100.000 u0|altpll_0|sd1|pll7|clk[0]
    Info (332111):   10.000 u0|altpll_0|sd1|pll7|clk[1]
Info (176353): Automatically promoted node adc:u0|adc_altpll_0:altpll_0|adc_altpll_0_altpll_6b92:sd1|wire_pll7_clk[1] (placed in counter C1 of PLL_1) File: E:/UoB/VibeAI/1dcnn/quartus/cnn_vibration_monitor_example_design_10M08/db/ip/adc/submodules/adc_altpll_0.v Line: 193
    Info (176355): Automatically promoted destinations to use location or clock signal Global Clock CLKCTRL_G4
Info (176233): Starting register packing
Info (176235): Finished register packing
    Extra Info (176219): No registers were packed into other blocks
Info (223000): Starting Vectorless Power Activity Estimation
Info (223001): Completed Vectorless Power Activity Estimation
Warning (15058): PLL "adc:u0|adc_altpll_0:altpll_0|adc_altpll_0_altpll_6b92:sd1|pll7" is in normal or source synchronous mode with output clock "compensate_clock" set to clk[0] that is not fully compensated because it feeds an output pin -- only PLLs in zero delay buffer mode can fully compensate output pins File: E:/UoB/VibeAI/1dcnn/quartus/cnn_vibration_monitor_example_design_10M08/db/ip/adc/submodules/adc_altpll_0.v Line: 151
Warning (15064): PLL "adc:u0|adc_altpll_0:altpll_0|adc_altpll_0_altpll_6b92:sd1|pll7" output port clk[1] feeds output pin "arduino_io[0]~output" via non-dedicated routing -- jitter performance depends on switching rate of other design elements. Use PLL dedicated clock outputs to ensure jitter performance File: E:/UoB/VibeAI/1dcnn/quartus/cnn_vibration_monitor_example_design_10M08/db/ip/adc/submodules/adc_altpll_0.v Line: 151
Info (171121): Fitter preparation operations ending: elapsed time is 00:00:04
Info (14896): Fitter has disabled Advanced Physical Optimization because it is not supported for the current family.
Info (170189): Fitter placement preparation operations beginning
Info (223000): Starting Vectorless Power Activity Estimation
Info (223001): Completed Vectorless Power Activity Estimation
Error (170011): Design contains 25302 blocks of type register node.  However, the device contains only 8064 blocks.
Info (170190): Fitter placement preparation operations ending: elapsed time is 00:00:01
Info (11888): Total time spent on timing analysis during the Fitter is 0.10 seconds.
Error (171000): Can't fit design in device
Critical Warning (16248): Pin led[2] is placed too close with ADC pins. I/O pins place too near to ADC pins will cause performance degradation on ADC sampling. Please reassign the pin assignment further away from ADC pins and re-run the compilation again. File: E:/UoB/VibeAI/1dcnn/quartus/cnn_vibration_monitor_example_design_10M08/cnn_vibration_monitor_10M08.sv Line: 53
Critical Warning (16248): Pin led[1] is placed too close with ADC pins. I/O pins place too near to ADC pins will cause performance degradation on ADC sampling. Please reassign the pin assignment further away from ADC pins and re-run the compilation again. File: E:/UoB/VibeAI/1dcnn/quartus/cnn_vibration_monitor_example_design_10M08/cnn_vibration_monitor_10M08.sv Line: 98
Critical Warning (16248): Pin led[0] is placed too close with ADC pins. I/O pins place too near to ADC pins will cause performance degradation on ADC sampling. Please reassign the pin assignment further away from ADC pins and re-run the compilation again. File: E:/UoB/VibeAI/1dcnn/quartus/cnn_vibration_monitor_example_design_10M08/cnn_vibration_monitor_10M08.sv Line: 98
Info (144001): Generated suppressed messages file E:/UoB/VibeAI/1dcnn/quartus/cnn_vibration_monitor_example_design_10M08/output_files/cnn_vibration_monior_10M08.fit.smsg
Error: Quartus Prime Fitter was unsuccessful. 2 errors, 12 warnings
    Error: Peak virtual memory: 5779 megabytes
    Error: Processing ended: Tue Jul 22 23:34:35 2025
    Error: Elapsed time: 00:00:15
    Error: Total CPU time (on all processors): 00:00:14


+----------------------------+
; Fitter Suppressed Messages ;
+----------------------------+
The suppressed messages can be found in E:/UoB/VibeAI/1dcnn/quartus/cnn_vibration_monitor_example_design_10M08/output_files/cnn_vibration_monior_10M08.fit.smsg.


